职位,城市,公司,学历,经验,技能,薪资,工作描述,行业,职位URL,公司规模,发布时间
资深BI开发工程师,北京,中财信忠(临沂)人力资源服务有限责任公司,本科,经验不限,,3-6万,工作职责1 负责BI团队建设与管理，完成全业务链路数据需求以及进行数据体系化建设，充分挖掘业务中的数据价值 2 借助阿里云DataWorks等数据工具，输出各类业务分析和数据看板，进行数仓建设，数据治理，用户画像开发等 3 与产品/运营团队协作，支持精细化运营与个性化分析需求，提供数据驱动的方案，助力业务增长 4 深入理解业务，在复杂数据中主动识别业务改进的机会，并形成可执行的洞察和建议，以解决关...,人力资源服务,http://jobs.zhaopin.com/CCL1500801770J40816632301.htm,20-99人,2025-12-25 07:47:10
高级数据治理（央企福利好）,北京,中煤信息,本科,经验不限,数据治理,3-6万,央企福利好，五险一金足额缴纳岗位职责：1、规范与标准完善优化：结合数据治理专业咨询方法，从业务适配与合规落地角度，针对集团已有数据治理制度、管理细则进行完善优化，同步制定国标/行标适配方案，将国家合规要求、行业标准拆解转化为企业可执行的具体条款，保障数据治理工作合法合规、动态适配；2、项目方案与成果材料输出：结合国企数据治理项目（如数据资产梳理、质量提升）需求，设计咨询式实施方案（明确路径、风险防...,IT服务,http://jobs.zhaopin.com/CC375053430J40846910313.htm,100-299人,2025-12-03 14:57:42
XC数据集成工程师,北京,中电信数智科技有限公司,本科,5-10年,数据治理,面议,工作职责：1.治理平台设计与开发：主导数据治理平台（数据目录、数据血缘、数据质量、主数据管理等）的技术选型、架构设计和核心功能开发；负责或主导数据治理相关工具与组件的二次开发、集成与API接口设计。2.数据资产管理：负责元数据、主数据、数据标准的管理与落地，建立和维护企业数据资产目录。3.数据质量监控：建立数据质量监控、评估与提升体系，制定数据安全、隐私保护及分类分级策略，确保合规。4.数据标准与...,IT服务,http://jobs.zhaopin.com/CC000520810J40900234108.htm,10000人以上,2025-11-14 09:41:32
高级大数据开发工程师,北京,北京沃东天骏信息技术有限公司,本科,经验不限,"数据挖掘,Python,Sql,Spark,Flink",3-6万·20薪,llm、nlp、搜推、java、大数据都要，打招呼就是符合要求！岗位职责:1.与数据分析师和数据科学家合作，提供支持并优化数据分析环境。2.监控和优化大数据处理的性能，解决潜在的技术问题。3.负责大数据相关技术的调研和新技术的引入，提升团队的技术水平。任职要求:1.计算机科学、软件工程或相关专业本科及以上学历。2.熟悉Hadoop生态系统，包括但不限于HDFS、MapReduce、Hive、HBa...,电子商务,http://jobs.zhaopin.com/CC699180530J40762716412.htm,10000人以上,2025-04-14 20:01:10
搜索排序算法,北京,去哪儿网（Qunar.com）,本科,3-5年,"SQL,搜索引擎技术,广告算法,TensorFlow,PyTorch,Spark,Hadoop,机器学习,推荐算法",5-5.5万·16薪,职位描述1、 本科及以上学历，3年以上推荐/搜索/广告任一领域的研发经验2、 参与业务分析、特征构建、模型建立、算法实现等过程，实现算法效果逐步迭代并跟进业务效果3、 负责机器学习、深度学习等前沿问题的探索和研究，分析和解构实际应用场景，提供全面的技术解决方案4、 负责旅游业务场景搜索/推荐排序端到端迭代优化，优化用户搜推体验，提升点击率、转化率等核心指标；5、 具备独立负责项目的能力，能够主导制...,互联网,http://jobs.zhaopin.com/CC143301290J40833950405.htm,10000人以上,2026-01-10 01:14:56
数据架构师,北京,远光软件股份有限公司北京分公司,本科,10年以上,"数据治理,数据建模,数据治理与标准化,大数据引擎架构,企业级数据架构",4-5.5万·13薪,岗位职责：全面负责企业级数据架构的规划、设计、落地与优化，搭建高效、可靠的数据资产体系，支撑业务数字化转型与数据驱动决策。具体职责如下：1.战略规划与架构设计：结合企业业务战略，制定中长期数据架构蓝图，涵盖数据模型、存储、集成、计算与应用全链路，适配数据仓库、数据湖、湖仓一体等核心场景；主导概念/逻辑/物理数据建模，选用星型/雪花模型、Data Vault等适配方法，保障数据一致性与可扩展性，支撑...,计算机软件,http://jobs.zhaopin.com/CC000155390J40817936411.htm,1000-9999人,2025-12-30 10:07:45
数据治理专家,北京,国家电投集团数字科技有限公司,硕士,10年以上,"数据治理,数据建模",3-5万,岗位职责：1.负责大数据平台的规划、分析、设计工作，把控整体技术架构，进行相关技术方案文档的撰写；2.负责大数据平台的设计方案、部署、开发、维护工作；3.与BI分析人员协作，理解并挖掘用户需求，进行数据建模；完成面向业务目标的数据分析模型定义和解决方案编写工作；4.负责数据平台类产品的规划和设计， 能够根据业务场景，固化抽象成数据产品并跟进实现。5.负责电力行业各业务数据的收集整理分析，对数据进行...,互联网,http://jobs.zhaopin.com/CCL1318355140J40833829603.htm,500-999人,2026-01-11 01:05:11
大数据技术专家（资深/专家级）,北京,信创空间(北京)科技有限公司,大专,10年以上,"数据仓库,数据治理",3-5万,岗位职责1. 团队管理与培育：负责大数据技术团队的日常管理与技术指导，制定团队能力提升计划，优化工作流程，确保团队高效运作，持续提升团队整体技术水平。2. 架构设计与系统运维：主导基于Hadoop、MPP等主流数仓及大数据平台的数据相关系统架构设计、开发与维护工作，保障系统稳定运行，为上层应用提供可靠的数据支撑。3. 需求对接与方案制定：深入对接甲方客户需求，精准理解并分析业务痛点，结合技术栈制定...,计算机软件,http://jobs.zhaopin.com/CC486983380J40821196707.htm,20-99人,2026-01-06 16:41:58
资深BI开发工程师（某上市出行公司）,北京,菁沐人力资源服务(沧州)有限公司,本科,5-10年,"SQL,报表开发,数据治理,数据可视化,数据仓库,Tableau,Power BI,DATAWORKS",3-5万·14薪,猎头for某上市出行公司工作职责1 负责BI团队建设与管理，完成全业务链路数据需求以及进行数据体系化建设，充分挖掘业务中的数据价值2 借助阿里云DataWorks等数据工具，输出各类业务分析和数据看板，进行数仓建设，数据治理，用户画像开发等3 与产品/运营团队协作，支持精细化运营与个性化分析需求，提供数据驱动的方案，助力业务增长4 深入理解业务，在复杂数据中主动识别业务改进的机会，并形成可执行的洞...,人力资源服务,http://jobs.zhaopin.com/CCL1483621100J40836199805.htm,300-499人,2025-12-31 11:22:47
数据架构师（数据治理方向）,北京,云梦泽(北京)电子商务有限公司,本科,5-10年,,面议,核心职责1.企业级数据架构规划：负责公司级数据架构的顶层设计与演进规划，制定并维护数据架构的发展路线图、技术标准和治理流程。构建和维护企业级数据模型（包括主题域、概念模型和逻辑模型），确保数据定义的一致性，并为关键业务系统提供数据模型设计指导与评审。2.数据资产管理与治理：设计和实施元数据管理体系，建立数据血缘、数据目录与数据字典，提升数据的可发现性、可理解性与可信度。制定数据分布与管理策略，明确...,电子商务,http://jobs.zhaopin.com/CCL1478504940J40908645408.htm,100-299人,2025-12-26 15:45:04
数据治理专家,北京,远光软件股份有限公司北京分公司,本科,10年以上,"数据治理,项目交付,数据建模",4-5万·14薪,岗位职责：1、数据治理体系与方案设计结合国家/行业数据法规、会计准则及客户战略，设计适用于企业财务领域的数据治理整体框架，包括组织职责、制度流程、技术工具、考核体系及数据运营体系等；主导制定财务及涉财核心数据（如会计科目、客户、供应商、组织、产品、项目等主数据及凭证明细、科目汇总表、财务报表报告等财务核心数据）的统一标准、规范、模型与管控策略；针对客户在财务数据质量、安全、生命周期管理等方面的痛点...,计算机软件,http://jobs.zhaopin.com/CC000155390J40817062511.htm,1000-9999人,2025-12-25 15:01:56
大模型技术专家（北京/上海/潍坊/青岛）,北京,歌尔股份,本科,5-10年,"大模型,深度学习",3-5万,岗位职责：1. 负责制定大语言模型方向的技术战略与演进路线，持续带领团队在算法创新、系统部署、智能体架构等关键方向取得突破；2. 全面统筹垂域大语言模型的研发、评估与部署生命周期，推动算法与系统能力的标准化、模块化和可复用建设；3. 牵头在研发、制造、品质、供应链、财经、人力及办公智能等核心领域构建智能体系统，重构关键业务流程，推动大语言模型的深度融合与落地应用；4. 主导复杂业务问题的抽象建模，...,电子/半导体/集成电路,http://jobs.zhaopin.com/CC132726540J40737012406.htm,10000人以上,2025-12-01 13:46:35
大数据平台开发 (MJ000655),北京,卓望信息技术(北京)有限公司,本科,经验不限,大数据平台,2.5-5万·13薪,岗位职责：1、负责大数据集群相关组件深入研究，跟进社区发展，能对源码进行优化；2、负责CDN大数据系统的规划、设计及研发，沉淀可复用组件能力；3、负责大数据组件、数据应用等问题的定位及解决；4、指导和培养团队成员，协助提升团队大数据研发水平。岗位要求：1、大学本科及以上学历，五年及以上工作经验，计算机及计算机相关专业;；2、熟悉linux，熟练使用java语言编程，具有良好的编程习惯；3、熟练掌握...,互联网,http://jobs.zhaopin.com/CC120834160J40858246802.htm,1000-9999人,2025-11-26 14:07:30
商务智能 (人工智能/数据工程师) ID196308,北京,梅赛德斯一奔驰(中国)投资有限公司,本科,5-10年,数据,面议,"Business Intelligence (AI / Data Engineer) 商务智能 (人工智能/数据工程师)Objective of job Build comprehensive datasets and maintain relevant pipelines that enable advanced analytics, dashboards, and reporting for ...",汽车研发/制造,http://jobs.zhaopin.com/CC000614620J40729475406.htm,1000-9999人,2025-11-25 15:39:28
高级数据开发工程师,北京,德仪云贸易(上海)有限公司,本科,5-10年,"数据治理,数据架构,数据仓库",3-5万,[岗位职责]1、主导公司数据平台的搭建，核心负责企业级数据仓库的建设，包括数据分层、数据清洗、数据库和表结构的设计和数据分析，以及数据开发的落地实施;2、建立数据质量管理体系，开发分析型系统的数据报表，完成从数据建模到数据计算的开发工作3、数据资产化的落地，构建数据服务的API设计和开发，支持业务系统的数据对接和调用;4、研发管理与项目交付:统筹数据项目的研发工作，确保项目按时交付、高质量上线;5...,新零售,http://jobs.zhaopin.com/CCL1371251830J40847910203.htm,100-299人,2025-10-17 15:40:06
数据中心架构师,北京,秦淮数据,硕士,10年以上,数据中心架构师,4-5万·15薪,工作职责：1、 制定数据中心中长期技术路线规划，融合高密度算力、液冷集群、智算等前沿技术，支撑业务算力需求2、 分析客户需求，组织协调内外部资源，为客户提供定制化、全栈式数据中心解决方案和专业技术指导；3、 识别与控制项目风险，协调内外部资源，解决项目遇到的问题，按时保质完成项目交付，为客户提供优质高效的服务；任职资格：1、 电气、暖通及机电工程等专业硕士以上学历，有数据中心行业解决方案背景优先；...,IT服务,http://jobs.zhaopin.com/CC304585680J40797502609.htm,1000-9999人,2025-10-17 09:12:38
数据架构师(J10628),北京,卓望信息技术(北京)有限公司,本科,3-5年,"数据治理,数据仓库,DAMA及DCMM,数据目录管理,数据管控体系规划,HADOOP生态相关技术",3-5万,岗位职责:1.数据治理框架设计：负责ERP领域数据治理框架的规划和设计，包含数据架构管理、元数据管理、数据质量管理等领域的规划与设计，洞察并引入业界标准数据管理理论体系。2.制度建设与流程优化：负责ERP领域数据治理制度、规范、流程的设计，制定数据治理相关管理办法、管理流程、数据元标准等。3.平台建设与实施：负责ERP领域数据治理平台的设计和建设，推动数据治理和数仓模型体系的落地工作4.数据质量管...,互联网,http://jobs.zhaopin.com/CC120834160J40802985702.htm,1000-9999人,2025-10-14 17:46:58
高级大数据应用开发专家,北京,中创智维科技,本科,5-10年,"大数据开发,数据治理,数据建模",3-5万,岗位职责1、负责企业级大数据平台架构设计、开发及性能优化，支撑日均PB级数据处理2、主导实时计算（Slip Streaming/Flash Sync/Flink/Spark Streaming）与批处理系统的深度融合开发3、构建基于TDC/TDH/Hadoop/ClickHouse等组件的行业解决方案，覆盖数据采集、清洗、存储到分析全链路4、攻克高并发场景下的数据一致性、系统稳定性等技术难题5、指...,人工智能,http://jobs.zhaopin.com/CC272222130J40795946214.htm,100-299人,2025-08-27 10:59:29
数据开发工程师,北京,去哪儿网（Qunar.com）,本科,5-10年,"Sql,Java,Python,Spark,Kafka",3-5万·16薪,【工作职责】1、参与业务模块、度假数据中台的开发及优化工作；2、参与数据模型体系构建以及数据主题设计与开发，搭建实时以及离线的数据层；3、完成数据的ETL开发、优化及相关技术的解决；4、参与数据产品与应用的数据研发，支持决策分析人员。5、参与数据相关业务模块的开发【职位要求】1. 扎实的统计学、数据挖掘、机器学习理论基础；2. 具有丰富的数据开发/建模实践经验，5年以上相关工作经验；3. 扎实的编...,互联网,http://jobs.zhaopin.com/CC143301290J40801854605.htm,10000人以上,2025-08-11 16:16:04
数字化平台建设岗,北京,深空探测实验室(天都实验室),硕士,经验不限,,2.5-5万,岗位职责:1.平台设计与开发: 负责深空探测领域数字化平台全生命周期建设，包括规划、设计、开发、集成与运维，支撑深空探测任务的智能决策、数据管理和仿真验证；2技术协调：负责与工程各系统承研单位及有关厂商对接，确保平台功能与任务需求深度匹配，推动航天领域工业软件与自研平台集成优化；3.技术预研与创新: 跟踪深空探测领域数字化前沿技术发展，牵头申报国家级/省部级能力建设、科研课题等，组织团队开展技术攻...,船舶/航空/航天/火车制造,http://jobs.zhaopin.com/CCL1404083170J40797826403.htm,500-999人,2025-06-16 19:20:10
数据挖掘工程师,北京,北京沃东天骏信息技术有限公司,本科,3-5年,"机器学习,深度学习,回归算法,Java,Python,聚类算法,Hadoop,Flink,Spark,Kafka,MapReduce",2.5-5万·20薪,部门直招，请直接发我简历！！！llm、nlp、搜推、java、大数据都要，因为boss算法原因所以可能沟通岗位不匹配，打招呼就是符合要求！任职资格：1.3年以上工作经验，有数学、统计学、数据挖掘、机器学习、计算机等相关专业背景；2.良好的逻辑思维能力，问题分析和解决能力，对挑战性问题充满激情；3.熟悉Python、Java任意一种语言，较强的算法和数据结构功底，熟悉大规模数据挖掘、机器学习等相关技...,电子商务,http://jobs.zhaopin.com/CC699180530J40762717112.htm,10000人以上,2025-04-14 20:00:12
资深BI开发负责人,北京,中财信忠(北京)科技有限公司,本科,5-10年,"数据可视化,数据分析,SQL,报表开发,Power BI,Tableau,FineBI",3-4.5万,工作职责1 负责BI团队建设与管理，完成全业务链路数据需求以及进行数据体系化建设，充分挖掘业务中的数据价值 2 借助阿里云DataWorks等数据工具，输出各类业务分析和数据看板，进行数仓建设，数据治理，用户画像开发等 3 与产品/运营团队协作，支持精细化运营与个性化分析需求，提供数据驱动的方案，助力业务增长 4 深入理解业务，在复杂数据中主动识别业务改进的机会，并形成可执行的洞察和建议，以解决关...,科学技术推广,http://jobs.zhaopin.com/CC424188630J40863694512.htm,1000-9999人,2026-01-09 17:51:49
资深BI开发工程师,北京,中财信忠(临沂)人力资源服务有限责任公司,本科,3-5年,"数据挖掘,数据采集,报表开发,数据可视化,数据仓库,数据治理",3.5-4.5万,工作职责1 负责BI团队建设与管理，完成全业务链路数据需求以及进行数据体系化建设，充分挖掘业务中的数据价值2 借助阿里云DataWorks等数据工具，输出各类业务分析和数据看板，进行数仓建设，数据治理，用户画像开发等3 与产品/运营团队协作，支持精细化运营与个性化分析需求，提供数据驱动的方案，助力业务增长4 深入理解业务，在复杂数据中主动识别业务改进的机会，并形成可执行的洞察和建议，以解决关键业务...,人力资源服务,http://jobs.zhaopin.com/CCL1500801770J40816781001.htm,20-99人,2025-12-25 15:02:57
大数据技术架构师,北京,北京集成中服技术服务有限公司,本科,5-10年,,3-4.5万,岗位职责 1.负责大数据技术趋势追踪，掌握当前大数据热门技术和适用场景，提升团队在大数据技术上的竞争力。 2.负责大数据相关的自研产品、专业公司产品和外部产品技术方案的整合，深入了解产品的技术特点，并标准化产品技术方案。 3.负责售前阶段大数据技术方案设计，和售前团队协同共同完成方案整合，和客户进行深入的技术沟通，参与投标文件技术方案的编写，负责POC阶段的技术把控。 4.负责项目实施阶段技术架构...,IT服务,http://jobs.zhaopin.com/CCL1374239830J40855867815.htm,1000-9999人,2025-06-19 15:37:43
高级数据开发工程师 (MJ014691),北京,北京五八信息技术有限公司,本科,3-5年,数据中台开发,2-4万·15薪,"工作职责岗位职责：负责数据接入、数据清洗、数据转换，参与金融数仓搭建和数据报表开发；参与风控特征开发和数据挖掘工作，支撑金融风控和营销应用，保障数据质量；关注大数据类技术方向，进行持续跟踪和学习，以及技术攻关工作；任职资格任职要求：1年以上大数据相关工作经验，计算机相关专业本科以上学历；熟悉Hadoop大数据平台架构，熟练掌握Hive, Map/Reduce 或spark大数据处理工具；熟悉str...",互联网,http://jobs.zhaopin.com/CC330611210J40861229703.htm,10000人以上,2026-01-11 00:30:02
高级数据仓库开发工程师,北京,众惠财产相互保险社,本科,5-10年,数仓开发,3-4万,"岗位职责：1、数据建模与仓库设计,主导数据仓库架构设计,构建ODS/DWD/DWS/ADS分层模型,根据业务需求设计并组织实现数据主题模型;2、需求分析与业务对接,参与用户需求调研,梳理业务逻辑并转化为数据开发方案，对提出的方案进行接口开发实现、运维部署等工作;3、负责公司大数据平台的维护工作以及数据集成工作;4、负责日常日志监控,熟悉使用ELK,进行日志采集和仪表盘展示5、完成领导交办的其他工作...",保险,http://jobs.zhaopin.com/CC436968930J40910219108.htm,100-299人,2026-01-06 14:35:28
人工智能岗,北京,某国有银行,本科,5-10年,,3-4万,"1.有大数据平台系统设计经验，负责过海量数据平台上高可用、高性能分布式系统的架构设计；2.精通Python、Java、SCALA、R等其中一种或多种语言，对大数据基础架构和平台底层原理有深度理解并具备相关开发经验，对复杂系统的性能优化和稳定性提升有一线实战经验，具备相关产品(Hadoop、Hive、HBase、Kafka、MapReduce,Spark、Kylin、lmpala、Kudu、Flin...",互联网,http://jobs.zhaopin.com/CCL1318355140J40636808303.htm,500-999人,2026-01-06 01:04:33
数据管理工程师,北京,中国空间技术研究院,博士,5-10年,"数据治理,数据库开发,大数据开发",面议,【主要岗位职责如下】1.负责工程数字化领域数据的标准化管理，制定数据分类、编码规则及存储规范，确保数据一致性与可追溯性；2.建设并维护工程数据管理系统（如PLM、PDM等），基于BOM整合相关数据资源，优化业务流程；3.参与数据治理体系建设，建立工程领域数据资产，支持企业数字化转型与智能化决策。【岗位任职资格要求】1.具有8年及以上航天领域工程数据治理应用或同类岗位工作经验，国内重点院系专业毕业；...,学术/科研,http://jobs.zhaopin.com/CC000622730J40834669214.htm,10000人以上,2026-01-04 15:01:43
高级数据建模架构师,北京,中国中信集团有限公司,硕士,5-10年,"数据治理,数据建模,数据库开发",2-4万·14薪,岗位职责：1、负责集团审计/财务等主题数据集市架构设计，制定分层模型规范与建模标准，确保可扩展、可复用、可审计。2、主导数据建模（概念/逻辑/物理模型），建设主题域模型、公共维度与指标体系，沉淀统一口径的数据资产。3、牵头跨源数据整合（ERP/资金/发票/合同/投后等），设计数据加工链路与口径映射，保障模型一致性与可追溯。4、面向监督、审计分析与管理会计等场景，设计可直接服务BI/分析的宽表、汇总...,房地产开发,http://jobs.zhaopin.com/CC000287950J40913666715.htm,10000人以上,2025-12-31 14:11:27
数据科学家,北京,北京同仁堂健康药业股份有限公司,硕士,5-10年,"深度学习,机器学习,Python,MySQL,Hadoop,Heritrix,SPSS",3-4万,职位描述：利用统计学和机器学习技术，从海量数据中挖掘洞察，并构建可落地的预测模型和算法，直接为公司的核心业务赋能。主要职责：1. 深入理解业务，将复杂的业务问题转化为可量化的数据科学问题。2. 进行探索性数据分析和特征工程，为模型训练做好准备。3. 研究、设计和实现机器学习/深度学习模型，以解决分类、回归、聚类、NLP等问题。4. 设计和运行模型评估实验，持续迭代和优化模型性能。5. 与AI工程师...,医药制造,http://jobs.zhaopin.com/CC120885640J40826187805.htm,1000-9999人,2025-12-12 15:30:15
数据智能研发,北京,启元实验室,硕士,经验不限,"数据中台开发,Java,Python,C++,Hadoop,Spark,向量检索算法,MILVUS,RocksDB",2-4万·15薪,岗位职责：1. 开展基于团队自研的数据系统的研发（图数据库、向量数据库等），参与公司自研的向量数据库核心模块的设计、开发与性能优化，重点涵盖查询执行器、索引管理、实现高性能向量检索算法（HNSW、IVF-PQ、ScaNN、DiskANN 等）等。2. 探索向量数据库与传统关系型数据库、图数据库融合的多模态数据库架构，设计下一代多模态数据库架构。3. 开展大语言模型的应用设计与开发，包括 RAG、A...,人工智能,http://jobs.zhaopin.com/CCL1311152580J40780287916.htm,300-499人,2025-12-11 14:03:05
高级数据治理专家,北京,中国中信集团有限公司,硕士,10年以上,"数据治理,数据仓库",2-4万·14薪,岗位职责：1、牵头制定并落地集团数据治理规划与年度路线图，围绕财务、风控等重点域建立“标准—流程—制度—考核”闭环。2、建设与迭代数据标准体系（主数据、元数据、指标口径、数据模型、数据质量、共享规范等），推动总部及子公司贯标执行。3、组织关键数据资产盘点与分级分类管理，推进数据质量问题定位、整改与持续监控，保障管理分析口径一致、数据可用。4、协同财务、大监督等业务部门推进相关数据治理工作，打通跨系...,房地产开发,http://jobs.zhaopin.com/CC000287950J40913666215.htm,10000人以上,2025-12-31 14:10:15
数字化建设与应用岗（嫦娥公司）,北京,深空探测实验室(天都实验室),硕士,3-5年,"理论方法,课题研究",2-4万,一、岗位职责负责深空探测领域基于模型的系统工程理论方法、标准体系研究和基础库、平台建设及应用推广； 负责开展深空探测任务级需求模型，系统模型和产品模型的构建与仿真验证，及其相关课题研究； 负责MBSE、大数据、人工智能、数字孪生等前沿技术的跟踪调研与前瞻性探索研究； 负责基础环境、软件系统、硬件设备、网络链路等基础设施的日常运维，对外提供技术服务。 二、任职要求 统招硕士研究生及以上学历，计算机科...,船舶/航空/航天/火车制造,http://jobs.zhaopin.com/CCL1404083170J40845828203.htm,500-999人,2025-12-10 09:02:21
Software Engineer (Data & AI) ID196315,北京,梅赛德斯一奔驰(中国)投资有限公司,本科,5-10年,软件工程师,面议,"Objective of jobContribute to the future of Mercedes-Benz in China by leading the charge in AI innovation – build innovative solutions, drive rapid prototypes, and scale AI to new heights. As part of ...",汽车研发/制造,http://jobs.zhaopin.com/CC000614620J40729473206.htm,1000-9999人,2025-11-25 15:39:29
数字底座开发岗,北京,中国检验认证集团北京有限公司,硕士,5-10年,"数据建模,数据库开发,数据仓库",2.5-4万,岗位职责:1、负责数智技术实验室数字化基础平台开发工作；2、负责部分业务场景算法详细设计与开发工作；3、带领外协团队进行平台集成与联调联试；4、评估数智化运营的效果，跟踪最新的数智化技术和实践，不断优化改进；5、及时完成上级安排的其他工作。 任职要求:1.硕士研究生学历，有满6年相关工作经验；博士研究生学历，有满4年相关工作经验。2.副高级职称或同等级职业资格满3年；中级职称或同等级职业资格满6年...,检测/认证,http://jobs.zhaopin.com/CC139034710J40809085710.htm,1000-9999人,2025-11-23 00:19:41
高级数据分析师（AI方向）,北京,智联招聘,硕士,5-10年,"机器学习,预测分析,因子分析",2-4万,工作内容1，数据分析建模：对AI驱动的商业化产品的全链路效果进行分析，建立数据分析模型，为AI产品的优化提供数据支撑。2，支持策略设计：深刻理解业务，根据业务需求，基于大数据平台，通过数据分析工具，产出策略相关的分析报告或建议，为策略设计和落地提供支持。3，数据洞察和决策支持：理解数据背后的业务本质，对AI产品落地和拓品过程中遇到的问题和机会点进行洞察和分析，产出专题报告，助力业务决策。岗位要求1...,互联网,http://jobs.zhaopin.com/CC120019970J40838831503.htm,1000-9999人,2025-11-20 20:24:28
Business Intelligence (Data Scientist) 商务智能 (数据科学家) ID196309,北京,梅赛德斯一奔驰(中国)投资有限公司,硕士,5-10年,数据,面议,"Objective of JobLead the design and delivery of advanced analytics solutions to support the captive finance business units’ initiatives, such as sales and marketing steering, pricing and commissions o...",汽车研发/制造,http://jobs.zhaopin.com/CC000614620J40729474706.htm,1000-9999人,2025-11-25 15:39:29
资深数据架构师,北京,航天物联网技术有限公司,硕士,3-5年,"数据中台,数据架构",2-4万·13薪,岗位职责：1. 负责大型项目数据平台/数据中台的方案论证、总体架构设计、技术路线规划与项目管理；2. 主导大型项目数据治理体系建设，包括数据标准、数据质量、元数据、主数据管理等模块；3. 基于华为云/AWS/Azure等云平台，设计并落地现代数据架构解决方案；4. 领导跨空间数据迁移项目，实现从传统数据平台到云上数据平台的平滑过渡；5. 为客户提供数据战略咨询，制定数据治理演进路径与技术实施路线图...,物联网,http://jobs.zhaopin.com/CC575719230J40800747807.htm,300-499人,2025-11-14 17:53:19
数据管理岗(J14555),北京,北控水务(中国)投资有限公司,本科,5-10年,"数据治理,数据建模,数据库开发",3-4万,岗位职责:1、深入参与数据产品建设生命周期，为公司内外提供完善的数据解决方案。2、负责公司数据分析平台、指标体系的建设和维护。3、负责组织数据实体的梳理、建模和实现；负责主数据系统、数据目录的建设和维护。4、与业务部门对接，完成数据、报表和报告的价值闭环。任职要求:1、精通SQL开发与调优，熟悉MySQL、Postgres、Oracle等常用数据库产品；熟悉Doris、ClickHouse等MPP...,环保,http://jobs.zhaopin.com/CC306391710J40806499407.htm,1000-9999人,2025-11-05 09:12:04
大数据架构研发岗（高级工程师、主管工程师）,北京,北京首创生态环保集团股份有限公司,硕士,3-5年,"智慧城市,PMP项目管理认证",2-4万,职责描述：1、负责后台系统服务的技术架构设计，以及原有系统的平滑升级，满足各种灵活高效的业务需求;2、深入理解业务、产品，打造平台化解决方案，完成业务分析、系统方案和技术方案的设计和评估，承担核心模块的代码编写，3、负责系统的开发管理，持续集成，完成code review 的任务，确保代码的有效性和正确性，保证系统的质量;4、持续优化系统在各平台下的兼容性和系统执行效率;5、负责配合测试人员完成系...,环保,http://jobs.zhaopin.com/CC000395620J40272812611.htm,10000人以上,2025-08-08 00:19:41
大数据高级架构师,北京,中资检验认证有限公司,硕士,5-10年,"数据治理,数据建模,数据库开发",2.3-4万,岗位职责：1.负责企业大数据平台的技术选型、架构设计、方案设计，代领团队进行大数据平台的搭建、开发和管理，对大数据服务进行运行监控并根据需要进行性能调优，保证集群高效稳定运行；2.负责大数据平台支撑工具选型和搭建，使平台具备一站式数据血缘管理、元数据管理、数据标准管理、数据质量管理、指标与标签计算、模型可视化构建、计算任务调度、数据共享等功能；3.负责数据平台团队建设，包括团队搭建和人员培养等；负...,云计算/大数据,http://jobs.zhaopin.com/CCL1337269640J40784273005.htm,100-299人,2025-07-01 00:00:01
高级数据库开发工程师,北京,国城控股集团有限公司,本科,5-10年,"Oracle,MySQL,SQL Server",2.5-4万·13薪,"岗位职责：1. 负责集团级企业核心数据库系统（包括但不限于Oracle, MySQL, SQL Server, 云数据库等）的日常运维、监控、备份恢复与性能优化；2、负责数据库用户权限管理、安全审计与漏洞修复，确保数据库符合安全规范与合规要求；3、协助完成重大项目或业务系统的数据库设计评审、上线部署、数据迁移与运维支持；4、建立与维护业务数据分析体系，为业务管理决策与运营提供高质量数据服务。5. ...",矿产/采掘,http://jobs.zhaopin.com/CC632511130J40852936015.htm,1000-9999人,2025-06-11 14:47:26
大数据开发工程师,北京,合享汇智,本科,5-10年,"Spark,数据架构,Hadoop,Python,Java,Scala,Elasticsearch,数据仓库,数据库开发,hive,CLICKHOUSE",1.8-3.5万,岗位职责：1、参与大数据基础平台的规划和架构设计，包括但不限于需求分析、架构设计、技术决策以及详细设计；2、为现有大数据平台提供性能调优、架构优化重组，解决系统中的关键问题和技术难题；3、把握基础业务复杂系统的设计，确保系统的架构质量，编写核心部分代码；4、负责多源异构数据的采集和加工；5、持续挑战新的技术方向，攻克大数据量，高稳定性，易用性等各种技术难点； 6、完成公司交办的其他相关工作。 任职...,IT服务,http://jobs.zhaopin.com/CC437477510J40827350405.htm,20-99人,2026-01-09 00:04:02
首席数据官,北京,中资检验认证有限公司,硕士,5-10年,"数据治理,数据建模,数据库开发",3-4万,负责制定数据战略框架、推动数据治理体系建设、促进数据资产化应用以及保障数据安全合规。 核心职责概述 战略规划：制定数据资源管理的中长期规划，推动数据要素市场化配置，建立数据基础设施与技术体系。 治理与整合： 统筹数据全生命周期管理，打破部门间“数据孤岛”，建立统一的数据标准与共享机制； 构建数据质量管理体系，包括数据采集、清洗、存储及更新流程的规范化。 价值挖掘： 通过数据分析优化运营效率，支持产...,云计算/大数据,http://jobs.zhaopin.com/CCL1337269640J40784098105.htm,100-299人,2025-06-17 09:47:54
高级数据开发工程师,北京,中科软科技股份有限公司,本科,5-10年,"零售/快消,大语言模型,LLM",3-3.5万,核心职责1.机器学习与分析解决方案交付2.设计、构建并部署支持零售业务决策的数据 / 分析模型（如业绩诊断、用户分层、需求预测、增量 / 影响评估、排序 / 推荐等相关场景）。3.主导解决方案的端到端交付：从问题定义、数据需求梳理、模型构建、验证测试、上线部署，到监控运维与迭代优化，全程明确成功指标与落地应用标准。4.持续监控并优化生产环境中模型的性能、可扩展性与可靠性（涵盖数据质量保障、数据漂移...,计算机软件,http://jobs.zhaopin.com/CC120160390J40784454716.htm,1000-9999人,2026-01-07 19:14:18
数据架构师（YBSY-2506）,北京,首都信息发展股份有限公司,本科,5-10年,"数据治理,数据建模,大数据开发",2.5-3.5万,岗位职责：1.负责大型数据分析支撑平台和应用系统架构设计；2.负责部门数据中台和数据应用系统运行维护技术支持；3.负责部门业务数据关系的梳理、分析、建模；4.负责协调并指导开发团队、外部承建商开展具体开发实施工作；5.负责制定数据分析系统技术架构和业务架构的相关规范；6.协助完成项目申报中的大数据分析相关技术和业务内容编写；7.完成上级领导交办的其他任务。任职条件：1.学历方面：统招本科及以上学历...,互联网,http://jobs.zhaopin.com/CC000103760J40762021907.htm,1000-9999人,2026-01-06 11:09:46
大数据业务架构师,北京,北京集成中服技术服务有限公司,本科,5-10年,,2.9-3.5万,岗位职责外包至本地运营商公司 1.负责梳理数据治理体系方法论，形成公司对外数据治理服务的标准化模版。 2.负责售前阶段数据平台和数据治理的业务方案编写，和售前团队协同共同完成方案整合，能从业务角度和客户进行深入沟通，通过业务场景切入形成具体方案。 3.负责项目实施阶段数据治理相关的工作方案、管理办法的设计，推进数据治理体系建设。 4.负责业务架构和数据架构的梳理，和客户高层进行沟通汇报。 岗位任职...,IT服务,http://jobs.zhaopin.com/CCL1374239830J40897034115.htm,1000-9999人,2026-01-06 11:09:35
数据库平台核心研发人员,北京,国家电投集团数字科技有限公司,本科,1-3年,数据库研发,面议,岗位职责1.参与数据库服务平台的开发，实现数据库的自动化部署、备份、扩容与审计；2.优化数据库高可用方案（主从切换、读写分离、分库分表），保障数据一致性与低延迟；3.开发 SQL 审核、慢查询分析、容量预测等治理工具；4.支持业务完成数据库选型、迁移与性能调优；5.落实数据安全策略（脱敏、权限控制、操作日志）与灾备恢复能力。能力要求1.学历：本科及以上，计算机科学与技术、软件工程、信息工程等计算机...,IT服务,http://jobs.zhaopin.com/CC478410210J40830990810.htm,500-999人,2025-12-30 17:32:18
高级大数据开发工程师,北京,北京八月瓜科技有限公司,本科,5-10年,"数据治理,数据库开发,数据仓库,Python,Hadoop,Spark",2-3.5万,岗位说明：负责设计并优化专利数据加工流程，支撑专利检索与AI工具开发的核心业务需求。整合专利数据、商标数据、企业信息资产，构建高效、安全、可扩展的数据处理体系，并推动AI技术与数据架构的深度融合。岗位职责：1、数据架构设计与优化基于现有数据处理体系，构建外部专利数据对接标准，实现专利数据处理的自动化流程构建。结合产品功能构建适应能够快速支撑产品需求的专利主题数据域。规划企业级数据架构，包括数据仓库...,互联网,http://jobs.zhaopin.com/CC308535430J40818597207.htm,100-299人,2025-12-22 14:11:37
高级大数据开发工程师,北京,农芯科技(北京)有限责任公司,本科,5-10年,"数据采集、ETL,SPARK、FLINK,数据中台、数据湖、数据仓库、",2.5-3.5万,一、岗位职责1. 负责智慧农业平台大数据体系的设计与搭建，涵盖数据中台、数据湖、数据仓库的架构规划与落地实施，支撑农田监测、作物长势分析、农资溯源、产销预测等核心业务的数据需求。2. 主导数据采集体系建设，设计并实现多源数据接入方案，包括农业传感器实时数据、物联网设备日志、业务系统数据、第三方农业数据等的采集、传输与同步，保障数据采集的实时性、完整性与准确性。3. 负责ETL数据处理流程的设计、开...,农/林/牧/渔,http://jobs.zhaopin.com/CC343936330J40781961616.htm,100-299人,2025-12-19 17:40:45
数据库平台技术负责人,北京,国家电投集团数字科技有限公司,本科,3-5年,数据仓库,面议,岗位职责1.规划企业数据库技术栈（关系型 + NoSQL + NewSQL），制定选型与治理策略；2.构建数据库服务平台（DBaaS），实现自动化部署、备份、扩容、审计；3.主导数据库高可用架构（主从、MHA、读写分离、分库分表、多活）；4.推动 SQL 规范、慢查询治理、容量评估与成本优化；5.保障数据安全、合规（GDPR、等保）与灾备恢复能力（RTO/RPO）；6.推动数据库国产化替代。能力要...,IT服务,http://jobs.zhaopin.com/CC478410210J40830979910.htm,500-999人,2025-12-30 16:54:17
大数据架构师,北京,华信永道,本科,5-10年,"数据库开发,数据仓库,大数据开发",2.5-3.5万,岗位职责：1、负责数据中台的架构设计，制定技术路线和解决方案，支撑数据采集、存储、计算、分析等全链路需求。2、结合业务需求，设计高可用、可扩展、安全的大数据技术架构（如批处理、实时计算、数据湖、数据仓库等）。3、主导技术选型，评估并引入适合的大数据工具与框架（如Hadoop、Spark、Flink、Kafka等）。4、制定数据治理策略，包括元数据管理、数据血缘追踪、数据生命周期管理等。5、与业务部...,计算机软件,http://jobs.zhaopin.com/CC214592910J40781146316.htm,500-999人,2025-12-16 09:56:17
人保科技-数据资产运营中心-信息技术类-数据架构岗（数据治理方向）-北京-社会招聘(J77113),北京,人保信息科技有限公司,硕士,3-5年,数据治理,2-3.5万,岗位职责:1.深入理解公司战略、业务发展规划及数据治理整体策略，主导设计与公司长远目标相契合的数据架构体系；2.落实数据架构管理机制，完善数据架构管理相关制度、规范、流程；3.规范开展数据架构评审，设计评审管控点，落实数据管控各项工作要求；4.协同构建数据模型，持续监控数据架构的性能指标，定期对数据架构进行优化和升级；5.按照组织级数据架构要求，组织系统数据模型落地实施。任职资格：1.计算机科学、...,IT服务,http://jobs.zhaopin.com/CCL1391049330J40812063909.htm,500-999人,2025-12-15 15:11:57
大数据开发工程师,北京,软通动力信息技术(集团)股份有限公司,大专,3-5年,"数据治理,Hadoop,Flink,Spark,Python,华为云,NiFi",2.7-3.5万,"""关键字：华为云大数据， 大数据迁移主要职责：1、负责大数据搬迁和系统集成。2、利用华为云数据迁移工具搬迁数据仓库并进行数据核对。3、处理海量数据，进行实时和批处理分析，支持业务需求。4、具备良好的SQL优化能力；能够完成数据比对工作，并且在数据出错时，有能力根据数据济追溯并定位出问题脚本。任职资格：1、5年大数据开发经验，熟悉大数据相关技术栈。2、精通 Hadoop、Spark、Flink、hi...",互联网,http://jobs.zhaopin.com/CC000544460J40779579016.htm,10000人以上,2025-12-09 08:52:05
数据治理负责人,北京,北京北辰实业股份有限公司,本科,5-10年,,3-3.5万,岗位职责： 1. 协助领导制定数据治理顶层设计，规划数据治理方向、路径及目标，形成三年行动计划；2. 统一业务数据标准和口径、数据清洗，评估数据质量并分级；3. 多系统数据集成、主数据管理等数据治理相关的技术架构设计及开发工作；4. 数据合规相关工作，包括但不限于数据加密、脱敏；5. 数据安全相关工作，包括但不限于权限控制等；6. 负责外包数据治理团队的管理和沟通。 任职资格： 1. 大学本科及以...,房地产开发,http://jobs.zhaopin.com/CC000223000J40901519815.htm,100-299人,2025-12-05 17:17:03
人保科技-研发中心-信息技术类-数据系统开发岗-北京-年金投资领域专项(J76902),北京,人保信息科技有限公司,硕士,5-10年,"Sql,Python",2-3.5万,岗位职责: 1、参与年金投资数据体系的代码开发，负责具体技术方案设计和实现、关键业务的研发； 2、参与项目关键功能模块架构设计、详细设计、研发编码等，不断进行系统优化和研发提效； 3、开展技术攻关，对复杂逻辑进行合理的拆分和重构，并用优雅的代码实现； 4、关注代码质量、性能和安全，组织开展单元测试、集成测试等各类测试活动； 5、对发现的问题及时修正，并对软件性能进行调优满足项目要求。 任职要求: ...,IT服务,http://jobs.zhaopin.com/CCL1391049330J40798886209.htm,500-999人,2025-12-15 15:11:12
AI高级解决方案架构师,北京,中视天合信息科技有限公司,本科,5-10年,,面议,岗位职责：1. 主导面向企业级客户（尤其是大型企业、政府、金融等关键行业）的复杂解决方案设计；架构需涵盖AI大模型应用、数据治理、系统集成等；深入理解客户业务痛点与战略目标，将其转化为清晰的技术蓝图和架构路线图；向客户高管层清晰地阐述AI解决方案的业务价值与技术可行性；2. 需要设计并主导跨多个异构系统的集成方案；精通微服务架构、中间件技术以及数据融合策略； 负责将AI大模型技术应用于实际业务场景...,人工智能,http://jobs.zhaopin.com/CCL1492648310J40888217508.htm,100-299人,2025-10-21 09:57:04
大数据平台设计与开发岗,北京,中国运载火箭技术研究院,硕士,经验不限,"Python,Java,SQL,数据治理,数仓开发,数据应用,数据分析,数据架构",2.5-3.5万,岗位职责： 1.完成大数据平台设计、建设、配置变更与优化、运行管理与持续改进。2.完成大数据分析应用项目的业务需求分析、开发设计、挖掘分析和应用技术支持。3.开展大数据技术发展研究，制定院大数据建设与应用等相关技术规章制度和标准规范。4.协助完成院国拨和自筹大数据项目技术论证、建设实施和技术验收，协助落实对院属单位大数据技术审核和指导。5.探索人工智能等数字化技术研究，掌握相关研发及算法技术（图像...,学术/科研,http://jobs.zhaopin.com/CC133192440J40292658208.htm,10000人以上,2025-10-13 09:50:29
人保科技-研发中心-信息技术类-数据开发岗-北京-社会招聘(J77084),北京,人保信息科技有限公司,硕士,3-5年,"数据治理,数据开发",2-3.5万,岗位职责:1.使用CK、HBASE等组件提升风控应用的数据处理效率；2.构建风险、法规、审计、反洗钱等应用的各种风险模型；3.通过BI生成报表，并且完成图形化展示。任职要求:1.计算机、软件工程相关专业优先；2.开发经验不少于三年，熟练掌握在MRS、DWS、高斯等环境上的保险或银行机构风控类应用的数据加工；3.精通sql性能优化，熟悉数据仓库架构和模型；4.能够独立完成ETL相关工作的设计和实施；...,IT服务,http://jobs.zhaopin.com/CCL1391049330J40812630809.htm,500-999人,2025-11-22 17:04:14
数据库交付工程师-SAAS产品（腾讯外包）,北京,软通动力信息技术(集团)股份有限公司,大专,10年以上,"数据库交付工程师,DBA,数据迁移,PostgreSQL,MySQL,Oracle,Python,Java,GoLang",2-3.5万,做数据迁移【职位概述】支持公司自研SAAS产品的技术服务工作，为客户提供产品专业的技术解答和解决方案。作为技术支持人员，需要负责解答客户的疑问，处理产品相关技术问题，保证客户对我们产品使用的满意度。【主要职责】1.通过远程或现场方式为客户提供技术支持，解决客户在使用产品过程中遇到的问题。2.深入了解产品功能和使用方法，协助项目指导客户使用，完成项目交付。3.与研发团队及时沟通，反馈客户遇到的问题和...,互联网,http://jobs.zhaopin.com/CC000544460J40545475316.htm,10000人以上,2025-09-16 14:36:54
大数据架构师,北京,华能信息技术有限公司,本科,5-10年,"数据库开发,数据仓库,大数据开发",2.5-3.5万,岗位职责:1.根据公司数据业务发展及产品规划，负责公司数据中台类产品/系统的架构设计、大数据平台与数据仓库数据架构设计;3.负责数据平台技术架构落地设计、技术选型、组件化研发等，推进平台内部技术改造;4.负责跟踪并研究最新技术，持续提升平台核心系统在高并发、海量请求数下的处理性能;5.负责解决各类潜在系统技术风险，保证系统的日常运行;技术要求:1.熟悉数据治理体系、数据仓库实施方法论，具有数据平台...,计算机软件,http://jobs.zhaopin.com/CC846483000J40763366803.htm,500-999人,2025-09-05 13:21:12
人保科技-数据资产运营中心-信息技术类-数据规划岗-北京-社会招聘(J77112),北京,人保信息科技有限公司,硕士,3-5年,数据治理,2-3.5万,岗位职责:1.参与公司数据治理顶层规划，设计数据治理框架，明确数据治理实施路线和演进路径，健全公司数据治理体系建设；2.参照DCMM、DAMA等标准要求，明确数据管理机制和流程，编写数据治理相关制度规范，推动制度落地与宣贯，优化数据治理全链路流程，指导数据治理工作执行落地；3.针对重点场景开展数据治理评价，组织协调相关方持续优化提升数据治理能力；4.推进数据认责、数据要素等领域研究成果落地实施。任...,IT服务,http://jobs.zhaopin.com/CCL1391049330J40812630509.htm,500-999人,2025-11-22 17:02:07
数据治理咨询顾问,北京,北京才鼎通科技有限公司,大专,5-10年,"数据治理,数据安全,数据质量管理,DAMA",2-3.5万,工作职责:1. 作为数据治理项目的核心负责人员，全面规划并管理项目进程，确保高效、精准执行；2. 定制化的数据治理解决方案，并与客户建立紧密的沟通机制，进行深入讨论和确认，使客户认可方案和建设目标；3. 编写数据治理项目相关的各类文档，如项目立项文件、项目启动汇报文件、项目阶段性报告等，完成阶段性项目进程的成果物文档提交。4. 设计并优化元数据管理、数据标准、数据质量、数据安全策略、主数据管理以及...,计算机软件,http://jobs.zhaopin.com/CC877489780J40651797301.htm,100-299人,2025-08-14 09:41:50
系统架构师（数据方向）(A204163),北京,昆仑数智科技有限责任公司,硕士,5-10年,大数据开发,2.3-3.5万,职位描述：（1）负责大数据存算技术平台的架构规划、设计与核心代码实现；（2）负责大数据方向技术攻坚，解决海量数据离线、实时计算等技术难题；（3）负责各业务方向数据存算需求对接、方案设计与数据价值提升；（4）负责新技术调研，持续优化系统架构、提升性能。职位要求：（1）硕士及以上学历，计算机、电子信息工程等专业，具备5年以上大数据架构设计经验；（2）精通软件架构设计模式，具有较强的数据架构抽象能力，具...,IT服务,http://jobs.zhaopin.com/CC000608030J40742061416.htm,1000-9999人,2025-08-12 13:36:39
人保科技-数据资产运营中心-信息技术类-数据架构岗（平台建设与数据应用方向）-北京-社会招聘(J77116),北京,人保信息科技有限公司,硕士,5-10年,数据架构,2-3.5万,岗位职责:1.负责大数据平台整体架构设计与规划，确保数据从采集、存储、计算到服务的全链路稳定、高效、可扩展，衔接业务需求与技术实现。2.负责大数据核心组件选型与验证，确定最优技术路线并制定部署方案。3.参与大数据平台建设与迭代，解决架构层面疑难杂症问题，持续优化平台性能。4.负责制定大数据技术标准与规范，如各类开发规范、平台运行指南等。5.参与数据治理体系建设，提升平台数据质量，强化数据安全。6....,IT服务,http://jobs.zhaopin.com/CCL1391049330J40811711009.htm,500-999人,2025-11-19 22:57:08
数据中心研发经理,北京,北京中科合盈数据科技有限公司,本科,3-5年,数据仓库,2.5-3.5万·14薪,岗位职责：1、负责与业务部门沟通，分析业务需求，为业务部门提供技术支持和建议，能够清晰地表达技术方案、解释技术难题。2、根据软件平台和项目需求，分析、设计与实现系统架构方案，保障系统架构的合理性、可扩展性及经济性。3、负责主持技术方案制定、技术攻关、验证和改进。4、带领项目组，完成平台开发工作，将成果转化为生产效率、成知识产权等。5、负责大数据应用产品的数仓设计及解决方案设计，分析数据需求，完成数...,云计算/大数据,http://jobs.zhaopin.com/CCL1285223320J40741908607.htm,100-299人,2025-05-14 15:08:37
大数据架构师,北京,信创空间(北京)科技有限公司,本科,5-10年,,2-3万,岗位要求 1.有较好的管理能力，负责技术团队的管理与指导，确保团队高效运作，提升团队技术水平 2.有较强的架构能力和规划能力，主导数据相关系统（基于Hadoop、MPP等主流数仓或者大数据平台）的架构设计、开发、维护，支撑上层应用系统获取数据。 3.熟悉Java开发架构和常用组件 4.擅长与甲方客户进行需求沟通，理解并分析客户需求，制定技术解决方案。 5.协调项目资源，确保项目按时交付，并满足客户...,计算机软件,http://jobs.zhaopin.com/CC486983380J40812481907.htm,20-99人,2026-01-11 00:02:40
大数据开发工程师,北京,智联招聘,本科,3-5年,"Java,Sql,Flink,Spark",2-3万·14薪,一、 岗位职责1. 承担用户画像标签开发工作；2. 基于AI大模型技术生成和提取数据；二、 任职要求 1. 计算机相关专业，本科及以上学历，拥有3年以上工作经验。 2. 熟练掌握Java编程，具备Java多线程及高并发开发经验。 3. 熟练掌握大数据相关技术栈，涵盖Flink（实时计算）、Spark、Hive、Kafka、Redis等。 4. 拥有数据仓库项目的设计与技术实施经验，熟悉维度建模理论...,互联网,http://jobs.zhaopin.com/CCL1501502560J40751957514.htm,1000-9999人,2026-01-07 00:00:02
数据治理工程师,北京,中国中信集团有限公司,本科,1-3年,数据治理,1.5-3万·14薪,岗位职责：1.参与企业级数据平台、治理平台及监管报送平台的规划、建设与运营；2.负责数据质量全流程管理，推动问题闭环并输出评估报告；3.参与数据标准、资产体系建设，推动业务系统规范用数；4.支撑 EAST/1104/MAST 等监管报送，保障数据准确、完整、及时；5.结合业务场景开展数据分析挖掘，输出可落地洞察支持决策。任职要求：1.本科及以上学历，计算机、统计、数学、金融工程等相关专业，2 年以...,房地产开发,http://jobs.zhaopin.com/CC000287950J40913665515.htm,10000人以上,2026-01-05 16:19:37
数仓开发工程师,北京,中邮数智(西安)科技有限公司,本科,3-5年,数仓开发,1.5-3万,岗位职责：1、深入理解公司业务，按照数仓开发规范，构建通用灵活的数据集市，保证数据准确及时完备；2、深入理解并高效支持业务需求，提供高质量的数据服务；3、推进数据仓库的数据治理、元数据建设、指标管理、标签等数据系统建设。任职要求：1、本科以上学历，计算机、大数据、软件、统计等相关专业；2、3年以上数据仓库开发和维护经验3、数据数仓体系架构、数据建模方法、数据治理等知识4、有较强的SQL/ETL开发...,IT服务,http://jobs.zhaopin.com/CCL1491316070J40978135804.htm,100-299人,2026-01-05 15:33:13
平台技术专家_大数据方向,北京,中国国际人才开发中心有限公司,硕士,5-10年,"数据库开发,大数据开发",2-3万·13薪,职位内容及描述：【平台技术专家_大数据方向】岗位职责：1.负责产融数智平台的数据仓库等数据分析类重大项目的关键功能构建和关键问题解决，具备数据架构设计、模型代码开发能力；2.负责分析资本金融企业的数据分析需求，设计解决方案，并交付数据分析结果；3.负责研究数据仓库和大数据相关前沿科技技术在金融、能源化工行业的应用情况，并落地于集团产融业务，包括应用场景功能的设计和迭代，探索新的应用场景等；4.负责...,咨询服务,http://jobs.zhaopin.com/CC000036380J40970385704.htm,100-299人,2026-01-05 00:32:42
数据平台开发工程师,北京,中国医学科学院医学信息研究所,硕士,10年以上,"Shell,Python,linux,数据库开发,SAS",2.5-3万,一、岗位职责 1.完成各类平台研发相关工作； 2.完成领导交办的其他任务。 二、任职条件 1.计算机相关专业硕士研究生及以上学历； 2.10年以上企业级软件研发经验； 3.擅长SQL开发，熟悉SAS大数据分析平台； 4.熟悉 Linux，以及 Python、Shell、C#、C++ 等开发语言，熟悉软件开发流程/架构，具有大型软件研发经验； 5.通过 OCA 认证，通过 CKA、CKS，PMP 认...,学术/科研,http://jobs.zhaopin.com/CC144099020J40865384203.htm,100-299人,2026-01-03 00:00:01
数据工程（RAG）工程师（agent课程实验内容生成方向）,北京,森纵艾数(北京)科技有限公司,本科,5-10年,"数据库开发,Python,GoLang,RAG,AGENT课程实验内容生成",2-3万,一句话使命：把“教材/课件/作业/案例库”等异构内容，转化为可检索、可追溯、可评测的知识底座，支撑可信引用与课堂实操。主要职责 设计并实现课程私有库的数据管线：采集→清洗→解析→分块→索引→评测→上线→监控。 建立混合检索方案（BM25 + 向量/稀疏表示），并按课程类型调优分块与召回策略。 集成与优化重排/Rerank与引用抽取（chunk/page锚点、引用链可视化）。 建立RAG评测集与指标...,人工智能,http://jobs.zhaopin.com/CC875700180J40964276004.htm,20-99人,2025-12-31 11:26:55
大数据开发工程师,北京,中国邮政储蓄银行股份有限公司,硕士,5-10年,"数据治理,数据中台开发,数据仓库",1.6-3万,岗位内容：1. 参与设计、实现和维护数据管道和 ETL 流程。2. 进行数据处理和分析，确保数据质量和完整性。3. 支持用户在数据仓库中制定与需求相符的报表或 Dashboard。4. 协助其他团队成员处理数据相关问题并解决疑难杂症。任职要求：1. 熟悉至少一种主流数据库（如 Oracle/MYSQL/SQL Server/PostgreSQL）及 SQL 语言。2. 了解基础的数据结构和算法，具...,互联网,http://jobs.zhaopin.com/CCL1318355140J40866953303.htm,500-999人,2025-12-30 19:55:17
数据建模工程师,北京,北京集成中服技术服务有限公司,本科,3-5年,"数据建模,Hive sql,MySQL",2-3万,岗位职责： 1. 主导大数据建模工作，包括数据仓库维度建模、数据集市建模等，设计合理的数据模型以支撑业务分析与应用。 2. 参与数据资产建设，构建数据标签体系、用户画像模型，为精准营销、客户分群等业务提供数据模型支持。 3. 优化现有数据模型，解决数据冗余、性能瓶颈等问题，提升数据使用效率。 4. 制定数据建模规范，输出数据模型设计文档，指导开发团队进行模型落地，同时负责模型的迭代与维护。 岗位任...,IT服务,http://jobs.zhaopin.com/CCL1374239830J40909395215.htm,1000-9999人,2025-12-25 16:13:06
架构师（数据业务）,北京,中节能数字科技有限公司,本科,10年以上,"数据治理,大数据开发",2.5-3万,岗位职责：1、负责数据交易平台（最好有业务背景，最好是阿里云出来的）的核心技术架构设计，包括服务架构、接口架构与底层能力建设；2、结合阿里云环境（ACK、API网关、SLB、VPC、RAM 等）完成架构落地与性能优化；3、指导全职/兼职开发团队进行数据产品建模、封装与技术方案实现；4、负责平台稳定性与高可用能力建设（监控、日志、鉴权、调度、容错）；5、参与关键技术问题排查，推动工程化与自动化工具落...,环保,http://jobs.zhaopin.com/CC541239720J40819265407.htm,1000-9999人,2025-12-25 13:09:13
数据库架构师,北京,北京科基佳德智能技术有限公司,本科,5-10年,"SAAS 平台,PostgreSQL,MySQL,数据库开发",2.5-3万,兼 职 兼 职 兼 职 兼 职长期合作，需求稳定合作者，可远程办公。岗位职责1. 数据库总体架构设计· 负责平台的整体数据库架构设计、升级与优化。· 统一管理设备模块的数据结构。· 设计并维护 统一的客户与车辆数据库，实现跨设备数据共享与一致性管理。2. 数据建模与规范制定· 负责以下核心数据库的设计与维护：o 车辆与规格数据库：车型规格、VIN 解码、区域化数据库、用户自定义车型。o 胎纹测量数...,互联网,http://jobs.zhaopin.com/CC405314180J40809691002.htm,20-99人,2025-12-24 10:04:17
数据治理与数据智能应用高级工程师,北京,国网数字科技控股有限公司,本科,5-10年,"数据治理,Python,Hadoop,Hive,Spark,Flink,ETL",2-3万,【岗位职责】： 1.负责参与数据管控策略的实施，推动数据治理相关工作，包括元数据管理、数据标准管理、数据质量管理和数据资产管理； 2.负责根据数据模型进行ETL实施，ETL性能优化；对数据进行建模沉淀，完成数据分析和展现； 3.深度对接业务部门，负责理解并提炼业务数据需求，将价值数据合理沉淀在数据仓库/数据湖中； 4.负责大数据相关技术的研究和人工智能创新应用。 5.跨团队协同与能力输出。 【任职...,电子商务,http://jobs.zhaopin.com/CC346778530J40827462210.htm,1000-9999人,2025-12-23 15:54:29
高级大数据开发工程师,北京,中电金信软件有限公司,本科,5-10年,"Hadoop,Spark,Java",2-3万,岗位工作要求1、熟练使用liunx，熟悉Hadoop生态，熟练使用java，熟悉Spark或Hive或等相关组件，具备调用这些组件的技术特性，开发基于Java封装的个性化工具的能力。2、了解银行业数据处理流程以及安全规范等。招聘要求1、大学本科及以上毕业或同等学历，6年以上工作经验；至少参与过5个以上金融项目的实施。2、精通java开发，了解Hadoop，而且有spark使用经验,计算机软件,http://jobs.zhaopin.com/CC443657520J40640579809.htm,10000人以上,2025-12-23 14:20:03
数据库架构师,北京,北京科基佳德智能技术有限公司,本科,3-5年,"数据库开发,RFID 轮胎识别,车牌识别,汽车后市场 SAAS 系统开发",2.3-3万,兼 职 兼 职 兼 职 兼 职本单位自己项目，不是派遣。岗位职责1. 数据库总体架构设计· 负责平台的整体数据库架构设计、升级与优化。· 统一管理设备模块的数据结构。· 设计并维护 统一的客户与车辆数据库，实现跨设备数据共享与一致性管理。2. 数据建模与规范制定· 负责以下核心数据库的设计与维护：o 车辆与规格数据库：车型规格、VIN 解码、区域化数据库、用户自定义车型。o 胎纹测量数据库：支持多...,互联网,http://jobs.zhaopin.com/CC405314180J40809610802.htm,20-99人,2025-12-24 10:04:13
模型研发工程师,北京,北京佰能盈天科技股份有限公司,硕士,经验不限,"机器学习,深度学习,分类算法,回归算法",1.5-3万,岗位职责1. 负责钢铁冶金过程自动化、智能化软件产品的需求分析、方案设计，以及项目的可行性调研，并输出调研文档；2. 负责咨询、研发、实施项目需求说明书、详细设计、验收等过程材料中模型部分的文档编写工作；3. 负责研发和实施项目中工序工艺控制模型、流程优化管控模型的机理算法或数据算法的构建、训练、部署和调优工作；4. 参与公司内部知识产权申报工作。任职要求1. 硕士及以上学历，双一流以上院校，数学...,工业自动化,http://jobs.zhaopin.com/CC687897730J40821797009.htm,100-299人,2025-12-23 13:16:28
数据开发工程师,北京,北京华恒盛世科技有限公司,本科,1-3年,"数据架构,Python,Java,Docker,Kubernetes,Elasticsearch,数据治理",1.5-3万,一、岗位职责（1）负责多源异构数据的整合与处理（由遥感数据治理经验的优先），完成多源数据（文件、数据库、接口等）的抽取、整合、解析与转换，保障数据流程高效处理；（2）参与数据库的安装部署、环境配置与日常维护，负责数据存储资源的合理分配，排查数据库运行故障，优化数据查询效率，保障数据库系统稳定可用，参与知识库维护，协助更新业务数据、技术文档、算法相关资料的数据；（3）参与简单业务算法的开发辅助与集成...,人工智能,http://jobs.zhaopin.com/CC635848780J40905852408.htm,20-99人,2025-12-23 00:00:01
数据挖掘分析(J14106),北京,先进数通,本科,3-5年,数据建模,1.5-3万,岗位职责: 岗位职责： 1、主导银行数据挖掘建模分析及开发，承担机器学习模型的数据探索分析、数据加工、建模、效果评估与上线工作； 2、运用数据分析和规划方法，为银行业务提供分析支持和业务思考. 3、对现有银行业务数据进行分析，通过数据分析发现问题，探索机会，通过模型的建立优化现有业务. 任职要求: 1、具有2-10年相关互联网或金融行业算法模型开发、数据挖掘开发类工作经验，项目经验优先考虑做过对公...,IT服务,http://jobs.zhaopin.com/CC000432190J40780914116.htm,1000-9999人,2025-12-19 15:49:21
大数据架构师（数仓方向）,北京,国网数字科技控股有限公司,本科,5-10年,数据仓库,2-3万,【岗位职责】： 1、主导数据管理的实施，负责数据治理相关工作，包括元数据管理、数据标准管理、数据质量管理和数据资产管理等；2、负责数据资源梳理，构建数据标准、模型标准、数据目录、数据字典、数据地图等数据治理相关工作；3、负责抽象业务需求，对业务进行精准的分类、分级、分域，设计逻辑模型与物理模型，设计数据仓库层级架构，指导开发人员实施工作；4、负责数据仓库的整体规划设计，熟悉大数据管理概念，设计高性...,电子商务,http://jobs.zhaopin.com/CC346778530J40827493310.htm,1000-9999人,2025-12-15 16:38:02
数据工程师,北京,北京同仁堂健康药业股份有限公司,本科,5-10年,"数据挖掘,数据治理,Python,Java",2-3万,"职位描述：负责构建、维护和优化公司的大数据基础设施，为数据科学家和AI应用提供可靠、高效、易用的数据流水线和数据服务。主要职责：1. 设计、构建和维护可扩展、高可用的数据ETL/ELT流水线。2. 管理和优化数据仓库（如Redshift, BigQuery）和数据湖。3. 处理海量结构化和非结构化数据，确保数据质量、一致性和可访问性。4. 与数据科学家协作，提供模型训练和实验所需的数据集。5. 探...",医药制造,http://jobs.zhaopin.com/CC120885640J40826189605.htm,1000-9999人,2025-12-12 15:20:05
产品经理 (MJ000429),北京,卓望信息技术(北京)有限公司,本科,3-5年,"Hadoop,大数据产品,数据中台,数据仓库",2-3万·13薪,岗位职责：1、负责大数据平台业务规划和市场拓展，做大数据产品市场对标；2、负责大数据平台负责大数据产品需求、规划、设计、交付、产品持续迭代优化，和研发技术架构一起完成大数据平台产品技术架构设计；3、负责大数据项目售前技术方案的编写，协同制定项目整体实施方案；4、负责大数据平台产品的规划及功能演进，及各子产品的产品设计；5、负责产品需求、设计、测试、上线的工作推进；6、负责与客户沟通，识别并引导客户...,互联网,http://jobs.zhaopin.com/CC120834160J40782587902.htm,1000-9999人,2025-12-03 10:58:04
高级大数据架构师,北京,信创空间(北京)科技有限公司,大专,10年以上,大数据开发,2-3万,1.有较好的管理能力，负责技术团队的管理与指导，确保团队高效运作，提升团队技术水平2.有较强的架构能力和规划能力，主导数据相关系统（基于Hadoop、MPP等主流数仓或者大数据平台）的架构设计、开发、维护，支撑上层应用系统获取数据。3.熟悉Java开发架构和常用组件4.擅长与甲方客户进行需求沟通，理解并分析客户需求，制定技术解决方案。5.协调项目资源，确保项目按时交付，并满足客户的技术和质量要求。...,计算机软件,http://jobs.zhaopin.com/CC486983380J40813723707.htm,20-99人,2025-12-02 09:52:11
数据开发岗,北京,北京新能源汽车股份有限公司,本科,3-5年,智能制造,1.5-3万·15薪,1.数据平台搭建与维护：参与设计和搭建工艺数据平台/数据中台，参与数据仓库、数据湖的构建、ETL流程开发与运维 2.数据通道搭建：搭建与IT系统（如ERP、PLM）、自动化系统（如MES、SCADA）的数据通道，确保数据准确、实时地流动 3.数据应用开发：基于业务需求，参与开发数据可视化报表（如工艺参数监控、设备OEE分析、质量追溯看板等）和简单的数据应用4.数据治理与质量监控：协助制定数据治理规...,汽车研发/制造,http://jobs.zhaopin.com/CC644747620J40808447411.htm,1000-9999人,2025-11-25 19:16:58
大数据开发工程师,北京,北京大北农数智科技有限公司,本科,5-10年,"数据治理,数据建模",2-3万,岗位职责：（1）负责公司数仓设计、建模和ETL开发，理解业务方的数据需求，提供数据开发支持；（2）负责数据仓库相关主题域建设工作，构建稳定可靠的数据仓库和灵活易用的数据模型；（3）理解业务及数据，从信息调研过程中提取数据模型，形成数据资产；（4）优化相关业务主题域模型，持续提升数据交付质量。任职要求：（1）统招本科及以上学历，计算机、软件工程等相关专业，5年以上数据开发经验，有互联网经验优先；（2...,计算机软件,http://jobs.zhaopin.com/CCL1506492670J40850251512.htm,10000人以上,2025-11-17 17:02:00
数据开发工程师,北京,航天物联网技术有限公司,硕士,1-3年,"数据平台,数据中台,ETL开发,数据治理,数据架构",1.6-3万·13薪,岗位职责：1. 数据开发：负责离线/实时数据仓库的开发工作，包括数据抽取、清洗、转换、加载（ETL/ELT）流程的设计与实现。2. 数据建模：参与数据模型的设计与优化，保障数据结构的合理性与查询性能。3. 数据平台运维：负责数据流程的监控、运维及问题排查，确保数据链路的稳定性和数据质量；4. 参与构建面向大型项目的高质量、标准化数据集，为数据中台或AI算法模型的训练、评估和迭代提供可靠的数据源支撑...,物联网,http://jobs.zhaopin.com/CC575719230J40800882507.htm,300-499人,2025-11-14 17:51:50
大数据平台开发工程师,北京,北京才鼎通科技有限公司,本科,5-10年,"Python,数据中台开发,Flink,Spark,Kafka,Java,Scala,MPP架构,PRESTO/IMPALA,CLICKHOUSE/OLAP",1.5-3万,工作职责1.负责制定大数据（包括数据存储、数据模型、数据应用架构）的整体技术栈；2.负责规划大数据产品的架构设计，包含数据集成、数据存储、数据应用、并完成相关架构设计文档的撰写；3.负责完成核心/重要模块的设计、代码开发及相关技术文档的编写；4.负责大数据系统整体及组件的性能、效率、稳定性分析与优化。任职资格1.计算机及相关专业本科以上学历，5年以上大数据开发经验，熟悉敏捷软件开发流程；2.良好编...,计算机软件,http://jobs.zhaopin.com/CC877489780J40801792801.htm,100-299人,2025-10-30 10:22:08
数据中台技术主管,北京,瑞服科技(珠海)有限公司,本科,5-10年,,2.4-3万,岗位职责：1、 设计和规划数据中台产品架构和数据架构，实现上游数据的统一入湖和数仓合理分层；2、 负责数据中台开发技术支持，指导实时/离线数据开发、数据服务及数据治理相关开发工作；3、 参与指标体系和标签体系的梳理，建设公司级数据资产管理体系，管理数据的分类分级；4、 参与数据治理体系建设和系统化落地，包括数据标准的贯标和数据质量检核规则的设计；5、指导项目团队进行数据湖管理和实时计算开发，解决项...,银行,http://jobs.zhaopin.com/CC480028180J40841392612.htm,20人以下,2025-10-21 15:39:38
信息技术中心资深数据治理专家岗,北京,航天规划设计集团有限公司,本科,10年以上,数据治理,1.6-3万,一、应聘人员基本条件1、拥护党的路线、方针、政策，遵守国家法律、法规，具有较高的政治素质，热爱航天事业，具有强烈的事业心和责任感，中共党员优先；2、工作严谨务实、吃苦耐劳、积极主动，能适应加班；3、具有较强独立处理、系统逻辑能力，良好的团队合作、沟通协调能力；4、信息技术相关专业，具备企业数据治理从战略融合、标准框架、项目全流程、成果转化、运营机制等多维度体系化的全面综合能力，具备3年以上数据治理...,建筑设计,http://jobs.zhaopin.com/CC507397030J40819736505.htm,1000-9999人,2025-10-17 19:50:54
大数据平台开发工程师,北京,北京才鼎通科技有限公司,大专,5-10年,"数据建模,大数据开发,数据库开发,Hadoop,MPP,数据中台",1.5-3万,工作职责1.负责制定大数据（包括数据存储、数据模型、数据应用架构）的整体技术栈；2.负责规划大数据产品的架构设计，包含数据集成、数据存储、数据应用、并完成相关架构设计文档的撰写；3.负责完成核心/重要模块的设计、代码开发及相关技术文档的编写；4.负责大数据系统整体及组件的性能、效率、稳定性分析与优化。任职资格1.计算机及相关专业专科以上学历，5年以上大数据开发经验，熟悉敏捷软件开发流程；2.良好编...,计算机软件,http://jobs.zhaopin.com/CC877489780J40801569501.htm,100-299人,2025-10-29 14:35:17
大数据开发工程师,北京,北京博泰通远信息咨询服务有限公司,本科,3-5年,"数据治理,数据架构,数据挖掘,Sql,Java,Python,Hadoop,Flink,Spark",2-3万,岗位内容：1. 参与设计、实现和维护数据管道和 ETL 流程。2. 进行数据处理和分析，确保数据质量和完整性。3. 支持用户在数据仓库中制定与需求相符的报表或 Dashboard。4. 协助其他团队成员处理数据相关问题并解决疑难杂症。任职要求：1. 熟悉至少一种主流数据库（如 Oracle/MYSQL/SQL Server/PostgreSQL）及 SQL 语言。2. 了解基础的数据结构和算法，具...,互联网,http://jobs.zhaopin.com/CCL1510703820J40886749715.htm,20-99人,2025-09-09 16:56:09
技术开发岗-2,北京,中国卫通,硕士,3-5年,"Neo4j,数据治理,数据架构,数据中台开发,Java,Python,C++,MYSQL/POSTGRESQL",2-3万,岗位职责：1.参与公司数据中台平台系统的迭代开发，能够独立负责具体模块功能的开发与实现；2.参与公司数据中台的行业实施与应用，包含数据集成、数据治理、数据建模、知识图谱构建、知识库构建、多模态数据检索等；3.基于对AI应用全链路的理解，构建离线/实时的多模态数据模型，支撑核心AI场景的落地应用；4.参与项目需求对接、方案设计、技术选型、软件开发、系统测试、编写相关技术文档、系统运维等工作。岗位要求...,运营商/增值服务,http://jobs.zhaopin.com/CC651661620J40823459313.htm,500-999人,2025-09-08 15:51:14
钢研国创大数据团队软件工程师（北京或深圳）,北京,中国钢研科技集团有限公司,本科,3-5年,"Hadoop,Java,Python,C++",2-3万,工作内容1. 依据公司整体战略，负责产品落地方案的实施与执行。2. 负责与研发团队沟通，项目执行流程监控，代码管控。3. 负责将不同的合作伙伴交付的功能模块进行集成和调试。任职资格1. 本科及以上学历，计算机相关专业背景。2. 具3年以上研发经验，具备优秀的数学基础和Java/Fortran/C/C++/Python编程能力，有CAD/CAE/CAM等领域开发经验者优先考虑。3. 熟悉Hadoop...,学术/科研,http://jobs.zhaopin.com/CC170490510J40782958810.htm,1000-9999人,2025-09-03 17:57:50
数据治理专家,北京,中粮集团,本科,经验不限,"数据治理,数据架构,数据库开发",1.6-3万,1.制定集团数据治理中长期战略，结合数字化转型目标，设计实施路径，推动数据治理与业务战略深度融合；2.主导构建数据治理框架，涵盖数据分类分级、数据标准、主数据、元数据、数据质量管理和数据安全合规等，完善数据全生命周期管理规范；3.统筹跨部门数据治理项目，协调业务、技术及安全团队，负责项目全流程管理，确保按时交付并达成目标；4.打造标杆性数据治理案例，提炼可复用方法论与经验，通过培训和宣导推动治理成...,贸易/进出口,http://jobs.zhaopin.com/CC120884370J40947078604.htm,10000人以上,2025-08-29 11:27:35
大数据实时流计算技术高级工程师,北京,国科电雷(北京)电子装备技术有限公司,本科,5-10年,"Flink,数据库开发",2-3万,工作职责： (1)负责实时数据计算技术方向的产品设计与研发工作； (2)负责150M/S或以上实时数据量计算需求分析与架构设计工作； (3)负责方案中的实时流处理相关内容编写工作； (4)负责研发实时计算和存储功能、部署运行环境，尤其针对性能进行深度优化工作； (5)参与现有大数据产品规划设计，负责产品能力的技术选型和研发实现； (6)对产品如何更好的满足各项目需求提出方案，以交付项目迭代产品； ...,电子/半导体/集成电路,http://jobs.zhaopin.com/CC828175270J40744653415.htm,20-99人,2025-06-23 17:54:49
数据中心规划建设管理,北京,北京移动,本科,1-3年,,面议,岗位职责：【岗位职责】1.根据公司IDC和算力业务发展需求，制定相应的数据中心发展规划，构建具备市场竞争力的算力机房基础设施。2.负责数据中心项目方案制定阶段的资源统筹协调，根据具体业务需求，制定建需匹配、成本领先的数据中心设计方案和技术要求（包括土建、供配电系统、制冷系统、安消防系统等）。3.对数据中心项目的全过程进行跟踪、监督和效能评估，提高敏捷交付水平。4.跟踪研究数据中心绿色低碳、低成本敏...,运营商/增值服务,http://jobs.zhaopin.com/CC212951510J40764227607.htm,,2025-06-18 18:32:12
数据中台研发工程师-人工,北京,通号低空智能科技有限公司,硕士,1-3年,低空经济,2-3万,1.负责数据中台整体技术架构设计，确保系统高可用、可扩展和稳定；2.制定数据标准和清洗方案，保证数据质量与安全；3.设计业务所需的数据模型和仓库架构，支持数据分层与分析需求；4.利用大数据技术实现数据采集、转换，并开发和维护ETL流程；5.提供统一的数据接口，支持跨部门数据共享并保障访问安全；6.监控和优化系统性能，为业务团队提供数据支持和培训。1.硕士及以上学历，一年以上岗位相关工作经验；2.掌...,IT服务,http://jobs.zhaopin.com/CC399602780J40684180902.htm,300-499人,2025-05-27 11:47:12
大数据开发工程师,北京,北京紫东投资发展有限公司,本科,5-10年,"Java,Python,Hadoop,Flink,Spark,Shell",1.8-3万,"岗位描述：1、构建基于网络信息安全的大数据平台，设计并优化大数据基础平台。支持数据采集、存储计算、分析、监控和可视化全过程；2、解决数据规模增长带来的技术、异地存储检索等业务问题；支撑上层应用对底层平台数据采集、存储/计算、调度、数据安全等能力的诉求，保障应用的高效稳定运行；3、搭建基于Flink/Hadoop/Hive/Spark/Storm/Kafka 等的大数据平台,并负责集群日常维护管理，...",物业管理,http://jobs.zhaopin.com/CC203170210J40489034602.htm,100-299人,2024-06-07 10:14:39
数据开发工程师,北京,北京集成中服技术服务有限公司,本科,3-5年,"数据库开发,Sql",2-2.9万,岗位职责: 1.工作内容为完成运营商级大数据离线/实时统计分析，主导复杂SQL、存储过程设计与性能调优。 2. 参与数据模型（事实表、维度表、宽表）设计，完成数据质量校验、异常监控及治理。 3. 基于Hadoop/Spark/Flink等平台进行ETL开发，输出可视化报表与业务洞察。 4. 撰写技术文档，配合测试及上线，持续优化数据流程与脚本自动化。 岗位任职资格: 1.计算机、数学、统计等相关专...,IT服务,http://jobs.zhaopin.com/CCL1374239830J40909394515.htm,1000-9999人,2026-01-06 11:09:27
风控-数仓开发工程师,北京,沈阳阅准科技有限公司,本科,3-5年,"Python,Spark sql,ETL开发,数仓开发,Hadoop,Hive,Flink,Kafka",1.4-2.8万,岗位职责：1、负责风控数据集市建设，包括业务数据宽表、图数仓、知识图谱等数据研发工作，全面支撑业务发展；2、负责对自有数据、三方数据进行分层管理和加工，结合数据仓库生产用户画像宽表；3、负责风控特征库建设，对数据挖掘产出的离线特征和实时特征，进行分层管理并进行指标监控；4、参与数据治理、数据质量、数据服务及数据产品等基础数据平台和设施建设；5、报表管理，运维和智能化能力建设。任职要求：1、本科及以...,互联网,http://jobs.zhaopin.com/CCL1486992640J40786045016.htm,500-999人,2026-01-07 16:46:40
资深后端研发工程师（大数据方向）,北京,长安通信科技有限责任公司,本科,5-10年,数据库开发,1.6-2.8万,工作职责：1.大数据平台架构与开发：主导企业级数据平台核心模块架构设计与编码实现，负责数据接入层、计算引擎层、存储层的性能优化与稳定性保障，支撑PB级数据量与高并发查询场景。2.实时计算引擎研发：负责Flink/Spark Streaming实时计算链路的深度定制与优化，保障流式数据处理低延迟、高吞吐，支持大规模任务并行，沉淀实时计算开发规范与通用算子库3.数据服务与治理：开发企业级数据目录、数据...,计算机软件,http://jobs.zhaopin.com/CC537276620J40867134112.htm,500-999人,2026-01-07 16:05:41
数据开发工程师,北京,北京集成中服技术服务有限公司,本科,3-5年,"数据库开发,Sql",2-2.9万,岗位职责: 1.工作内容为完成运营商级大数据离线/实时统计分析，主导复杂SQL、存储过程设计与性能调优。 2. 参与数据模型（事实表、维度表、宽表）设计，完成数据质量校验、异常监控及治理。 3. 基于Hadoop/Spark/Flink等平台进行ETL开发，输出可视化报表与业务洞察。 4. 撰写技术文档，配合测试及上线，持续优化数据流程与脚本自动化。 岗位任职资格: 1.计算机、数学、统计等相关专...,IT服务,http://jobs.zhaopin.com/CCL1374239830J40909394415.htm,1000-9999人,2025-12-10 12:25:48
数据治理专家,北京,首信云技术有限公司,本科,5-10年,"数据治理,数据管理",1.8-2.8万,一、岗位职责1. 独立负责数据项目的全流程管理，包括项目规划、需求分析、方案设计、实施落地及后期运维，制定合理的项目计划与预算，把控项目进度、质量和成本，确保项目按时按质完成。2. 深入开展系统分析与业务分析工作，结合业务需求和系统特点，为数据项目提供专业的分析支持，提出有效的解决方案。3. 统筹开展数据治理具体工作，包括但不限于数据标准、数据质量、数据资产、主数据、数据安全与隐私保护等。4. 与...,云计算/大数据,http://jobs.zhaopin.com/CC714178380J40772294302.htm,100-299人,2025-12-03 11:44:32
高级数据架构师,北京,北京普惠职道科技发展有限责任公司,硕士,10年以上,"数据治理,数据建模",1.8-2.8万,岗位职责：1.负责企业级数据架构设计、规划和落地； 2.负责提升数据平台数据汇聚、数据治理、数据计算引擎等能力； 3.负责数据管理标准规范制定，组织开展数据治理。 4.领导交付的其它工作。 任职要求： 1、硕士及以上学历，计算机、信息化类相关专业； 2、具有5年以上数据平台/中台、大数据产品架构和研发经历，主导或参与2个以上的中大型企业数据架构方案或数据分析方案； 3、熟练掌握数据治理、数据管理、...,咨询服务,http://jobs.zhaopin.com/CC685350020J40667413006.htm,500-999人,2025-04-24 00:00:00
高级模型开发工程师（银行方向）,北京,北京索云科技股份有限公司,本科,3-5年,"Hadoop,Spark",2.5-2.7万,职位描述：我们正在寻找一位经验丰富的高级模型开发工程师，加入我们的团队，负责银行相关模型的研发、优化与部署工作。该岗位需要具备扎实的编程能力、丰富的银行业务理解以及模型开发经验，能够独立完成复杂模型的构建与维护，并推动模型在业务场景中的落地应用。主要职责：1、负责银行风险模型、营销模型、反欺诈模型等各类模型的开发、测试与优化。2、深入理解银行业务需求，将业务问题转化为可执行的模型解决方案。3、参与...,计算机软件,http://jobs.zhaopin.com/CC232993380J40817826301.htm,20-99人,2025-12-31 14:12:40
高级etl工程师,北京,京北方,本科,10年以上,"SQL,Kettle,Python,Oracle,MySQL,数据开发,Hadoop",1.5-2.7万,1名ETL开发项目经理，统本10年以上，有10人以上团队管理经验,IT服务,http://jobs.zhaopin.com/CC315847110J40751142107.htm,10000人以上,2025-07-30 16:53:52
数据架构师,北京,北京普惠职道科技发展有限责任公司,硕士,5-10年,,1.8-2.8万,岗位职责：1.负责企业级数据架构设计、规划和落地；2.负责提升数据平台数据汇聚、数据治理、数据计算引擎等能力;3.负责数据管理标准规范制定，组织开展数据治理。4.领导交付的其它工作任务。任职要求：1、硕士及以上学历，计算机、信息化类相关专业，国网体系工作经验优先；2、具有5年以上数据平台/中台、大数据产品架构和研发经历，主导或参与2个以上的中大型企业数据架构方案或数据分析方案；3、熟练掌握数据治理...,咨询服务,http://jobs.zhaopin.com/CC685350020J40667412706.htm,500-999人,2025-04-22 20:02:33
大数据开发工程师（智慧中枢项目）,北京,华能信息技术有限公司,本科,5-10年,"数据建模,数据中台开发,数据库开发,Java,Python,Scala,Hadoop,Flink",1.6-2.6万,岗位职责：1.参与数据采集、清洗、转换、建模等数据处理全流程开发，编写高质量的大数据处理代码，遵循开发规范与最佳实践。2.与产品经理、数据分析师及业务团队协作，精准理解业务需求，确保业务应用的有效落地岗位要求：1、具有5年以上大数据开发经验，基础扎实，熟悉Java/Scala/Python等至少一种开发语言；2、精通Hadoop、Spark、Flink、Hive、HBase、Kafka等主流大数据...,计算机软件,http://jobs.zhaopin.com/CC846483000J40868039403.htm,500-999人,2026-01-06 16:56:12
BI开发工程师,北京,北京兰木达技术有限公司,本科,5-10年,"数据挖掘,数据可视化,数据仓库,报表开发,帆软",1.8-2.6万,岗位职责1.独立完成业务需求调研、分析和BI报表设计，制定可落地的数据可视化方案；2.负责搭建和优化BI报表体系，开发并维护高质量的数据报表、仪表盘及相关数据产品；3.保障现有报表系统的稳定运行，对报表使用过程中的问题进行排查和优化；4.能够独立分析并解决数据可视化及报表开发过程中的各类技术问题；5.协助建设和完善公司数据仓库及相关数据治理工作（有数仓经验者优先）。岗位要求1.本科及以上学历，计算...,电力/水利/热力/燃气,http://jobs.zhaopin.com/CCL1370234170J40827945510.htm,100-299人,2025-12-15 16:26:40
数据治理项目经理,北京,信永中和国际投资集团有限公司,本科,无经验,"数据治理,数据建模,数据需求,数据管理",面议,岗位职责：1.深入理解业务与数据需求，主导制定公司级数据治理战略规划、框架体系、数据标准与管理路线图。2.负责数据治理各领域（数据标准、主数据、元数据、数据质量、数据生命周期等）的方案设计、流程制定与增值场景规划。3.主导数据治理项目的全程管理，包括项目规划、资源协调、进度控制、风险评估与交付验收，承担PMO职责。4.调研并评估数据治理及数据中台相关产品，管理与协调第三方厂商，确保技术方案与治理目...,咨询服务,http://jobs.zhaopin.com/CC680885420J40830454905.htm,1000-9999人,2025-12-10 09:52:47
大数据平台工程师,北京,积至(海南)信息技术有限公司北京分公司,本科,3-5年,"Linux,网络安全,数据库开发",1.3-2.6万,**岗位职责：** 1. 构建与优化网络流量日志的流处理与威胁检测平台。 2. 解决海量数据实时处理、存储与检索中的技术难题。 3. 参与需求分析、功能设计及技术文档编写。 4. 与团队合作，攻克开发与运维中的技术问题。 **任职要求：** 1. 本科及以上学历，计算机相关专业，5年以上开发经验，2年以上大数据流处理经验，计算机基础扎实。 2. 精通分布式编程，熟悉Flink、Spark Stre...,计算机软件,http://jobs.zhaopin.com/CC822236150J40455114012.htm,100-299人,2025-09-09 16:05:14
大数据架构师/研发经理,北京,沈阳民航东北凯亚有限公司,硕士,5-10年,数据治理,2.2-2.6万,岗位职责：1、负责统筹管理研发团队整体研发工作，整合研发资源，提升整体研发能力；2、负责完成部门研发产品的规划设计，带领技术团队实现产品的架构设计、产品开发、后台支持、数据分析、平台搭建和性能优化等各项任务；3、负责指导、处理、协调和解决部门产品研发中出现的技术问题；4、负责研发团队的建设和人才培养，不断提升研发人员的技术能力；5、负责制定技术相关的管理制度、技术规范、业务流程等。技能要求：1、计...,计算机软件,http://jobs.zhaopin.com/CC130940560J40764484612.htm,1000-9999人,2025-07-29 10:15:26
数智化规划项目经理,北京,信永中和国际投资集团有限公司,本科,5-10年,"数据治理,数智化,咨询规划",面议,岗位职责：1.负责数智化项目售前支持，包括客户需求分析、解决方案设计、投标文件编写及技术交流。2.主导或深度参与数智化规划类项目，涵盖战略解码、业务能力分析、现状诊断、系统方案设计及整体规划报告编制。3.负责多维度架构设计，包括总体架构、业务架构、应用架构、数据架构、技术架构及安全架构的方案制定与过程推进。4.跟踪研究行业数智化发展趋势，负责技术架构的持续优化与重构，制定与企业业务及技术战略匹配的...,咨询服务,http://jobs.zhaopin.com/CC680885420J40830489505.htm,1000-9999人,2025-12-10 09:51:21
可信数据空间软件架构工程师2025SLH29,北京,中国信息通信研究院,硕士,1-3年,数据治理,2.3-2.5万,岗位职责:1.对数据治理、数据开发、数据产品、数据应用等深入了解，与客户的售前交流并分析用户需求，主导数据空间系统的总体架构设计，进行系统模块拆分、技术路线规划与核心组件设计；2.聚焦使用控制、隐私计算等关键领域，结合供应商能力组织形成框架设计，形成技术方案、并保障核心能力的质量把控；3.具备系统设计思路，对数据使用控制、隐私计算等方面的数据技术有深入研究，根据用户需求数据数据空间系统建设方案，与...,通信/网络设备,http://jobs.zhaopin.com/CC251266610J40777470502.htm,1000-9999人,2026-01-11 00:05:20
大数据开发工程师,北京,软通动力信息技术(集团)股份有限公司,大专,5-10年,"Scala,Python,Hadoop,Kafka",1.5-2.5万,关键字：华为云大数据， 大数据迁移、pysaprk、python、scala spark主要职责：1、负责大数据搬迁和系统集成。2、利用华为云数据迁移工具搬迁数据仓库并进行数据核对。3、处理海量数据，进行实时和批处理分析，支持业务需求。4、具备良好的SQL优化能力；能够完成数据比对工作，并且在数据出错时，有能力根据数据济追溯并定位出问题脚本。任职资格：1、5年大数据开发经验，熟悉大数据相关技术栈。...,互联网,http://jobs.zhaopin.com/CC000544460J40786721916.htm,10000人以上,2026-01-10 14:19:08
数据治理工程师,北京,北京牡丹电子集团有限责任公司,本科,3-5年,数据治理,1.5-2.5万,岗位职责：1、负责数据集成、数据治理类项目调研、交付方案和交付实施；2、负责推动企业核心数据治理，面向应用场景以用促建，梳理数据资产、梳理数据管理全景，打通数据共享链路，赋能业务人员便捷使用数据进行业务探索和创新；3、负责推进现有系统主数据规范、数据治理、数据清洗及应用等工作，研究数据治理相关议题，包括数据规范、权责、工具等；4、参与主数据、数据治理方案制定和产品抽象，包括数据标准、主数据、数据质...,互联网,http://jobs.zhaopin.com/CCL1318355140J40827583503.htm,500-999人,2026-01-10 01:06:08
设备数据治理主任设计师,北京,华龙国际核电技术有限公司,本科,10年以上,,2-2.5万,岗位职责:1.负责核电主设备行业数据库业务的统筹策划、流程设计及体系建设；2.负责核电主设备行业数据库的项目管理、沟通协调和应用；3.研究和跟踪核电主设备行业数据库的数据治理和数据应用方面技术。并提供核电主设备行业数据库数据采集、数据管理、数据安全等解决方案。4.完成所内安排的其他工作。任职资格要求:1.普通高等院校统招毕业生（双一流及同等层次院校）；2.信息、仪控、计算机技术等核电工程相关专业；...,电力/水利/热力/燃气,http://jobs.zhaopin.com/CC341673880J40826299909.htm,100-299人,2026-01-09 17:56:09
高级数据治理顾问(J10139),北京,天津北海油人力资源咨询服务有限公司,本科,5-10年,数据治理,1.5-2.5万,岗位职责:协助业务方做好集采数据治理及体制机制搭建工作，包括但不限于：一级集采品种-协议-物码-无效单据-库存数据治理落地方案设计及执行过程管理，一级集采业务的全息物资数据集设计及落地支持，以及一级集采数据治理配套工作机制落地方案设计并做好常态化运营管理支持。任职要求:1.本科及以上学历，数据治理、供应链管理等相关专业；2.具备5年以上能源行业数字化转型、集团级数据管理实战经验；3.具备端到端能力...,人力资源服务,http://jobs.zhaopin.com/CC644737230J40819280401.htm,1000-9999人,2026-01-08 09:14:11
数仓数据仓库(J10904),北京,东方国信,本科,3-5年,"数据建模,数据治理,钢铁行业数仓经验",1.5-2.5万,工作职责1、负责钢铁行业数据仓库的全生命周期建设，包括业务需求调研、数据模型设计、ETL 开发、数据质量管控，支撑生产制造、供应链、销售、成本核算等核心业务板块的数据分析需求； 2、结合钢铁企业的生产工艺（如高炉、转炉、轧钢）、产销存一体化、能源管理等业务特点，优化数仓分层架构（ODS/DWD/DWS/ADS），提升数据处理效率与查询性能； 3、主导数仓相关的数据治理工作，制定数据标准、规范数据口...,计算机软件,http://jobs.zhaopin.com/CC232405810J40837132805.htm,1000-9999人,2026-01-07 17:16:10
数据治理业务经理,北京,华龙国际核电技术有限公司,本科,10年以上,数据治理,2-2.5万,岗位职责：1.研究和跟踪数据治理和数据应用方面技术。2.提供数据采集、数据管理、数据安全等解决方案。3.完成主任/副主任安排的其他工作。任职资格要求：1.本科及以上学历（双一流及同等层次院校）；2.仪控、电气、计算机技术等核电工程相关专业；3.具有核电领域相关工作经验；4.熟悉人工智能、智慧核电等相关业务。,电力/水利/热力/燃气,http://jobs.zhaopin.com/CC341673880J40826292709.htm,100-299人,2026-01-09 17:24:48
数据治理工程师,北京,北京牡丹电子集团有限责任公司,本科,3-5年,数据治理,1.5-2.5万·13薪,岗位职责1、负责数据集成、数据治理类项目调研、交付方案和交付实施；2、负责推动企业核心数据治理，面向应用场景以用促建，梳理数据资产、梳理数据管理全景，打通数据共享链路，赋能业务人员便捷使用数据进行业务探索和创新；3、负责推进现有系统主数据规范、数据治理、数据清洗及应用等工作，研究数据治理相关议题，包括数据规范、权责、工具等；4、参与主数据、数据治理方案制定和产品抽象，包括数据标准、主数据、数据质量...,计算机软件,http://jobs.zhaopin.com/CC152681820J40723001409.htm,500-999人,2026-01-06 10:49:58
数据开发,北京,上海骅众信息技术有限公司,本科,5-10年,数据治理,2-2.5万,"岗位职责：1. 负责集团数据分析应用方向的需求调研、需求分析、用户原型设计及编写需求文档；2. 负责估算需求执行成本和工作量，跟踪及控制变更；负责与业务方交流，并掌握变更尺度；3. 负责向开发和测试团队讲解业务需求和业务流程，跟进项目执行进度全流程，保障需求与实现的一致性；4、负责各类项目的数据模型架构设计。任职资格:1、本科以上学历，计算机相关专业，5年或以上工作经验,具备数据运营、数据分析或相...",人工智能,http://jobs.zhaopin.com/CCL1268601760J40825144109.htm,100-299人,2026-01-06 10:19:43
大数据开发工程师,北京,科美诊断技术股份有限公司,本科,3-5年,"Sql,Java,Python",面议,任职要求1、统招本科及以上学历，3年以上全职工作经验，有计算机、互联网、大数据相关行业经验；英语四级以上，听说读写良好。2、熟练掌握 Hadoop 生态组件（HDFS/YARN/Hive/HBase）及 Spark、Flink 计算框架的开发。 3、熟练掌握 SQL 编程，能编写复杂查询并优化 Hive/Spark SQL/Flink SQL 执行效率。 4、熟练掌握 Java/Scala/Pyt...,医疗设备/器械,http://jobs.zhaopin.com/CC149360910J40784284916.htm,500-999人,2026-01-05 11:53:20
数据工程师-制造业,北京,北京中宏联工程技术有限公司,本科,3-5年,"Sql,Python,Java,数据仓库,数据建模,数据架构,Hadoop",1.6-2.5万,一、岗位职责1. 工业数据采集与集成负责从 MES、SCADA、PLC、ERP、IoT 平台等多源系统中采集生产数据；设计并维护数据采集管道，确保实时性与数据完整性；与 OT 团队（设备与控制系统工程师）协作，建立稳定的数据接口。2. 数据管道开发与维护设计、构建和优化批处理与流式数据管道（ETL/ELT 流程）；确保数据在采集、传输、存储、处理过程中的稳定性与安全性；实现数据质量监控、异常报警与...,工程技术与设计服务,http://jobs.zhaopin.com/CCL1292056690J40888611808.htm,100-299人,2026-01-04 11:03:36
大数据开发工程师,北京,北京盘拓数据科技有限公司,本科,5-10年,"数据治理,数据架构,数据仓库,Scala,Java,Kafka,Hadoop,Spark",1.5-2.5万,"主要职责:1、设计与开发： 设计、构建和维护大规模、高可用、高性能的数据处理平台、数据仓库（Data Warehouse）和数据湖（Data Lake）架构。2、数据管道构建： 开发和维护ETL/ELT数据流水线，实现从多种数据源（如数据库、日志、API、IoT设备等）到数据存储（如HDFS, S3, Hive, HBase, Kafka等）的自动化、高效、可靠的数据采集、清洗、转换和加载。3、数...",云计算/大数据,http://jobs.zhaopin.com/CCL1369677690J40834514013.htm,20-99人,2025-12-31 00:01:01
数据获取架构师【大厂外包-长期稳定-线上面试-随时到岗】,北京,深圳南区人瑞人力资源服务有限公司,本科,1-3年,"Python,Django,Scrapy,Hive,Hadoop,反爬虫,爬虫开发",2-2.5万,岗位职责：负责公开数据源等定向场景的数据抓取方案设计与落地。搭建高稳定性、高并发的爬虫体系，解决反爬机制（如验证码、IP 封锁、UA 验证、动态渲染）等核心问题，保障数据抓取效率与准确性。优化爬虫程序性能，降低服务器资源消耗，提升数据抓取成功率与更新频率，满足业务实时性或周期性数据需求。监控爬虫运行状态，及时处理抓取异常、数据缺失等问题，建立告警机制与故障应急预案。岗位基本需求：本科及以上学历，计...,企业服务,http://jobs.zhaopin.com/CCL1289361510J40816857101.htm,500-999人,2025-12-26 09:07:35
数据开发工程师,北京,北京谊安医疗系统股份有限公司,硕士,经验不限,"数据开发工程师,Python",1.8-2.5万·13薪,岗位职责1.负责多源异构医疗数据集成、融合处理、AI分析等软件开发工作，支撑公司智能化产品开发；2.协同临床团队，开展医疗数据开发与应用的需求分析与论证，支撑临床科研与AI解决方案的落地；3.协同公司产线团队，围绕医疗数据开发与应用需求，开展智能化产品设计与优化论证并提出方案；4.跟踪、支持医疗智能化产品的临床应用，解决和处理关键技术问题；5.负责同行业先进技术的调研，负责相关知识产权、技术文献、...,医疗设备/器械,http://jobs.zhaopin.com/CC145182990J40824615114.htm,1000-9999人,2025-12-26 00:38:20
平台开发工程师,北京,中国医学科学院医学信息研究所,本科,1-3年,"Python,Shell,MySQL,PostgreSQL,SQL Server,linux",2-2.5万,一、岗位职责1.完成各类平台研发相关工作；2.完成领导交办的其他任务。 二、任职条件 1.计算机相关专业大学本科及以上学历； 2.2年以上企业级软件研发经验； 3.擅长SQL开发，熟悉SAS大数据分析平台；4.熟悉Linux，以及Python、Shell、C#、C++等开发语言，熟悉软件开发流程/架构，具有大型软件研发经验。 三、用工形式 本次招聘人员为合同制聘用人员，与单位签订劳动合同，依法建立...,学术/科研,http://jobs.zhaopin.com/CC144099020J40865380503.htm,100-299人,2025-12-24 16:02:42
数据开发组长/骨干,北京,中电金信软件有限公司,本科,5-10年,"数据库开发,Sql,Hadoop,Flink,Spark",1.8-2.5万,岗位要求： 1、熟练hive sql，优化、掌握hive、spark编程（必备）； 2、存储过程、 shell 编程、flink (加分项)精通SparkSQL/HiveSQL开发; 3、6年及以上实战经验；4、熟悉执行计划解析与优化深入掌握Spark/Hive性能调优：熟悉hadoop； 5、有金融银行相关经验，或带组经验；了解星汉平台优先 朝阳区或海淀,计算机软件,http://jobs.zhaopin.com/CC443657520J40820124109.htm,10000人以上,2025-12-17 11:13:10
数据工程架构师(005509),北京,中国移动,硕士,5-10年,"数据治理,数据建模,数据库开发",面议,工作职责1、组建并管理数据工程团队，涵盖开发与管理人才、制定考核标准、促进团队成长。2、负责文本、图像、视频、传感器、结构化数据等多模态数据建模，定义数据标准，负责数据智能体产品各环节数据支持，包括数据处理、模型评测、结果整合、数据统计等。3、设计多模态数据Pipeline，选型技术栈。负责图像、视频、音频的数据自动化处理流程，包括格式转换、搭建清洗链路、数据可视化等，构建数据质量管控机制，确保数...,运营商/增值服务,http://jobs.zhaopin.com/CC000413680J40841198113.htm,10000人以上,2025-12-11 09:22:37
数据库架构师,北京,北京企慕科技有限公司,本科,3-5年,"数据库开发,GAUSSDB,POLARDB",2-2.5万,任职资格：（1）本科及以上学历，计算机软件或相关专业（2）3年以上数据库架构设计经验，熟悉业界主流数据库产品，精通分布式数据库、读写分离、分库分表策略，具备数据迁移经验，宽泛的IT技术知识，持有原厂认证(如GaussDB、PolarDB)优先（3）较好的文档编写和沟通能力（4）个性成熟稳重，能承受压力；工作积极主动、认真负责；具有团队精神和良好的沟通协调能力；具备良好的自学能力和独立解决问题的能力...,IT服务,http://jobs.zhaopin.com/CC440131280J40862688803.htm,100-299人,2025-12-10 14:30:20
大数据平台开发工程师,北京,北京行展软件科技有限公司,本科,5-10年,"大数据开发,数据架构,数据中台开发,数据库开发",2-2.5万,工作职责1.负责制定大数据（包括数据存储、数据模型、数据应用架构）的整体技术栈；2.负责规划大数据产品的架构设计，包含数据集成、数据存储、数据应用、并完成相关架构设计文档的撰写；3.负责完成核心/重要模块的设计、代码开发及相关技术文档的编写；4.负责大数据系统整体及组件的性能、效率、稳定性分析与优化。任职资格1.计算机及相关专业本科以上学历，5年以上大数据开发经验，熟悉敏捷软件开发流程；2.良好编...,计算机软件,http://jobs.zhaopin.com/CC420357330J40829590205.htm,20-99人,2025-12-10 10:02:50
数据安全架构师,北京,京北方,本科,10年以上,"数据治理,数据建模,数据安全",2-2.5万,工作经验：5年以上数据安全领域深度实践经验，2年以上团队管理或复杂项目负责人经验；具备银行、证券、保险等金融机构或大型企业从业经验者优先。专业能力：精通数据安全与隐私保护相关法规、标准，深入理解ISO 27001、GB/T 35273等体系，能将合规要求转化为技术落地方案。熟练掌握数据安全关键技术，包括数据分级分类、加密脱敏、权限模型设计、数据流转监控等，了解主流数据安全产品及解决方案。熟悉大数据...,IT服务,http://jobs.zhaopin.com/CC315847110J40815306607.htm,10000人以上,2025-12-08 11:21:19
数据治理开发工程师（接受应届）,北京,北京大北农数智科技有限公司,本科,经验不限,"数据治理,数据挖掘",1.5-2.5万,岗位职责：（1）参与数据治理体系的设计与搭建，包括基于数据中台的数据标准、数据质量、数据安全、元数据管理、主数据建设等模块；（2）负责数据治理相关工具和平台的开发、维护与优化，确保其稳定高效运行；（3）与业务部门紧密沟通，理解业务数据需求，将其转化为数据治理方案并落地实施；（4）设计并实现数据清洗、转换、集成等数据处理流程，提升数据质量；（5）参与数据模型的设计与优化，确保数据结构合理，满足业务查...,计算机软件,http://jobs.zhaopin.com/CCL1506492670J40856492712.htm,10000人以上,2025-12-05 13:22:06
数据工程师（数据库开发）,北京,北京天亿弘方投资管理有限公司,硕士,5-10年,"数据清洗,数据库架构设计,医疗数据清洗",2-2.5万,美年健康产业研究院：数据工程师岗位说明：1. 负责健康医疗多源数据（含健康体检、全癌种等方向数据）的清洗、整合与建模，保障数据准确性与可用性，为数据应用提供高质量基础数据；2. 主导健康医疗相关数据库的总体架构设计、搭建与运维工作，设计涵盖样本、临床元信息等的多层次数据结构，实现数据的高效存储与快速检索；3. 设计数据安全、隐私保护、备份策略及权限访问控制体系，确保医疗数据在全生命周期内的安全性；...,证券/期货,http://jobs.zhaopin.com/CC260422030J40724106206.htm,100-299人,2025-11-28 15:43:41
数据治理项目经理,北京,燕京啤酒,本科,经验不限,数据治理,1.5-2.5万,岗位职责:1、负责数据治理项目的规划和执行工作，制定项目计划并监督项目实施进度和质量；2、根据业务需求分析设计数据治理方案及实施方案，确定实施目标和关键指标；3、对项目涉及的各类流程进行优化，推动相关数据的标准化和规范化管理；4、负责收集数据治理相关的问题并提出解决方案；5、组织数据分析工作，推进数据模型建立与完善；6、负责对项目各阶段成果进行评估总结。 任职要求:1、具备大数据技术原理、数据挖掘...,快速消费品,http://jobs.zhaopin.com/CC120118610J40656395006.htm,10000人以上,2025-11-20 09:27:05
数据治理经理,北京,信华信技术(昆山)有限公司,本科,5-10年,数据治理,1.9-2.5万,工作职责 1. 体系建设与规划：· 参与制定和完善公司数据治理的战略规划、管理框架、制度规范和工作流程。· 设计和推动数据治理组织架构的落地，明确各相关部门的数据责任。· 引入并适配国内外数据管理成熟度模型（如DCMM），持续提升公司数据管理能力。2. 数据标准与规范管理：· 主导建立企业级数据标准体系，包括主数据（如场站、供应商、物料、组织）和重要参考数据的标准化管理。· 制定和维护数据分类分级...,计算机软件,http://jobs.zhaopin.com/CC589131620J40806508511.htm,1000-9999人,2025-11-18 17:17:40
数据工程师（医疗影像开发方向）,北京,北京天亿弘方投资管理有限公司,硕士,经验不限,"数据治理,数据架构,数据库开发,医疗影像",2-2.5万,数据工程师（数据库开发）岗位说明：（面向体检数据开发）1. 负责健康医疗多源数据（含健康体检、全癌种、医疗影像等方向数据）的清洗、整合与建模，保障数据准确性与可用性，为数据应用提供高质量基础数据；2. 主导健康医疗相关数据库（含医疗影像大数据）的总体架构设计、搭建与运维工作，设计涵盖样本、临床元信息、医疗影像特征等的多层次数据结构，实现数据的高效存储与快速检索；3. 作为大数据架构师，负责医疗影像...,证券/期货,http://jobs.zhaopin.com/CC260422030J40736643906.htm,100-299人,2025-11-28 11:15:15
数据开发工程师,北京,天源迪科,本科,5-10年,"Sql,Python",1.5-2.5万,工作内容：1、根据业务需求进行数据业务开发，分析后台已有数据，理解数据维度和含义，并根据计算公式进行数据应用开发及分析。2、参与数据治理工作，根据目前已有数据，解析数据依赖，编排数据拓扑结构，数据元数据结构优化；提升数据易用性及数据质量，统一数据口径，制定数据标准化规则。3、对数据平台和执行引擎遇到问题时有一定的解决能力，负责 ETL 流程的优化及解决 ETL 相关技术问题，对数据稳定性和性能有一...,计算机软件,http://jobs.zhaopin.com/CC130494460J40822951414.htm,1000-9999人,2025-11-18 16:29:08
数据建模工程师（研究院）,北京,中国恩菲工程技术有限公司,硕士,3-5年,"机器学习,深度学习,Python,回归算法,工业大数据挖掘分析,PHM设备健康预测与故障预警,Java,数据大屏开发-前后端",1.3-2.5万,任职要求（1）计算机、数学、统计学等相关专业已取得硕士及以上学位；（2）熟练掌握C++、C#、Python等编程语言中的一种或几种，熟悉深度学习算法，有主流深度学习、机器学习框架（tensorflow/pytorch/keras/sk-learn等）使用经验；（算法岗）（3）掌握常见的机器学习、深度学习、强化学习算法模型，PCA、DT、SVM、KNN、LSTM、RNN、Q-learning、DQN...,工程技术与设计服务,http://jobs.zhaopin.com/CC135816980J40530194808.htm,1000-9999人,2025-11-17 15:06:40
数据挖掘工程师,北京,中福彩科技发展(北京)有限公司,本科,5-10年,"风控算法模型,数据挖掘,画像,机器学习,Python",2-2.5万,工作概要： 负责对彩票业务数据进行挖掘与分析，并建立站点、游戏、玩法等相关画像数据，以数据推动决策，并提升决策效率；根据彩票销售及兑奖业务给出合理的风险控制算法模型，以提升系统的风控和反欺诈能力；根据彩票业务数据结合营销活动等相关内容对营销活动给出相关参考模型；分析现行系统日志结合运维与运营操作给出合理的监管和责任模型。 岗位职责： 1、数据预处理：对数据进行预处理和特征加工，以提高数据的质量和可...,IT服务,http://jobs.zhaopin.com/CC563630180J40703149914.htm,100-299人,2025-11-13 10:28:54
架构师,北京,沈阳民航东北凯亚有限公司,硕士,5-10年,数据治理,2-2.5万,工作内容本岗位从事工作为统筹本部门开发工作技术选型、优化系统架构，有企业数字化平台系统设计经验的优先，有ai大模型应用落地设计开发经验的优先。1、基于业务需求和技术发展趋势，负责系统架构设计和核心模块设计，推动与指导开发团队持续对系统进行改进和优化，保障系统的稳定；2、负责技术选型与开发标准制定，提出合理化建议；3、定期总结和分享工作中沉淀的经验和成果；与团队成员保持良好的沟通、交流，作为核心带动...,计算机软件,http://jobs.zhaopin.com/CC130940560J40802197212.htm,1000-9999人,2025-11-13 00:00:02
数据治理工程师,北京,软通动力信息技术(集团)股份有限公司,本科,5-10年,"数据治理,数据仓库",1.8-2.5万,岗位职责：1、参与集团数据治理全周期的工作;2、配合制定、优化数据治理制度、流程设计等;3、对接业务部门，收集数据问题，根据流程开展数据治理工作，包括元数据管理、数据质量检查、数据标准等，并定期形作，包括元数据管理、数据质量检查、数据标准等，并定期形4、建立数据质量监控与评估体系，定义关键数据质量指标，识别数据问题根源并制定源头尤化方案，持续提升数据准确性识别数据问题根源并制定源头尤化方案，持续提...,互联网,http://jobs.zhaopin.com/CC000544460J40772212316.htm,10000人以上,2025-11-07 16:16:00
数据治理工程师,北京,中国航空综合技术研究所,本科,3-5年,数据治理,1.5-2.5万,岗位职责：1、参与数据治理、数据标准化、物资编目相关技术研究与应用；2、参与数据治理、数据标准化、物资编目相关专业的方案规划、项目论证、标准研究标准制修订、治理实施、工具维护、技术咨询等工作；3、跟踪研究国内外数据治理、数据标准化理论及方法。任职要求：1．基本要求：统招本科及以上学历，大数据、计算机、机械、电子、材料等理工科相关专业。2．英语要求：英语四级以上，六级以上优先。3．计算机要求：熟练掌...,互联网,http://jobs.zhaopin.com/CCL1318355140J40823694203.htm,500-999人,2025-11-04 10:14:15
数据开发与应用,北京,中核战略规划研究总院有限公司,硕士,3-5年,数据治理,1.5-2.5万,职位描述：主要负责数据治理、信息化相关项目的规划、组织、实施和管理工作。应聘者需具备良好的专业素养，具备核专业背景者优先。任职要求：1.硕士及以上学历；2.年龄45周岁以下；3.具备3年以上数据治理或项目管理经验，有成功实施数据治理项目的经验者优先，具备核专业背景优先；4.具备良好的沟通协调能力、团队合作精神和责任心；,学术/科研,http://jobs.zhaopin.com/CCL1242919950J40562908807.htm,1000-9999人,2025-10-27 13:40:22
大数据工程师,北京,深圳市讯方技术股份有限公司,本科,5-10年,"Hadoop,Spark",1.8-2.5万,岗位职责：1、大数据集群搭建及运维；2、大数据开发支持及驻场运维。 任职要求： 学信网本科及以上学历（5年本科） 1、熟练使用java、scala编程语言； 2、熟悉hadoop生态圈相关技术，如HDFS、Hbase、Hive等； 3、熟悉spark、flink、Elasticsearch等技术原理； 4、熟悉数据的采集、开发等相关技能； 5、有实际的spark等组件的调优经验； 6、熟练掌握Li...,互联网,http://jobs.zhaopin.com/CC132230560J40717019506.htm,1000-9999人,2025-10-11 09:05:26
大数据开发工程师,北京,中福彩科技发展(北京)有限公司,本科,5-10年,Java,2-2.5万,岗位职责： 1、大数据平台开发与维护： （1）参与开发企业级大数据平台架构，包括数据采集、存储、计算、调度等模块； （2）负责 Hadoop、Spark、Flink、Kafka 等大数据组件的部署、配置与优化；（3）开发数据集成框架，实现多源数据（结构化 / 非结构化）的高效采集与同步； 2、数据处理与算法开发： （1）参与设计与开发批量/流式数据处理流程，实现数据清洗、转换、聚合等 ETL 操作...,IT服务,http://jobs.zhaopin.com/CC563630180J40764051614.htm,100-299人,2025-10-07 00:05:02
大数据开发工程师,北京,中资检验认证有限公司,本科,5-10年,"Hadoop,Spark,Kafka,linux,Java,Python,Scala,Hbase",1.7-2.5万,岗位职责1、 参与大数据项目的需求分析、系统架构设计、并完成需求设计相应文档的编写 ；2、 参与数据仓库建设，负责数据仓库模型设计，开发高质量可扩展的底层数据仓库体系 。岗位要求1、 统招本科及以上学历，计算机或者数学等相关专业，具备5年以上大数据和数据仓库相关工作经验；（本条为硬性条件，不符合请勿投）2、 熟悉Linux操作系统，熟悉shell编程 ；3、 熟练掌握大数据组件的使用（hdfs、h...,云计算/大数据,http://jobs.zhaopin.com/CCL1337269640J40598419505.htm,100-299人,2025-09-29 00:44:21
实时数据库开发,北京,北京九思易自动化软件有限公司,本科,经验不限,"Oracle,MySQL,SQL Server",1.5-2.5万,九思易自动化软件公司专注于管控数字化平台的研发与推广，是国家“高新技术企业”和“北京市专精特新企业”，具有CMMI 3级国际认证，1项国家发明专利和百余项软件著作权，曾参与科技部国家重大专项软件的研发。九思易的研发团队个人素质出众、行业经验丰富、技术积累深厚、始终关注前沿技术和行业发展方向、富于创新精神、执着而有激情。九思易打造的易控系列产品在行业内具有技术领先的地位，是推动数字化转型和智能化升级...,计算机软件,http://jobs.zhaopin.com/CC120900800J40921021104.htm,20-99人,2025-09-18 14:27:02
数据治理岗(J10333),北京,金开新能科技有限公司,硕士,3-5年,数据治理,1.5-2.5万,岗位职责:1、数据治理体系构建并优化，制定策略规划与规范制度，紧跟行业趋势动态升级。2、数据质量管理，建立标准与监控体系，管控数据全生命周期质量，处理并预防质量问题。3、数据标准管理，制定、维护及推广数据标准，协调整合各系统数据标准差异。4、主数据管理，规划主数据管理体系，治理主数据并支持内部应用需求。5、数据治理平台建设与优化，规划建设并运维数据治理平台，实现自动化与智能化。6、数据分析与报告，...,新能源,http://jobs.zhaopin.com/CCL1428450740J40730678902.htm,300-499人,2025-08-28 13:42:03
大数据平台开发工程师,北京,北京行展软件科技有限公司,本科,3-5年,"数据仓库,数据库开发,Hadoop,Spark,Sql",1.6-2.5万,大数据平台开发--厂商一、岗位职责1.负责集团数据平台、数据仓库的数据开发工作;2.负责数据平台大数据处理工作，参与数据采集、传输、分析、建模等工作;3.负责产品业务数据应用展示功能实现、数据逻辑优化、数据模型创建与维护;4.负责支持数据监管推送业务报表开发;二、任职要求1.计算机相关专业，本科及以上学历;2.具备4年以上大数据平台实施、开发经验；3.熟练掌握数据ETL流程，具有星环大数据平台实际...,计算机软件,http://jobs.zhaopin.com/CC420357330J40807329705.htm,20-99人,2025-08-28 09:47:21
高级业务经理(J12872),北京,先进数通,本科,5-10年,数据治理,1.5-2.5万,岗位职责:1、分析金融数据治理业务需求，为客户提供“数据模型、数据治理、数据管理”解决方案; 2、承担数据治理解决方案的规划与设计，产品和技术规划，包括数据架构设计、数据标准管理、元数据管理、数据质量管理等3、承担数据治理体系，确定数据治理流程与制度建设方案(包括技术评估和方案选型)；4、指导和协助团队其他成员，共同建设和推进数据管理流程，规范个方法；5、参与数据集成和数据治理类产品的设计、研发及...,IT服务,http://jobs.zhaopin.com/CC000432190J40603355916.htm,1000-9999人,2025-08-25 17:40:25
大数据工程师,北京,北京淘友天下技术有限公司,本科,1-3年,GoLang,2-2.5万,岗位职责1、负责人脉场景下的数据模型抽象，构建面向人脉业务的数据模型体系；2、负责海量数据离线和实时数据开发、优化及迭代；3、参与大数据治理相关工作。岗位要求1、计算机相关专业，本科及以上学历，可接受优秀26应届生和实习生；2、熟悉数据仓库实施方法论，1-3年离线和实时数据开发经验；3、有Hadoop、Clickhouse、Doris、Flink、Kafka等相关数据处理经验；4、熟练掌握Java...,互联网,http://jobs.zhaopin.com/CC705057820J40768150101.htm,500-999人,2025-08-18 10:32:22
数据备份软件架构师,北京,北京航天情报与信息研究所,硕士,5-10年,"GlusterFS,数据建模,数据库开发,大数据开发",1.5-2.5万·13薪,岗位职责1.编写架构设计文档，制定开发规范并指导研发团队落地；2.根据需求设计数据备份系统产品架构，支持PB级数据存储与秒级RPO；3.制定国产化技术栈适配方案（CPU/OS/数据库兼容性设计）；4.主导核心模块技术选型（存储引擎/传输协议/加密算法）；5.构建跨数据中心的备份恢复架构，实现异地备份与快速恢复；6.适应产品需求变化，持续优化系统性能与安全性。任职要求1.硕士及以上学历，计算机相关专...,社团/组织/社会保障,http://jobs.zhaopin.com/CC352240820J40743428816.htm,500-999人,2025-08-15 09:35:33
高级数据工程师,北京,太极计算机股份有限公司,本科,3-5年,"数据治理,ETL,CDMP",2-2.5万,岗位职责：1、负责部门所承担项目中数据治理、数据仓库、数据交换等相关内容的组织实施；负责配合售前完成数据治理相关解决方案编制；2、负责完成项目需求调研和分析，编制相关的需求文件；3、负责根据项目数据治理要求，制定数据元、数据集、数据交换和元数据等标准；4、负责根据项目需求，设计数据存储架构、数据治理框架以及数据处理、数据交换和数据服务等流程，用以规范和指导数据治理工作；5、负责根据项目要求和数据特...,计算机硬件,http://jobs.zhaopin.com/CC000058760J40775985310.htm,1000-9999人,2025-08-14 15:16:37
数据治理工程师,北京,中国航空综合技术研究所,本科,3-5年,"数据治理,系统架构设计师,数据标准化",1.5-2.5万,岗位职责：1、参与数据治理、数据标准化、物资编目相关技术研究与应用；2、参与数据治理、数据标准化、物资编目相关专业的方案规划、项目论证、标准研究标准制修订、治理实施、工具维护、技术咨询等工作；3、跟踪研究国内外数据治理、数据标准化理论及方法。任职要求：1．基本要求：统招本科及以上学历，大数据、计算机、机械、电子、材料等理工科相关专业。2．英语要求：英语四级以上，六级以上优先。3．计算机要求：熟练掌...,船舶/航空/航天/火车制造,http://jobs.zhaopin.com/CC130648740J40647891708.htm,1000-9999人,2025-08-13 00:35:20
数据管理工程师,北京,北京燕东微电子股份有限公司,本科,3-5年,,1.5-2.5万·13薪,一、岗位职责1、数据治理策略和框架设计：设计和实施公司数据治理策略，确保数据管理符合行业最佳实践；参与制定数据管理政策、标准和流程，确保数据的规范化、标准化管理。2、数据质量管理：负责数据质量的监控与提升，确保数据的准确性、一致性、完整性、时效性和可用性；设计和实施数据质量控制程序和检查机制。3、工具和平台管理：选择和管理数据治理工具和平台，确保有效实施数据治理策略；监控和报告数据治理平台的使用情...,电子/半导体/集成电路,http://jobs.zhaopin.com/CC120986540J40766879710.htm,1000-9999人,2025-07-17 10:44:59
大数据工程师,北京,天维讯达(北京)科技有限公司,硕士,经验不限,"Java,Python,数据库开发,Hadoop",1.5-2.5万,我单位为国家无线电监测中心检测中心（事业单位）下属的国有企业，旨在为无线电技术领域提供检测认证、产品研发等专业化服务。天维北京成立于2005年1月，平台稳定，拥有国家高新技术企业、QES管理体系、信息系统建设和服务能力（CS2级）等多项权威资质或能力等级评定，被认定为全国科技型中小企业、北京市“专精特新”中小企业、北京市知识产权试点单位。 一、工作内容 1、掌握Hadoop、HBase、Kafka...,通信/网络设备,http://jobs.zhaopin.com/CC524908630J40787481612.htm,20-99人,2025-07-11 00:00:01
企业数字化转型架构师,北京,仟亿达集团股份有限公司,本科,5-10年,"数据治理,数据建模,数据库开发",1.5-2.5万,职位介绍职责描述： 1、技术咨询与引导 为客户深度讲解钢铁+化工行业数字化相关技术，包括物联网、大数据、人工智能等在钢铁+化工行业场景的应用原理、优势及发展趋势，协助客户理解数字化能为钢铁+化工行业业务带来的价值和改变 。比如介绍智能设备如何实时采集数据，助力生产决策。 针对客户对现有钢铁+化工行业业务的疑问，从数字化技术角度提供专业解答和建议，引导客户发现潜在数字化需求。 2、需求分析与挖掘 与...,电力/水利/热力/燃气,http://jobs.zhaopin.com/CC137413450J40787929405.htm,100-299人,2025-06-24 10:31:42
数据工程师,北京,华夏久盈资产管理有限责任公司,硕士,5-10年,"数据治理,数据库开发",面议,（一）岗位职责1. 数据中心架构设计和开发工作：参与数据中心的架构设计和实际开发工作，确保数据中心的设计能够满足业务需求，支持公司的数据分析和决策。2. 数据治理和数字化转型工作：参与公司数据治理和数字化转型工作，包括数据标准维护、数据质量监控、元数据管理等，推动公司数据的标准化和质量管理。3. 数据应用项目建设：带领团队完成监管报送等数据应用项目的建设，确保项目能够按时交付，满足监管要求。4. ...,保险,http://jobs.zhaopin.com/CC301766630J40680371106.htm,100-299人,2025-06-04 14:46:35
数据工程师,北京,中国电子科技集团有限公司电子科学研究院,本科,1-3年,"数据治理,数据架构,数据仓库,Java,Python,Scala,Hadoop,Flink,Spark",1.6-2.5万,学历要求：硕士及以上，优秀者可放宽学历要求至本科工作经验：有大数据架构和开发、数据仓库建设、数据治理、数据库设计与优化等方面专业背景，有2年以上相关行业信息系统工作经历者优先。工作内容：1、数据资源体系设计；2、数据平台架构及系统设计；3、关键算法设计验证。技能要求：1、精通Hadoop、Spark、Flink等计算框架，熟悉MPP计算引擎。2、熟悉关系型数据库和NoSQL数据库，如MySQL、O...,学术/科研,http://jobs.zhaopin.com/CCL1279414330J40676739106.htm,1000-9999人,2025-05-23 14:59:04
数据治理工程师（智慧交通）,北京,河南省视博电子股份有限公司,本科,3-5年,"数据治理,Hadoop,智慧交通",1.5-2.5万,岗位职责：1、负责各业务的数据治理，根据业务数据现状，提炼并输出各业务块数据治理的方案，并推动业务数据治理的落地；2、参与集团数据治理系统的建设，推广应用，提升全公司数据治理文化；3、沉淀集团数据资产，建立健全数据资产目录，以及数据资产相关的系统落地；任职要求：1、本科及以上学历，电子类、计算机专业，3 年以上大数据相关经验；2、熟悉Hadoop架构，对HDFS、Hive、Spark、Kafka、...,IT服务,http://jobs.zhaopin.com/CC426904410J40618242108.htm,1000-9999人,2025-04-27 14:22:48
研发中心-数据类系统设计与开发,北京,新华人寿保险股份有限公司,本科,5-10年,金融,面议,工作职责：1.负责大数据平台、统计信息管理平台、管理驾驶舱、监管EAST报送等系统的规划设计，负责功能设计、开发及相关的评审与管理，指导程序开发岗进行编码开发及实施过程管理等相关工作；2.参与数据类系统实施团队建设，负责团队成员的技术培训和指导，保障交付实施质量；3.制定和维护相关系统架构规划和技术规划，追踪相关领域业务与技术的前沿趋势和应用研究，对标行业先进，制定技术架构及性能优化方案，并推进落...,保险,http://jobs.zhaopin.com/CC000058790J40724029110.htm,1000-9999人,2025-03-19 10:10:44
数据工程师,北京,北京术杰科技有限公司,大专,5-10年,"MySQL,达梦数据库",1.5-2.5万,岗位内容：1. 设计、优化和实现数据库结构，保证数据的完整性、可靠性和安全性。2. 深入掌握业务逻辑，初始化业务系统数据，对历史数据进行清洗、处理和导入，保障业务系统上线和成功运行。2. 开发和维护存储过程、触发器、索引和其他数据库对象，以提高系统性能。3. 制定数据库备份和恢复策略，并确保备份的及时性和有效性。4. 随着业务数据量的增加，能够运用数仓、分库分表、读写分离等技术保障业务系统性能。5...,计算机软件,http://jobs.zhaopin.com/CC859103410J40822486815.htm,20人以下,2025-03-18 10:13:21
数据处理工程师,北京,北京金之盾信息技术有限公司,本科,3-5年,Python,1.5-2.5万,（一）岗位职责：1.负责开发数据处理程序；2.负责对原始数据进行清洗、扩展、特征提取、入图数据库；3、利用数据算法对原始数据进行质量监控，对处理后数据进行验证。 （二）岗位要求： 1.3年以上工作经验，本科以上学历，计算机相关专业； 2.对区块链知识有相应的理解和认识，了解并熟悉区块链相关技术； 3.熟练掌握SQL语言，深入了解至少一种关系型数据库系统，精通MySQL者优先； 4.熟悉常见编程语言...,IT服务,http://jobs.zhaopin.com/CC142404980J40474043104.htm,100-299人,2025-03-03 15:41:52
软件开发师,北京,外企德科数字技术有限公司,本科,经验不限,"软件开发,数据库开发,数据中台开发,Java,Python,C语言,Hadoop,Flink,Spark",1.2-2.4万·14薪,岗位职责：参与云端大数据服务与产品的质量保障体系建设，负责测试方案设计、自动化脚本开发及系统质量评估；深入理解大数据产品架构，参与测试工具与平台研发，提升测试效能与产品可靠性；基于竞品分析与用户反馈，协助优化产品体验与服务质量；支持重点项目全流程测试，参与技术难题攻关与问题定位。 职位要求： 统招本科及以上学历，计算机、软件工程等相关专业优先； 具备良好的计算机基础知识，熟悉数据结构、操作系统、网...,专业技术服务,http://jobs.zhaopin.com/CCL1480117890J40837063705.htm,10000人以上,2026-01-11 00:27:04
数据治理,北京,上海骅众信息技术有限公司,本科,5-10年,数据治理,1.4-2.4万,1、本科及以上学历，计算机、项目管理、数据管理等相关专业优先。2、5 年以上数据治理、数据中台、数字化转型类项目管理或项目群管理经验，有大型集团型企业数据治理项目经验者优先。3、持有 PMP、项目管理师（高级）等相关专业认证者优先；熟悉数据治理工具（如主数据管理平台、数据质量监控工具）或大数据技术栈者加分4、必须含项管系统、人资和司库系统任意一个方向，要熟悉数据治理方法论和流程,人工智能,http://jobs.zhaopin.com/CCL1268601760J40818517009.htm,100-299人,2026-01-04 09:16:22
数据开发,北京,软通动力信息技术(集团)股份有限公司,本科,5-10年,"数据库开发,ETL,Hadoop,Flink,SmartBI",1.8-2.4万,"任职资格:1、本科以上学历，计算机相关专业，5年或以上工作经验,具备数据运营、数据分析或相关领域的工作经验，熟悉数据管理、数据共享、数据开放等业务流程；2、掌握数据建模方法、指标体系构建方法并熟悉数仓ETL过程；3、掌握SmartBI，有丰富的报表设计开发经验；一轮线上，二轮现场",互联网,http://jobs.zhaopin.com/CC000544460J40784566316.htm,10000人以上,2025-12-30 17:51:07
数据中心（机房）设计工程师,北京,北京盈创力和电子科技有限公司,本科,3-5年,数据中心,1.2-2.4万,岗位职责 1.规划与设计 - 负责机房数据中心的整体规划与设计，包括场地布局、电气系统、空调系统、网络架构、安全防范等方面，确保设计方案满足客户需求和行业标准。 - 依据项目需求和技术发展趋势，进行机房数据中心的容量规划和性能评估，制定合理的技术方案和预算。2.技术支持- 为机房建设和改造项目提供技术支持，参与项目的招投标、技术谈判等工作，解答技术疑问，协助客户完成项目实施。- 根据项目需求，进行...,智能硬件,http://jobs.zhaopin.com/CC294347010J40707648711.htm,20-99人,2025-12-10 11:05:19
数据开发工程师,北京,中机数科(北京)信息技术有限公司,硕士,3-5年,"C++,OCCT,VTK",1.2-2.4万,岗位职责：1、负责云平台内仿真前处理文件生成，后处理数据解析及格式互转；2、负责平台内工艺分析、前处理相关几何算法开发；3、负责平台几何数据解析、网格数据解析、数据格式转换等相关工作；4、参与平台内主要数据处理相关流程和算法的实现，主导数据结构的设计；任职资格：1、精通C++语言开发编程，3年以上开发经验；2、熟悉图形学相关常用算法，熟悉OCCT、VTK、vcglib等开源技术框架，有实际并行三维...,计算机软件,http://jobs.zhaopin.com/CCL1478288570J40761743716.htm,100-299人,2025-10-29 00:00:02
数据治理顾问-交付方向，可驻场出差,北京,北京三维天地科技股份有限公司,本科,5-10年,"数据治理,数据建模,项目交付",1.2-2.4万,工作职责1、负责数据治理体系建设、方案设计，提供专业的方法和技术支持，开展数据调研现状分析；2、负责数据治理相关制度、管理办法、规范、流程的设计及运作推动；3、负责制定数据标准、数据质量、数据安全、数据集成、数据分发等相关标准、规范；4、设计数据治理蓝图规划方案、实施方案，负责数据治理实施路线，指导数据战略制定与落地；5、负责数据资产盘点、数据架构设计工作。6、负责指导数据标准、数据质量规则梳理与...,计算机软件,http://jobs.zhaopin.com/CC000573220J40817237213.htm,1000-9999人,2025-10-25 00:19:42
技术经理（数据治理方向）,北京,国机工业互联网研究院(河南)有限公司,硕士,3-5年,"大数据开发,数据治理",1.5-2.4万,岗位职责：n 负责主数据系统、数据中台的运营与集成实施n 开发数据质量监控工具、数据治理自动化流程n 实施数据标准落地与数据模型设计n 提供数据集成、数据清洗、数据服务等技术支持n 优化数据平台性能，确保系统稳定高效运行任职要求：n 计算机科学、数据科学或相关专业硕士及以上学历，3年以上数据平台开发经验n 精通主流数据治理工具与数据中台技术栈n 熟悉ETL开发、数据建模、数据质量管理等技术，具备S...,IT服务,http://jobs.zhaopin.com/CC870769860J40764346001.htm,100-299人,2025-09-08 13:31:53
数据备份软件架构师,北京,北京航天情报与信息研究所,硕士,5-10年,GlusterFS,2.3-2.4万·13薪,岗位职责1.编写架构设计文档，制定开发规范并指导研发团队落地；2.根据需求设计数据备份系统产品架构，支持PB级数据存储与秒级RPO；3.制定国产化技术栈适配方案（CPU/OS/数据库兼容性设计）；4.主导核心模块技术选型（存储引擎/传输协议/加密算法）；5.构建跨数据中心的备份恢复架构，实现异地备份与快速恢复；6.适应产品需求变化，持续优化系统性能与安全性。任职要求1.硕士及以上学历，计算机相关专...,社团/组织/社会保障,http://jobs.zhaopin.com/CC352240820J40752680216.htm,500-999人,2025-09-03 10:57:36
大数据模型开发工程师,北京,北京魔蝉体育文化有限公司,硕士,3-5年,"Java,Flink,Kafka",2.3-2.4万,技术技能要求**1. 核心编程** - 语言：Python（熟练）、Scala/Java（可选）、SQL - 框架：PyTorch/TensorFlow、Hugging Face Transformers、LangChain **2. 大数据与分布式** - 计算框架：Spark/Flink、Ray/Dask - 数据处理：Hadoop/Hive、Kafka、Airflow - 云平台：AWS S...,培训/辅导服务,http://jobs.zhaopin.com/CCL1408619580J40751263211.htm,100-299人,2025-06-26 10:34:41
大模型数据工程研发+双休+五险,北京,外企德科,本科,3-5年,"Java,Hadoop,hive,大规模数据处理,SPRINGBOOT,SPRINGCLOUD,Kafka,Redis,MySQL",1.6-2.3万,职位描述 （熟悉Java、有Hadoop、Hive大规模数据处理经验、计算机相关专业！！！） 1. 负责可灵大模型数据平台的后端研发工作，包括数据标注、模型评测、数据批处理等核心系统的设计与实现，构建高性能、高可用、可扩展的平台系统。 2. 深度参与平台的需求分析、技术选型、接口设计、数据库设计与优化。 3. 解决复杂的并发处理、数据一致性、任务调度、分布式存储与计算相关问题。 任职要求 1. 本...,人力资源服务,http://jobs.zhaopin.com/CC138117190J40833176305.htm,1000-9999人,2026-01-11 00:23:00
数据开发工程师（SXYL）,北京,首都信息发展股份有限公司,本科,3-5年,"数据治理,数据挖掘,数据建模,Python,Sql",1.8-2.3万,岗位职责：1.负责医疗数据采集、存储及处理，基于Hadoop/StarRocks等技术构建数据处理流程。2.根据医药业务需求进行数据探查分析，开发自动化脚本。3.搭建医药主题数据仓库，优化数据架构与查询性能。4.制定医药数据开发标准化方案。任职条件：1.精通Hadoop生态体系，熟练掌握Python/SQL开发，具备数据仓库性能调优经验。2.熟悉数据仓库建设方法，具备数据仓库建模和数据治理经验。3...,互联网,http://jobs.zhaopin.com/CC000103760J40748987407.htm,1000-9999人,2026-01-09 00:09:02
数据开发（非结构化数据清洗）,北京,软通动力信息技术(集团)股份有限公司,本科,3-5年,非结构化数据清洗,1.8-2.3万,一、岗位职责1.编写数据处理程序，对结构化与非结构化数据进行清洗、转换与整合；2.编写高效 SQL 语句，实现异构数据源之间的数据转换与清洗；3.编写并维护调度任务，定时执行数据处理流程；4.部署与运维数据处理服务，保障服务稳定、高效运行；5.参与数据平台的架构优化与性能调优，支持大数据量场景下的稳定运行二、岗位要求 1.计算机、电子、自动化等相关专业，本科3年以上数据开发相关经验2.熟练掌握 P...,互联网,http://jobs.zhaopin.com/CC000544460J40785508516.htm,10000人以上,2026-01-06 09:40:54
大数据开发工程师,北京,京北方,本科,3-5年,"数据挖掘,数仓开发,数据中台,Hadoop,Hive,Spark",1.6-2.3万,任职要求 1.熟悉企业级数据仓库，熟练使用标准SQL语言、数据建模工具 2.熟悉Hadoop/Hive/vertica/oracle等数据库； 岗位职责: 1、负责大数据平台的维护建设，提升平台的安全、稳定及效率； 2、负责大数据平台工具研发，提高数仓及算法工程师的工作效率； 3、负责Hadoop、Hive、HBase、Spark等平台的实施和定制开发； 4、负责基于Spark和Flink框架的二...,IT服务,http://jobs.zhaopin.com/CC315847110J40311406507.htm,10000人以上,2025-12-10 14:19:31
大数据开发工程师(C1097),北京,中创智维科技,本科,3-5年,数据建模,1.3-2.3万,职位描述： 1、构建大数据平台，完成数据采集、复杂数据清洗、存储等开发工作； 2、参与项目统一的数据仓库数据开发； 3、基于Flink/Sparkstreaming引擎实现流式和批式⼀体化的数据融合处理 3、负责与企业级数据仓库建设和管理，包括但不限于数据质量、数据模型、数据安全相关标准的制定； 4、数据模型设计与ETL开发，系统性的数据解决方案，产出数据产品； 5、和数据分析师团队及需求部门进行...,人工智能,http://jobs.zhaopin.com/CC272222130J40418075414.htm,100-299人,2025-12-09 14:43:51
国企-保险数据开发-外包-六险一金-双休,北京,深圳万科祥盈管理服务有限公司,本科,5-10年,"ETL,数据仓库,财险",1.7-2.3万,工作职责1. 开展未决数据集中建设项目开发工作，包括数据采集、清洗、存储、加工计算等；2.参与未决和已决数据模型规划设计与开发；4.参与数据需求分析及需求设计文档编写；5.开展数据测试方案设计与数据验证工作。任职资格高级，公办本科及以上，有财险经验者优先。1. 具有5年以上财险行业数据仓库、数据集市项目经验，熟悉财险业务操作与管理的优先，2. 具备较强的数据开发经验与能力，精通数据仓库建模理论，熟...,企业服务,http://jobs.zhaopin.com/CCL1228465310J40799235901.htm,1000-9999人,2025-10-22 14:33:37
大数据运维工程师,北京,深圳市讯方技术股份有限公司,本科,5-10年,"Hive,Linux,MySQL,Hadoop,Spark,Hbase,大数据运维",1.5-2.3万,技能要求： （1）能够使用java、scala编程语言； （2）熟悉hadoop生态圈相关技术，如HDFS、Hbase、Hive等； （3）熟悉spark、flink、Elasticsearch等技术原理； （4）熟悉数据的采集、开发等相关技能； （5）有实际的spark等组件的调优经验； （6）熟练掌握Linux命令，会编写shell脚本等。 职位福利：五险一金、补充医疗保险、周末双休,互联网,http://jobs.zhaopin.com/CC132230560J40219708206.htm,1000-9999人,2025-09-16 17:50:06
高级etl工程师/数据工程师,北京,北京才鼎通科技有限公司,大专,5-10年,"Oracle,达梦,报表开发,监管报送,1104,可视化分析",1.5-2.3万,工作职责1、负责实施BI系统实施以及监管报送报表系统实施工作；2、负责客户需求的收集、整理和与客户的沟通确认工作；3、包括现场系统安装部署、测试、培训、问题排查等；4、负责制定项目实施规范并执行。岗位要求1、5年以上数据开发经验，精通Oracle/达梦数据库，熟练使用存储过程、函数、复杂SQL优化。2、熟悉银行业务，包括存款、贷款、同业、投资等数据处理，有财务公司项目经验优先。3、掌握数据仓库开发...,计算机软件,http://jobs.zhaopin.com/CC877489780J40764251601.htm,100-299人,2025-08-08 11:03:49
Java开发工程师,北京,长亮科技,本科,5-10年,"JavaScript,Spring,Mybatis,MySQL,Oracle,hive,Hadoop",1.5-2.2万,"1、本科，计算机专业优先，有银行金融相关项目工作经验优先；2、精通Spring, SpringMVC, SpringBoot 研习其源码并理解其设计思想；3、熟悉大数据相关技术栈，例如hvie、kafka、presto，熟练使用SQL语言；4、熟悉redis、kafka等中间件；5、对银行业务有较深入的理解，有信贷相关经验优先；6、具备良好的逻辑思维能力、业务解读能力和沟通能力，能够独立完成上级安...",计算机软件,http://jobs.zhaopin.com/CC120564550J40978420304.htm,1000-9999人,2026-01-06 15:06:07
初级大数据工程师,北京,中电华瑞技术有限公司,本科,无经验,数据治理,1.1-2.2万,任职要求1、专业要求：数学、计算机、电子信息等相关专业，本科及以上学历学位；2、具有扎实的理论分析基础，有一定的文献查询及调研、方案编制能力；3、良好理解和分析解决问题能力，优秀的沟通表达能力，积极热情，能主动推进工作；4、有Python/Matlab算法或回归分析、统计分析、最优分析等研究及编程实现经验者优先；5、统招本科及以上，985、211院校,电子/半导体/集成电路,http://jobs.zhaopin.com/CC371325110J40850844813.htm,300-499人,2025-12-19 18:31:32
高级etl工程师/数据工程师,北京,北京才鼎通科技有限公司,大专,5-10年,"Oracle,达梦,报表开发,监管报送,1104,可视化分析",1.5-2.3万,工作职责1、负责实施BI系统实施以及监管报送报表系统实施工作；2、负责客户需求的收集、整理和与客户的沟通确认工作；3、包括现场系统安装部署、测试、培训、问题排查等；4、负责制定项目实施规范并执行。岗位要求1、5年以上数据开发经验，精通Oracle/达梦数据库，熟练使用存储过程、函数、复杂SQL优化。2、熟悉银行业务，包括存款、贷款、同业、投资等数据处理，有财务公司项目经验优先。3、掌握数据仓库开发...,计算机软件,http://jobs.zhaopin.com/CC877489780J40764251501.htm,100-299人,2025-08-08 11:03:48
大数据开发工程师,北京,南京绛门信息科技有限公司,本科,3-5年,"Java,Python,MaxCompute,Flink,数据仓库",1.5-2.2万,【学历及专业】统招本科及以上学历，数学/统计/计算机专业优先【工作经验】3年以上数据分析及开发经验，具备扎实的计算机及数据开发理论知识，电力行业相关经验者优先。【工作内容】1.负责梳理和分析业务需求、运营分析需求等内容，完成数据溯源、业务规则向脚本逻辑转化等工作；2.负责基于常用组件及数据库（Kafka、Flink、Maxcompute）开展数据开发，完成业务运营、业务监测分析所需指标开发，搭建数...,计算机软件,http://jobs.zhaopin.com/CC426773320J40833815305.htm,1000-9999人,2025-12-18 17:02:45
大数据开发工程师（短期，海外出差）,北京,软通动力信息技术(集团)股份有限公司,大专,5-10年,"数据治理,数据中台开发,数据架构,Java,Python,Scala,Hadoop,Flink,Spark,华为云大数据,华为云",1.1-2.2万,主要职责：1、负责大数据搬迁和系统集成。2、利用华为云数据迁移工具搬迁数据仓库并进行数据核对。3、处理海量数据，进行实时和批处理分析，支持业务需求。4、具备良好的SQL优化能力；能够完成数据比对工作，并且在数据出错时，有能力根据数据济追溯并定位出问题脚本。任职资格：1、5年大数据开发经验，熟悉大数据相关技术栈。2、精通 Hadoop、Spark、Flink、hive等大数据处理框架。能够独立完成f...,互联网,http://jobs.zhaopin.com/CC000544460J40780399716.htm,10000人以上,2025-12-11 18:16:10
数据开发-监管报送,北京,北京捷科智诚科技有限公司上海分公司,本科,10年以上,"ETL,Sql,监管报送",1.5-2.2万,1. 熟悉银行业大数据产品开发。2. 有大数据场景下数据建模工作经验。 3. 熟悉银行业数据业务口径。4. 熟练的sql、shell开发能力。5.具备前后端开发经验优先考虑。,IT服务,http://jobs.zhaopin.com/CCL1405333700J40831050005.htm,1000-9999人,2025-12-05 16:35:38
数据治理工程师,北京,信华信技术(昆山)有限公司,本科,5-10年,"数据治理,DAMA-DMBOK,DCMM",1.8-2.2万,任职资格· 本科及以上学历，计算机科学、信息管理、统计学等相关专业。· 具备 5年以上 数据治理、数据管理或数据质量相关工作经验，有大型企业（尤其是央企、国企、能源、制造业）数据治理项目落地经验者优先。· 专业知识与技能：· 深刻理解数据治理领域知识，熟悉DAMA-DMBOK、DCMM等数据管理框架。· 精通主数据管理、数据质量、数据标准、元数据管理等至少两个核心领域。· 熟悉国家数据安全、网络安...,计算机软件,http://jobs.zhaopin.com/CC589131620J40806157711.htm,1000-9999人,2025-11-17 13:41:03
大数据开发（全国都可投递和安排，线上面）,北京,软通动力信息技术(集团)股份有限公司,大专,3-5年,"Flink,Spark,华为云",1.1-2.2万,关键字：华为云大数据， 大数据迁移、Flink调优主要职责：1、负责大数据搬迁和系统集成。2、利用华为云数据迁移工具搬迁数据仓库并进行数据核对。3、处理海量数据，进行实时和批处理分析，支持业务需求。4、具备良好的SQL优化能力；能够完成数据比对工作，并且在数据出错时，有能力根据数据济追溯并定位出问题脚本。任职资格：1、2年大数据开发经验，熟悉大数据相关技术栈。2、精通 Hadoop、Spark、F...,互联网,http://jobs.zhaopin.com/CC000544460J40778044816.htm,10000人以上,2025-12-02 17:47:01
AIGC管线技术指导,北京,启润科技咨询(重庆)有限公司,大专,1-3年,"数据治理,数据建模",1.8-2.2万,"（初级岗）公司现有AIGC科幻电影项目正在筹备中,期待您的加入......✱核心职责:1、协助主管设计、搭建AIGC技术管线。2、负责管理和维护 AI 渲染所需的硬件资源(本地 GPU 服务器或云端算力)。3、确保从“粗剪版""到 A1渲染的整个数据流程通畅无误。4、为生成艺术家提供标准化的渲染模板和技术支持，解决他们在使用AIGC工具和技术过程中遇到的问题，。✱所需技能:1、ComfyUl专家，熟...",企业服务,http://jobs.zhaopin.com/CCL1484414840J40806252414.htm,20人以下,2025-09-29 16:14:56
数据中台架构师,北京,北京行展软件科技有限公司,本科,5-10年,,1.6-2.2万,一、岗位职责1. 负责项目大数据平台开发的技术架构规划与设计，设计数据中台整体架构，涵盖数据采集、存储、计算、服务等全链路，制定技术标准与容量规划，推动数据治理体系建设，完善数据质量、元数据管理和资产目录构建。2. 负责AI+大数据的解决方案，参与大数据和AI的融合创新，通过AI技术革新大数据平台、数据中台、数据治理及数据服务等数据能力，提升数据智能化水平。3. 带领技术团队有效支撑数据中台运营团...,计算机软件,http://jobs.zhaopin.com/CC420357330J40799782105.htm,20-99人,2025-08-05 10:06:53
大数据开发工程师（Flink调优/Nifi/迁移/熟悉华为云平台）,北京,软通动力信息技术(集团)股份有限公司,大专,5-10年,"华为云,Java,Python,Hadoop,Flink,Spark,NiFi,迁移",1.3-2.2万,主要职责：1、负责大数据搬迁和系统集成。2、利用华为云数据迁移工具搬迁数据仓库并进行数据核对。3、处理海量数据，进行实时和批处理分析，支持业务需求。4、具备良好的SQL优化能力；能够完成数据比对工作，并且在数据出错时，有能力根据数据济追溯并定位出问题脚本。任职资格：1、5年大数据开发经验，熟悉大数据相关技术栈。2、精通 Hadoop、Spark、Flink、hive等大数据处理框架。能够独立完成f...,互联网,http://jobs.zhaopin.com/CC000544460J40778008616.htm,10000人以上,2025-12-02 16:43:19
大数据开发,北京,博彦科技承德有限公司,大专,3-5年,"Java,Flink",1.5-2.2万,"工作内容：数据运营工具研发数据接入及整合数据质量规则配置数据运维、告警响应学历：大专及以上学历，本科优先技能要求：1、研发基本功优秀:具备金融领域的专业知识,精通Hive/spark/flink其中一项SQL编程语言,至少熟练使用Shell、Python、JAVA等脚本语言之一项目的开发流程和规范非常熟悉(必备要求)2、学习理解能力好:具备高级分析问题和解决问题的能力,对业务系统上下游链路能够快速...",IT服务,http://jobs.zhaopin.com/CC637366030J40697098606.htm,1000-9999人,2025-07-23 09:24:20
大数据开发工程师,北京,中电金信软件有限公司,本科,5-10年,"Hadoop,Flink,Spark",1.6-2.1万,岗位要求： 1、精通SparkSQL/HiveSQL开发，至少4年实战经验； 2、熟悉执行计划解析与优化深入掌握Spark/Hive性能调优；熟悉hadoop；,计算机软件,http://jobs.zhaopin.com/CC443657520J40825873009.htm,10000人以上,2026-01-08 11:45:03
大数据开发工程师,北京,软通动力信息技术(集团)股份有限公司,大专,5-10年,"Java,Python,Shell,Hadoop,Flink,Spark,大数据迁移,NiFi,华为数据湖",1.6-2.2万,短期项目，需要出差主要职责：1、负责大数据搬迁和系统集成。2、利用华为云数据迁移工具搬迁数据仓库并进行数据核对。3、处理海量数据，进行实时和批处理分析，支持业务需求。4、负责Nifi作业的迁移和调测。5、具备良好的SQL优化能力；能够完成数据比对工作，并且在数据出错时，有能力根据数据济追溯并定位出问题脚本。任职资格：1、5年大数据开发经验，熟悉大数据相关技术栈。2、精通 Hadoop、Spark、...,互联网,http://jobs.zhaopin.com/CC000544460J40771496316.htm,10000人以上,2025-12-02 16:38:06
