职位,城市,公司,学历,经验,技能,薪资,工作描述,行业,职位URL,公司规模,发布时间,薪资_最小值,薪资_最大值,年薪月数
无人机-Linux 内核/平台 软件工程专家,深圳,北京三快在线科技有限公司,硕士,5-10年,,,为了更好地提升城市即时配送的效率与体验，2017年，美团启动了无人机配送服务的探索，通过科技创新推动履约工具变革，加快建设空地协同的本地即时配送网络。在过去的六年里，美团无人机完成了飞行器、自动化机场及智能调度系统的研发工作，实现了研发设计、生产制造、运营运维全链条布局，达成了城市复杂场景物流无人机高频次、高密度、多天时、多天侯运行。2023年7月，美团无人机在上海发布了自主研发的第四代无人机，跟...,互联网,http://jobs.zhaopin.com/CC383625320J40731337009.htm,10000人以上,2026-01-11 08:41:21,,,
嵌入式软件工程师,深圳,华为技术有限公司,本科,5-10年,"DSP,C语言,C++,Python",,负责智能光伏产品（如光伏逆变器、储能变流器、优化器等）与系统解决方案的功率控制软件和监控控制软件的开发交付工作：1、负责或参与光伏功率控制/监控软件等的开发交付工作，含功率拓扑控制、并网技术、通信交互等；2、负责或参与光伏领域算法与AI特性的研发、优化及工程落地，包括运筹优化、时序预测、光伏功率器件故障诊断等。3、负责或参与关键控制技术及应用的技术突破，通过系统设计、控制算法、仿真等创新技术点构建...,运营商/增值服务,http://jobs.zhaopin.com/CC000542940J40833758614.htm,10000人以上,2026-01-05 01:38:43,,,
嵌入式高级软件工程师,深圳,奥特迅,本科,5-10年,充电桩,45000-70000,"岗位职责：1、负责参与大功率直流充电桩及储能充电桩的系统软件的定义与规划。2、负责定义整机系统的架构、协议、人机界面、通讯等,负责软件开发，参与系统控制板硬件设计。3、协同系统、电气、硬件等进行系统开发和验证。4、参与充电桩系统及储充充电桩系统的认证工作5、负责充电桩项目的软件技术对接和调试工作。任职资质：1、电子、计算机、通讯、自动化等相关专业，本科及以上学历。2、（必要）具备 5年及以上直流充...",仪器仪表制造,http://jobs.zhaopin.com/CC000254640J40831234314.htm,500-999人,2025-12-17 18:05:55,45000.0,70000.0,12.0
嵌入式负责人,深圳,深圳市塞防科技有限公司,本科,5-10年,"C语言,C++,ARM处理器,嵌入式架构,安防产品,无人机",35000-70000,岗位职责：1. 技术领导：- 负责公司嵌入式系统的技术路线规划和方案设计。- 结合公司需求，制定嵌入式系统的发展计划和技术方向。- 指导并参与嵌入式软件和硬件的架构设计和开发工作。2. 项目管理：- 负责嵌入式系统开发项目的整体管理，包括需求分析、任务分配、进度控制和质量保证。- 协调团队成员和跨部门资源，确保项目按时、保质地完成。- 解决项目开发过程中遇到的技术难题和瓶颈。3. 团队建设：- 负...,智能硬件,http://jobs.zhaopin.com/CCL1474860650J40773999212.htm,100-299人,2025-11-19 14:50:56,35000.0,70000.0,15.0
资深java开发工程师（平台）,深圳,苏州阿尔泰进出口有限公司,本科,经验不限,"Redis,Java,平台开发",40000-70000,岗位职责：1、复杂系统架构设计：主导高并发、高可用分布式系统的架构设计与核心模块开发，保障系统可扩展性、稳定性和安全性；2、技术攻坚与优化：深入业务场景，解决性能瓶颈、分布式事务、数据一致性等技术难题，推动系统性能提升与成本优化；3、规范与技术体系构建：制定代码规范、技术演进路线，搭建通用技术组件与中间件，提升团队研发效率；4、跨团队协作：与产品、运维、数据团队深度合作，主导技术方案评审，推动复杂...,咨询服务,http://jobs.zhaopin.com/CC830172330J40835536612.htm,100-299人,2025-09-28 21:43:35,40000.0,70000.0,16.0
固件经理,深圳,淮安市纳杰云服技术服务有限责任公司,本科,10年以上,嵌入式工程师,45000-60000,工作职责：1、负责公司高速光模块产品(400G/800G/1.6T)固件系列设计与开发；2、协同硬件工程师完成MCU相关的原理设计以及产品功能调试，确保产品达到设计需求；3、编写高效、稳定的固件代码，完成 OE 模块底层驱动程序及通信协议的开发。4、根据固件性能及特点，协助测试工程师制定测试计划，组织实施测试工作，确保测试工作的计划性与规范性，协调解决测试测量软件的现场使用问题；5、组织固件开发产...,互联网,http://jobs.zhaopin.com/CCL1479851850J40819572711.htm,100-299人,2026-01-07 17:36:30,45000.0,60000.0,12.0
嵌入式高级架构师（AI+硬件）（A14672）,深圳,柏美智慧科技(上海)股份有限公司,本科,5-10年,,30000-60000,主要工作：- 嵌入式系统架构设计、BSP开发、驱动调试；- AI模型转换、量化、部署与优化；- 协同硬件、算法团队推动项目交付。 希望你：- 本科及以上，计算机/电子相关专业；- 5年+嵌入式经验，主导过AI项目；- 熟悉C/C++、PyTorch/TF、模型轻量化；- 有芯片厂合作经验（如RK、NV）更佳。 加分项：- 有视频/交换机/硬件开发经验；- 获得过AI算法竞赛奖项。 岗位亮点：- 边...,人工智能,http://jobs.zhaopin.com/CC850829750J40818247313.htm,100-299人,2025-12-12 11:02:18,30000.0,60000.0,15.0
软件开发经理,深圳,深圳市洪瑞光祥电子技术有限公司,本科,5-10年,"C++,交换机",30000-60000,职位职责： 1、根据需求，按照产品开发流程和规范要求，参与具体产品软件开发计划的制定和评审工作； 2、根据项目计划内容，承担并完成符合功能性能要求和质量标准的软件开发工作，并配合测试工程师，分析、定位、解决测试发现问题，达成交付质量； 3、根据产品开发流程要求，在具体项目范围内编写开发过程相关技术文档，并发起评审，归档工作； 4、执行软件功能自测试，软件发布； 5、解决开发阶段测试问题、产线问题、...,通信/网络设备,http://jobs.zhaopin.com/CC634298820J40681050210.htm,100-299人,2025-11-06 11:48:42,30000.0,60000.0,12.0
高级嵌入式工程师,深圳,深圳中集天达空港设备有限公司,硕士,5-10年,"PIC单片机,ARM处理器,DSP,C++,C语言",,岗位职责1. 负责ADAM，VDGS及新产品的系统架构设计、优化；2. 负责软件部署，测试、调优、性能优化；3. 负责Linux系统定制和内核裁剪；4. 负责小型计算单元板卡的设计和优化，包括FPGA、ARM、单片机、PCB版的软硬件设计开发；5. 制定系统测试方案，完成车规级系统交付6. 参与编写软件设计文档、需求分解文档、测试验收用例文档等7. 参与代码审核，评审。任职要求学历：硕士及以上；专...,专用设备制造,http://jobs.zhaopin.com/CC000421340J40767843905.htm,1000-9999人,2025-09-09 13:35:34,,,
高级嵌入式工程师-通用,深圳,深圳市大疆创新科技有限公司,本科,5-10年,"C语言,C++",35000-55000,有两类岗位需求岗位1：算法移植优化1. 负责算法的移植，将算法部署到目标平台，包括不限于嵌入式/手机/PC设备，与上下游模块完成联调，完成产品化落地。2. 负责算法部署后的资源优化，包括不限于内存优化，耗时优化，loading优化，调度优化等。3. 承担算法功能负责人，组织本模块，上下游模块的开发人员完成整个算法的产品化落地。岗位2：高性能计算（算子开发） 1. 负责算法前后处理的算子开发，基于C...,电子/半导体/集成电路,http://jobs.zhaopin.com/CC155596710J40660823012.htm,10000人以上,2026-01-07 01:32:05,35000.0,55000.0,15.0
软件开发经理,深圳,深圳市洪瑞光祥电子技术有限公司,本科,5-10年,,30000-60000,岗位职责： 1、根据需求，按照产品开发流程和规范要求，参与具体产品软件开发计划的制定和评审工作； 2、根据项目计划内容，承担并完成符合功能性能要求和质量标准的软件开发工作，并配合测试工程师，分析、定位、解决测试发现问题，达成交付质量； 3、根据产品开发流程要求，在具体项目范围内编写开发过程相关技术文档，并发起评审，归档工作； 4、执行软件功能自测试，到软件发布； 5、解决开发阶段测试问题、产线问题...,通信/网络设备,http://jobs.zhaopin.com/CC634298820J40721785510.htm,100-299人,2025-11-05 16:38:10,30000.0,60000.0,12.0
嵌入式软件技术主管,深圳,深圳市喜德盛自行车股份有限公司,本科,5-10年,"IOT,传感器,控制器",45000-55000,Veo，于2017年正式成立，总部设立于美国洛杉矶，同时在深圳设立了软件研发中心。Veo的使命是通过为所有人提供绿色出行来结束对汽车的依赖。我们在北美60多个城市提供了数千万次的共享滑板车与电动车的骑行服务，是北美top2服务提供商。我们从不牺牲质量来实现增长。相反，我们专注于建立一个坚实、可持续发展的业务。我们正迈入未来三年的高速增长阶段，诚邀认同我们愿景、愿意共同推动公司增长发展的优秀人才，与...,金属制品业,http://jobs.zhaopin.com/CC585958980J40741670106.htm,10000人以上,2026-01-06 00:18:02,45000.0,55000.0,12.0
无人车业务部-自动驾驶传感器工程师,深圳,北京三快在线科技有限公司,硕士,1-3年,,,美团自动配送以自研L4级自动驾驶软硬件技术为核心，与美团即时零售业务结合，形成满足公开道路、校园、社区、工业园区等室外全场景下的自动配送整体解决方案。美团无人车团队成立于2016年，团队成员来自于Waymo、Cruise、Pony.ai、泛亚等自动驾驶行业头部公司，自动驾驶技术团队博士占比高达30%，依靠视觉、激光等传感器，实时感知预测周围环境，通过高精地图定位和智能决策规划，保证自动配送车全场景...,互联网,http://jobs.zhaopin.com/CC383625320J40826057109.htm,10000人以上,2026-01-11 08:32:34,,,
高级嵌入式工程师（视觉、影像）,深圳,智洋创新科技股份有限公司,本科,5-10年,,30000-50000,"岗位职责：1、负责无人机吊舱的软件开发和维护，包括嵌入式系统开发、驱动程序开发、应用程序开发等。2、负责摄像头传感器调试与优化，实现图像采集、处理和数据流控制集成。3、负责摄像头子系统在嵌入式平台（如 Jetson, 海思, 瑞芯微等）上的集成，优化数据传输带宽、内存占用及处理延迟。4、与算法团队协作，支持视觉算法在嵌入式平台的部署、集成与性能加速。5、技术文档编写：编写设计、调试及测试文档，输出...",人工智能,http://jobs.zhaopin.com/CC324628210J40933438704.htm,500-999人,2026-01-11 00:14:03,30000.0,50000.0,12.0
嵌入式软件工程师,深圳,南京信然盛元企业管理有限公司,本科,5-10年,"C++,机器人,无人机",30000-50000,高级嵌入式软件开发工程师1.5年以上嵌入式开发经验，主要底层的开发；2.能看懂硬件原理图、能判断硬件问题还是软件问题；3.有动力产品的经验，门锁、摄像头、机顶盒、网关这种行业就不合适；岗位职责：1、主导嵌入式开发项目的软硬件技术方案设计、评审、实施、改进；2、编写嵌入式产品的固件代码、单元测试代码及完成产品研发所必须的其他开发工作，编写相应的技术文档；3、为实现产品功能，设计和编码实现相关的算法；...,人力资源服务,http://jobs.zhaopin.com/CCL1470517530J40836625005.htm,100-299人,2026-01-04 17:54:37,30000.0,50000.0,12.0
资深java开发工程师(外企正编，高学府优先）,深圳,大连君彩科技有限公司,本科,10年以上,"JavaScript,Spring,MySQL",40000-50000,职位描述1、负责电商履约系统（OFC/WMS/TMS等）架构设计、技术方案设计和核心功能的开发，协调和对接各方技术资源完成方案落地；2、负责技术难点攻关，分析系统瓶颈，解决各种疑难杂症；3、负责持续优化系统架构，满足高可用性目标。任职要求1、计算机相关专业、本科及以上学历、6年以上工作经验；2、精通Java开发，对网络协议、多线程并发、内存优化和系统性能优化有深入的理解和实践经验；3、有中大型电商...,IT服务,http://jobs.zhaopin.com/CCL1209753930J40823895009.htm,20-99人,2025-12-31 10:18:22,40000.0,50000.0,13.0
高级软件工程师,深圳,武汉景行英才人力资源服务有限公司,本科,10年以上,,25000-50000,1、计算机、电子信息工程或软件工程相关专业本科及以上学历2、熟悉嵌入式产品开发，熟悉汽车电子开发流程3、至少10年以上软件开发或软件测试经验4、有性能、白盒测试等专业测试领域经验者优先5、熟悉UDS、烧写协议，懂BootLoader、AUTOSAR更好,咨询服务,http://jobs.zhaopin.com/CC692528030J40784558316.htm,10000人以上,2025-12-30 17:23:59,25000.0,50000.0,13.0
嵌入式开发工程师,深圳,南京信然盛元企业管理有限公司,本科,5-10年,"C++,擅长应用层",35000-50000,擅长应用层开发，最好对底层也熟悉的岗位职责：1、主导嵌入式开发项目的软硬件技术方案设计、评审、实施、改进；2、编写嵌入式产品的固件代码、单元测试代码及完成产品研发所必须的其他开发工作，编写相应的技术文档；3、为实现产品功能，设计和编码实现相关的算法；4、参与测试方案的评审；5、参与公司研发体系的建设，如工具、制度、研发环境的建设等。6、根据项目计划，制定自己开发的子计划。并确保按照项目计划交付结果...,人力资源服务,http://jobs.zhaopin.com/CCL1470517530J40836149705.htm,20-99人,2025-12-31 08:52:21,35000.0,50000.0,13.0
嵌入式软件资深工程师（英语）,深圳,欣旺达电子,本科,10年以上,32位单片机,35000-50000,岗位职责：1、基于BLE、MCU芯片平台代码框架设计；2、负责产品软件设计方案、接口协议编写；3、负责产品软件编写、调试；4、负责产品开发周期中软件过程管理及执行；5、负责疑难问题的解决和技术攻关；6、负责相关技术文档的编写。任职要求：1、本科及以上学历计算机、电子等相关专业，10年以上嵌入式开发经验；2、具备英语口语能力，英语可作为工作语言；3、具有丰富的项目经验，以及独立带领团队经验；4、熟悉...,电子/半导体/集成电路,http://jobs.zhaopin.com/CC135947830J40677742211.htm,1000-9999人,2025-12-25 15:17:06,35000.0,50000.0,12.0
java开发工程师（物流）,深圳,大连君彩科技有限公司,本科,5-10年,"JavaScript,Java,SPRINGBOOT,SPRINGCLOUD,电商履约系统,供应链系统,SQLServer,MySQL,Spring,高并发",35000-50000,1、负责电商履约系统（OFC/WMS/TMS等）架构设计、技术方案设计和核心功能的开发，协调和对接各方技术资源完成方案落地；2、负责技术难点攻关，分析系统瓶颈，解决各种疑难杂症；3、负责持续优化系统架构，满足高可用性目标。任职要求1、计算机相关专业、本科及以上学历、6年以上工作经验；2、精通Java开发，对网络协议、多线程并发、内存优化和系统性能优化有深入的理解和实践经验；3、有中大型电商物流履约...,IT服务,http://jobs.zhaopin.com/CCL1209753930J40822443009.htm,20-99人,2025-12-25 12:12:38,35000.0,50000.0,12.0
嵌入式开发工程师,深圳,深圳市塞防科技有限公司,本科,5-10年,"C语言,C++,ARM处理器,嵌入式LINUX开发,应用层",25000-50000,工作职责：1、根据产品需求，负责嵌入式Linux相关的方案、架构、详细设计及具体功能的编码实现。2、负责嵌入式Bootloader及Linux内核剪裁、移植、优化；3、负责给上位机（或应用）提供API及相关的功能支持；4、负责linux应用层业务程序开发、调试；5、负责编写相关设计文档、调测试过程文档、使用说明文档等。任职资格：1、计算机、电子、信息、通信等相关专业毕业，本科及以上学历；2、精通C...,智能硬件,http://jobs.zhaopin.com/CCL1474860650J40858743812.htm,100-299人,2025-12-11 19:40:53,25000.0,50000.0,15.0
资深嵌入式开发工程师（双休+高薪+独角兽）,深圳,深圳市杉川机器人有限公司,本科,5-10年,"ARM处理器,C++,C语言,RTOS,uCOS,linux,32位单片机,MCU",25000-50000,职位描述：1、负责扫地机器人产品的嵌入式软件整体架构设计，制定技术路线和开发规范；2、设计高可靠性、高性能的嵌入式软件解决方案，支持机器人导航、避障、路径规划、传感器融合等核心功能；3、评估和选择适合的硬件平台、操作系统、中间件和开发工具，确保技术方案的先进性和可扩展性；4、组织技术培训和代码评审指导团队成员解决技术难题，提升团队整体技术水平；研究并引入新的开发工具、框架和方法，提升开发效率；5、...,电子/半导体/集成电路,http://jobs.zhaopin.com/CC456590280J40829872514.htm,1000-9999人,2025-12-11 18:02:52,25000.0,50000.0,15.0
高级嵌入式软件工程师（新能源+双休）,深圳,奥特迅,本科,5-10年,,30000-50000,岗位职责:负责嵌入式软件开发及团队管理建设，指导团队开发嵌入式系统的软件并确保系统性能、稳定性和可靠性。1、嵌入式系统产品需求拆解、技术总体方案设计、软件整体架构设计;2、指导团队开发嵌入式系统的软件，并确保系统性能、稳走性和可靠性;3、负责充电桩不同控制器的软件架构设计与搭建，开发与维护:4、负麦核心控制、调度算法开发和软件间交互功能设计与协议设计5、嵌入式系统(充电桩)核心功能模块的需求分析、...,仪器仪表制造,http://jobs.zhaopin.com/CC000254640J40829847014.htm,500-999人,2025-12-11 16:38:10,30000.0,50000.0,13.0
高级嵌入式软件工程师,深圳,深圳先进光源研究院,本科,5-10年,嵌入式,40000-50000,岗位职责:1. 负责基于STM32/GD32等ARM Cortex-M系列MCU的嵌入式软件开发，包括外设驱动开发、RTOS移植、低功耗优化等；2. 负责FPGA逻辑开发（Verilog/VHDL），实现高速数据采集、通信控制、实时信号处理及硬件加速功能；3. 开发与维护激光器配套的GUI上位机软件（Windows/Linux），实现激光器控制、数据可视化、参数配置及通信协议集成等；4. 编写技术...,学术/科研,http://jobs.zhaopin.com/CCL1257318640J40696324706.htm,300-499人,2025-12-01 10:17:56,40000.0,50000.0,12.0
高级嵌入式软件工程师（算法移植）,深圳,智洋创新科技股份有限公司,本科,3-5年,,30000-50000,职责：1、核心算法移植：负责将已在其他平台（如ARM/x86/GPU/PC）上验证的算法，高效地移植到目标ARM嵌入式平台。2、性能极致优化：对移植后的算法进行深度性能优化，包括但不限于计算速度、内存占用、功耗 等关键指标，确保其在资源受限环境下稳定运行。3、协同调试与集成：与算法研发团队紧密协作，理解算法原理，解决移植过程中的精度和性能问题；与底层驱动工程师协作，完成系统集成与联调。4、负责无人...,人工智能,http://jobs.zhaopin.com/CC324628210J40966284504.htm,500-999人,2025-11-26 00:04:01,30000.0,50000.0,12.0
嵌入式开发工程师(A02910),深圳,深圳市塞防科技有限公司,本科,3-5年,"ARM处理器,C语言,C++",25000-50000,岗位职责：1. 负责嵌入式 Linux 系统的软件开发与维护，包括系统层、驱动层及应用层的设计与实现；2. 参与硬件选型与评估，制定嵌入式系统架构方案，熟悉瑞芯微、海思、英伟达等硬件平台的软件开发；3. 设计并实现嵌入式系统中的通信协议，如 SPI、I2C、UART、Ethernet 等；4. 负责Linux系统接入不同机芯的图像及其编解码和视频推流，如MIPI、CVBS、BT656等接口的图像接...,智能硬件,http://jobs.zhaopin.com/CCL1474860650J40806558012.htm,100-299人,2025-11-19 14:51:05,25000.0,50000.0,15.0
软件工程师,深圳,深圳市辰星通科技有限公司,本科,经验不限,"C,无人机,机械臂,C++,Python,C语言,MPLAB,KeilC51",25000-50000,1、本科以上学历（熟悉电机控制及算法非常精通的大专亦可），电气工程，电力电子或电气传动等相关专业学术背景，3年以上交流永磁同步电机控制算法开发经验。2、精通三相交流同步电机模型，及其矢量控制算法，掌握永磁同步电机无感矢量控制技术。3、有成熟产品通过市场验证，或深度参与类似项目。4、有较强的责任心及团队合作精神岗位职责：1、负责变频器驱动器系列产品软件的开发2、负责为控制类产品的系统应用提供解决方案...,计算机硬件,http://jobs.zhaopin.com/CC261799513J00516109508.htm,20-99人,2025-11-17 19:38:44,25000.0,50000.0,12.0
嵌入式软件经理（充电桩）,深圳,石斯(上海)贸易有限公司,本科,5-10年,C++,28000-50000,岗位职责1、技术架构设计①主导充电协议栈（ISO 15118/SAE J1772/GB/T 27930）、控制逻辑、通信模块开发，支持多标准兼容（欧美标 / 国标）。②协同硬件团队完成主控芯片选型、接口时序优化，确保软硬件高效配合。2、项目与团队管理①带领跨职能团队（软件 / 硬件 / 测试），制定研发计划，把控项目进度与质量（代码规范、版本管理、技术评审）。②推进核心器件国产化替代，平衡性能与成...,汽车零部件,http://jobs.zhaopin.com/CCL1381617410J40798262901.htm,20-99人,2025-10-20 10:37:29,28000.0,50000.0,12.0
嵌入式软件算法高级工程师（能源管理控制盒/工业物联网网关方向）,深圳,TCL实业控股股份有限公司,本科,5-10年,"光伏户储,海外项目经验,英语工作语言",30000-50000,岗位职责：1.主导开发能源管理控制盒、备电盒的嵌入式固件，实现光伏、储能、电网、负载（包含充电桩和热泵）的能量流实时监控与控制策略（削峰填谷、自发自用、备电模式、经济性储热充电等），开发能源调度实时算法；2.负责嵌入式产品功能需求分析和设计工作，主导嵌入式智能屏应用程序开发，确保其⾼效运⾏和稳定性，优化产品的实时性能，确保系统在实时应用场景中的高效和可靠运行3.编写和维护优化相关的技术文档，包括详...,通用设备制造,http://jobs.zhaopin.com/CC830981590J40813953205.htm,10000人以上,2025-09-19 10:04:33,30000.0,50000.0,13.0
高级java工程师,深圳,深圳市睿服科技有限公司,本科,5-10年,"JavaScript,Spring",30000-50000,主要责任】1、与外资团队合作进行技术设计和开发。2、承担上级交办的其他任务和项目3、对模型和工具进行彻底的测试和验证，以确保准确性、可靠性和符合法规要求。4、提供与定量模型和工具相关的技术支持和故障排除问题5、与基础架构、I安全和合规团队合作，确保应用程序的安全和合规性6、带领初中级团队进行开发工作【任职要求】1、八年级以上相关开发经验2、计算机科学或相关专业本科及以上学历。3、精通Java，有分...,IT服务,http://jobs.zhaopin.com/CC603465980J40683714009.htm,1000-9999人,2025-09-08 16:46:31,30000.0,50000.0,12.0
上位机软件高级开发工程师，制造业,深圳,深圳市秒准测量技术有限公司,本科,3-5年,"C++,C语言,Python,X86处理器,32位单片机,ARM处理器",25000-50000,满足以下条件薪资可面议，工作满一年享年终分红，有能力者高薪诚聘/合伙人制；项目制工作方式，不提倡不要求加班。岗位要求：1、精通C#/C++语言编程，有多种编程语言经验；2、熟悉WinForm/wpf的开发，有BS、qt、安卓开发经验；3、精通串口、网口通讯，数据采集、滤波算法；4、本科以上学历，计算机通信自动化相关专业，3年及以上工作经验。岗位职责：1、负责PC端人机交互软件(上位机)应用程序开发...,电子/半导体/集成电路,http://jobs.zhaopin.com/CCL1486348840J40752769112.htm,20-99人,2025-08-28 09:44:31,25000.0,50000.0,12.0
高级嵌入式工程师（飞行平台）,深圳,智洋创新科技股份有限公司,本科,5-10年,,30000-50000,岗位职责： 1. 负责无人机的嵌入式软件架构设计、嵌入式系统开发，包括底层驱动、传感器数据处理、通信协议优化等； 2. 负责多传感器融合的嵌入式解决方案； 3. 负责优化嵌入式平台的实时性、功耗和性能，确保无人机的低延迟响应和高可靠性； 4. 参与无人机硬件-软件协同设计，与算法团队合作部署AI模型（如SLAM、运动规划等）到嵌入式平台； 5. 解决产品软件在实际运行中出现的问题，提出短期及长期优...,人工智能,http://jobs.zhaopin.com/CC324628210J40933439104.htm,500-999人,2025-07-22 09:43:38,30000.0,50000.0,12.0
数字电源软件工程师,深圳,深圳市瀚仑达实业有限公司,本科,3-5年,"嵌入式软件开发,器件选型,DSP开发,C语言",25000-50000,招聘岗位职责：1、负责大功率开关电源产品的研发全过程的软件系统设计；2、负责产品的功能、性能、可制造性、质量、成本等满足软件产品包需求；3、负责高功率密度电源产品的软件部分的概要设计和详细设计技术文档输出；4、负责数字电源产品的软件部分核心技术攻关，新技术研究；5、负责开发和维护数字电源的程序架构，发现和解决存在的设计问题； 招聘岗位要求：1、能独立承担数字电源软件控制和相关开发经验，熟悉ARM，...,电子/半导体/集成电路,http://jobs.zhaopin.com/CC245495810J40611332307.htm,20-99人,2025-03-06 00:01:43,25000.0,50000.0,13.0
嵌入式软件开发工程师,深圳,深圳市奕扬科技有限公司,本科,3-5年,"C语言,ARM处理器",30000-50000,"岗位职责：1.具备独立完成物联网终端，音视频产品的软件需求分析及架构设计；2.具备独立完成产品软件开发、音视频底层驱动编写、应用程序开发、软件测试等工作；3.具备独立完成物联网终端，视频类产品系统联调工作；4.具备独立完成编写设计文档能力。任职要求：1.集成电路、微电子、电子信息、通信、计算机软件开发等相关专业，985,211，双一流学校本科毕业及以上学历，5年以上工作经验（具有视频类开发经验者适...",物联网,http://jobs.zhaopin.com/CCL1462560440J40555928016.htm,20-99人,2024-11-28 10:48:23,30000.0,50000.0,13.0
无人车业务部-业务系统研发（履约、交易、营销）,深圳,北京三快在线科技有限公司,本科,1-3年,,,美团自动配送以自研L4级自动驾驶软硬件技术为核心，与美团即时零售业务结合，形成满足公开道路、校园、社区、工业园区等室外全场景下的自动配送整体解决方案。美团无人车团队成立于2016年，团队成员来自于Waymo、Cruise、Pony.ai、泛亚等自动驾驶行业头部公司，自动驾驶技术团队博士占比高达30%，依靠视觉、激光等传感器，实时感知预测周围环境，通过高精地图定位和智能决策规划，保证自动配送车全场景...,互联网,http://jobs.zhaopin.com/CC383625320J40824828509.htm,10000人以上,2026-01-11 08:23:50,,,
java/c/c++/python/js/go-线上面试,深圳,外企德科数字技术有限公司,本科,1-3年,"C语言,C#,Java",25000-45000,"1、参与数据治理产品的建设，理解客户需求和痛点，负责产品特性设计开发、测试任务；2、参与产品特性的设计和架构优化任务；3、支持应用服务的运营、用户支持及运维。４、负责SaaS产品的前端功能实现，独立完成产品设计好的交互功能和产品需求。５、配合需求负责人提升产品界面体验和优化""岗位要求：1、通信设备软件开发测试，熟悉软件开发流程；2、熟练掌握汇编/C/C＋＋、Java、python等编程语言，对CP...",专业技术服务,http://jobs.zhaopin.com/CCL1480117890J40832084005.htm,10000人以上,2026-01-11 00:26:43,25000.0,45000.0,16.0
嵌入式软件开发工程师-蓝牙耳机-音频类,深圳,广东君润人力资源服务有限公司,本科,5-10年,C语言,28000-45000,嵌入式软件工程师岗位职责：1、负责TWS耳机、蓝牙音响产品的软件开发；2、负责8位/32位MCU固件开发；3、跟进前沿无线音频技术、以及新平台的预研；4、综合调试和分析，解决项目遇到的问题。任职要求：1、通讯、计算机、自动化等相关专业本科(及以上）学历；2、有10年以上的嵌入式或计算机软件开发经验；3、精通C语言，；具有一定的电子线路基础知识；4、有良好的沟通能力和团队合作精神，工作积极主动、认真...,人力资源服务,http://jobs.zhaopin.com/CCL1255416450J40910741108.htm,10000人以上,2026-01-08 16:32:26,28000.0,45000.0,12.0
H81512岗功耗开发,深圳,武汉佰钧成技术有限责任公司,本科,3-5年,"C++,手机功耗分析,平板功耗分析,MTK",23000-45000,"任职要求： 1、本科以上学历，3年及以上的嵌入式开发经验，且有手机性能/功耗分析经验； 2、熟悉linux和android系统,具备系统分析能力； 3、有高通、MTK、iPhone手机性能功耗优化经验者优先。 4、对Benchmark，如SPEC、GeekBench等分析/研究/修改经验者优先。",计算机软件,http://jobs.zhaopin.com/CC364485720J40833650005.htm,1000-9999人,2025-12-18 10:26:50,23000.0,45000.0,12.0
嵌入式开发工程师,深圳,深圳市杉川机器人有限公司,本科,5-10年,C++,25000-45000,工作职责:1、根据需求文档，编写概要设计、详细设计，并开发相应模块代码；2、负责机器人控制程序、功能、设计开发调试验证工作；3、配合硬件工程师完成模块功能调试；4、配合上层应用软件工程师完成相关模块功能调试；6、负责扫地机应用相关的Linux设备驱动开发，如激光、摄像头等；7、参与技术平台的发展规划与选型，给出专业性意见和建议；8、完成领导交办的其它工作。任职资格:1、本科或以上学历，计算机软件、...,电子/半导体/集成电路,http://jobs.zhaopin.com/CC456590280J40829781314.htm,1000-9999人,2025-12-11 14:34:21,25000.0,45000.0,12.0
fw工程师/嵌入式软件工程师,深圳,南山集团,本科,5-10年,光模块,30000-45000,要求：有光模块经验1、负责 800G 光模块产品，FW方案设计开发、代码实现及调试工作；2、负责相关固件需求、固件架构设计、固件模块设计、静态测试、单元测试等文档的撰写；3、协助测试工程师，进行集成测试；4、完成安排的其他任务。1、电子通信、自动化、计算机等专业的本科及以上学历；2、光模块行业5年以上固件设计工作经验；3、有开发单通道100G、200G、400G、800G光模块固件的经验；4、精通...,金属制品业,http://jobs.zhaopin.com/CC325431920J40808609307.htm,10000人以上,2025-11-12 13:52:45,30000.0,45000.0,12.0
EES专家(J10284),深圳,深圳市鹏新旭技术有限公司,本科,10年以上,JavaScript,30000-45000,"岗位职责:1、负责EES系统的开发与维护, 熟悉EAP, RMS, APC, FDC, OEE/WPH等系统业务。2、参与项目业务模块调研工作，对各EES系统能给出业界最优方案；3、参与与用户沟通，进行需求分析；4、制作功能设计，编写代码并测试；5、维护开发支持性文档，达到持续优化提升的要求；6、完成领导安排的其他工作；任职要求:1. 本科或以上学历2. 8年以上半导体相关系统经验, 熟悉半导体领...",电子/半导体/集成电路,http://jobs.zhaopin.com/CCL1406263350J40706341707.htm,10000人以上,2025-11-05 09:32:32,30000.0,45000.0,15.0
电控软件工程师（电机/逆变器/电源）,深圳,合肥乾芯科技有限公司,本科,5-10年,"C语言,电机,逆变器",25000-45000,职位描述1. 负责自研DSP产品的应用例程开发及技术文档撰写；2. 负责大功率数字电源控制算法和软件开发，或数字电源或光伏/储能逆变器解决方案程序开发；3. 协助解决市场应用方面的软件问题，参与技术支持工作。任职要求：1.电子/电控/自动化等相关专业本科以上学历，嵌入式3年以上工作经验。2.5年以上UPS、变频器、逆变器、充电桩、DC/DC等电源类产品的控制软件开发经验，从事过新能源相关电源产品控...,电子/半导体/集成电路,http://jobs.zhaopin.com/CCL1319830900J40665582606.htm,20-99人,2025-04-17 16:34:08,25000.0,45000.0,12.0
java/Python/C/C++/JS/AI算法/软件测试,深圳,外企德科数字技术有限公司,本科,经验不限,"深度学习,机器学习,图像算法,VGGNet",20000-40000,1、本科及以上学历；2、熟悉Java，C/C++，Python等任意一种后端开发技术；3、编写概要设计能力要强；4、沟通表达能力较好，逻辑思维清晰；5、资深导师专业带教，六险一金，法定节假日福利，内部知识论坛；6、薪资架构：薪资薪资+绩效工资+年终奖，周末加班双倍。岗位要求岗位要求 1、计算机、软件、通信等相关专业，统招本科及以上学历； 2、基础扎实，熟悉掌握但不限于Python/JAVA/C++...,专业技术服务,http://jobs.zhaopin.com/CCL1480117890J40837670005.htm,10000人以上,2026-01-11 00:27:06,20000.0,40000.0,14.0
嵌入式高级(专家级)系统工程师,深圳,中兴通讯股份有限公司,本科,5-10年,"储能,PCS",20000-40000,1、负责新能源/储能方向能量管理业务分析（需量管理、台区配储、并离网等）；2、负责新能源/储能软件架构设计；3、负责新能源/储能系统通信接口设计及协议定义；4、牵头新能源/储能软件落地；5、牵头新技术或标准攻关或预研。1、熟练掌握新能源发电、储能系统及相关产品的原理和技术；（*）2、精通PCS、BMS、EMS等产品及其控制逻辑；（*）3、有3年以上储能实际开发经验、或者主导过储能项目研发落地者优先...,互联网,http://jobs.zhaopin.com/CCL1318355140J40641824703.htm,500-999人,2026-01-10 01:05:27,20000.0,40000.0,12.0
高级嵌入式软件工程师（v2g或pcs）,深圳,江苏鲸充新能源技术有限公司,本科,5-10年,"电路设计,双向,大功率充电模块,DSP,C++",30000-40000,1.协助或主持完成软件方案设计、需求设计、系统分析、软件架构设计;2.完成软件功能子集详细设计方案、新功能需求实现、相关代码编写，并完成自测工作；3.与项目组工程师配合，对单板和样机进行软件调试，配合产品测试，完成相关功能模块的bug修复;4.解决产品在生产、市场运用的软件技术问题:5.主要负责电源模块尤其是双向模块产品的软件开发以及调试工作。任职要求1.电力电子、自动化、电子信息或计算机专业，本...,计算机软件,http://jobs.zhaopin.com/CC850425000J40826311809.htm,100-299人,2026-01-09 19:20:03,30000.0,40000.0,13.0
java/Python/C/C++/JS/AI算法/软件测试,深圳,外企德科数字技术有限公司,本科,经验不限,"C++,Java,五险一金,全程线上面试,Python",20000-40000,1、本科及以上学历毕业生（25届毕业生），学信网可查，毕业证与学位证齐全。；2、熟悉Java，C/C++，Python等任意一种后端开发技术；3、编写概要设计能力要强；4、沟通表达能力较好，逻辑思维清晰；5、资深导师专业带教，五险一金，法定节假日福利，内部知识论坛；6、薪资架构：薪资薪资+绩效工资+年终奖，周末加班双倍。岗位要求1、计算机、软件、通信等相关专业，统招本科及以上学历；2、基础扎实，熟...,专业技术服务,http://jobs.zhaopin.com/CCL1480117890J40836813105.htm,10000人以上,2026-01-11 00:27:03,20000.0,40000.0,14.0
嵌入式软件开发高级(专家级)工程师,深圳,中兴通讯股份有限公司,本科,5-10年,PCS EMS BMS,20000-40000,1、负责新能源/储能软件架构设计；2、负责新能源/储能系统通信接口设计及协议定义；3、牵头新能源/储能软件开发与实现；如BMS/EMS等相关软件的开发实现；如PCS业务联动，工业以太网应用等；4、参与新技术或标准攻关或预研。1、熟悉新能源发电、储能系统及相关产品的原理和技术；（*）2、熟悉PCS储能变流器、BMS电池管理系统(BMS)、EMS（能量管理系统）等产品及其控制逻辑；（*）3、有储能产品...,互联网,http://jobs.zhaopin.com/CCL1318355140J40623765503.htm,500-999人,2026-01-10 01:05:26,20000.0,40000.0,12.0
linux软件开发工程师,深圳,阜时科技有限公司,本科,3-5年,"C语言,C++,linux,软件开发",20000-40000,岗位职责：1、参与芯片类新产品的评估、规划、器件选型以及系统软件的架构设计；2、负责Linux平台的硬件或外设的应用开发；3、负责产品的应用开发，其中包括硬件、固件、软件、算法的集成调试、系统性能优化以及修复测试出现的Bug，确保符合产品的设计目标，兼容性良好，方便跨平台移植；4、负责软件版本的发布；5、根据产品需求编写相关设计总结文档，包括需求、方案、详细设计、接口说明等；6、协助FAE解决客户...,电子/半导体/集成电路,http://jobs.zhaopin.com/CC864217180J40739877609.htm,100-299人,2026-01-09 15:59:35,20000.0,40000.0,14.0
java C++ python js C 少量测试，接受应届生无经验,深圳,外企德科数字技术有限公司,本科,1-3年,"C++,C,Python,Spring,Shiro,Struts,MySQL,PostgreSQL,Oracle,核心项目,入职会有导师带领",23000-40000,岗位内容：1. 设计和实现高效的算法，解决现有系统存在的问题。2. 利用数学、统计学和机器学习等相关领域的知识，分析海量数据并进行建模。3. 优化算法实现，并保证代码的可扩展性和可维护性。4. 开发和维护算法服务，并与其他团队密切合作。任职要求：1. 具备扎实的计算机科学基础和深入的算法理论知识。2. 熟悉至少一种编程语言（如C++、Python）和常用的开发工具（如Git）。3. 至少有一年以上...,专业技术服务,http://jobs.zhaopin.com/CCL1480117890J40831612405.htm,10000人以上,2026-01-11 00:26:41,23000.0,40000.0,14.0
高级软件工程师(ARM）(J12354),深圳,英威腾,本科,3-5年,"嵌入式软件,光伏逆变器,ARM处理器,储能产品",20000-40000,岗位职责: 1、负责开发光储250kW/800VA逆变器，EMS能量管理系统； 2、 负责部分并网、储能逆变器的ARM软件开发及维护工作； 3、 同硬件工程师协作，负责设备样机软硬件联调，故障排查和问题解决； 4、分析解决产线问题和客诉问题； 5、负责软件发布，跟进软件版本发布流程，编写相关软件文档； 任职要求: 1、本科以上学历，计算机，电子工程，通信电子专业毕业，5-10年嵌入式产品开发设计经...,工业自动化,http://jobs.zhaopin.com/CC134263690J40821743607.htm,1000-9999人,2026-01-09 10:33:32,20000.0,40000.0,14.0
高级Java开发（英语口语流利）,深圳,上海微创软件股份有限公司,本科,5-10年,"Java,电商项目经验,英语口语流利",20000-40000,"What you will be doing • Revolutionize African e-commerce by developing cutting-edge solutions for online shopping, smart logistics, and digital payments • Architect and implement robust services with...",IT服务,http://jobs.zhaopin.com/CC000638920J40825977314.htm,10000人以上,2026-01-09 09:45:40,20000.0,40000.0,12.0
嵌入式软件工程师,深圳,大族数控,本科,3-5年,"C语言,32位单片机,ARM处理器,运动控制算法",20000-40000,岗位职责1. 承担控制系统的嵌入式软件的详细设计与开发;2. 与硬件团队紧密协作，对传感器、电机驱动器等相关硬件设备开发相应的驱动程序；3. 实现各种故障检测和保护机制，提升系统可靠性。4. 分析并解决开发、量产过程中的问题；5. 编写软件说明文档，指定软件测试方法；任职要求:1. 本科电子、自动化、计算机等相关专业，英语水平良好，熟练阅读英文手册；2. 3年以上工控产品开发经验，对控制理论有深入...,电气机械/电力设备,http://jobs.zhaopin.com/CC334402310J40722817202.htm,1000-9999人,2026-01-08 14:49:09,20000.0,40000.0,12.0
后端研发工程师,深圳,知名研究院,本科,3-5年,Java,25000-40000,岗位职责1、负责人工智能领域科研教育类产品的后端研发；2、专注于系统的稳定，可靠，高可用性和可扩展性；3、驱动产品后端构架与设计；4、按时产出高质量代码；5、与研发团队其他成员一同参与产品设计。 任职要求1、本科计算机相关专业；2、能在类Unix环境下熟练开发，掌握Java开发，Tomcat 配置、MySQL配置；有shell、python脚本开发能力更佳；3、熟悉缓存Redis、缓存设计和模式及...,互联网,http://jobs.zhaopin.com/CCL1318355140J40182009303.htm,500-999人,2026-01-08 01:04:35,25000.0,40000.0,12.0
高级/资深软件工程师（电驱）,深圳,麦格米特,本科,5-10年,"电机控制软件开发,主流MCU开发,APQP，FMEA，PPAP",25000-40000,"1、分析客户需求以及技术需求，并设计与开发相关功能2、配合客户测试及验收相关软件功能3、参与软件新平台的开发任职要求1、本科及以上学历，电机与电器、电气工程、自动化等相关专业2、5年以上电机控制软件开发经验或嵌入式开发经验3、熟悉永磁同步电机或者感应电机控制原理4、熟悉至少一款主流MCU开发应用，如TI/NXP/Infineon/ST等相关芯片5、熟悉常用的通信协议与通信方式，如SPI,I2C,U...",电子/半导体/集成电路,http://jobs.zhaopin.com/CC154405010J40731924305.htm,1000-9999人,2026-01-07 19:15:30,25000.0,40000.0,12.0
Java开发工程师-充电桩,深圳,石斯(上海)贸易有限公司,本科,5-10年,"充电桩,OCPP协议",25000-40000,工作职责： 1、负责后端系统的工程设计，架构设计以及开发工作；2、根据项目任务计划按时完成软件编码和单元测试工作，按照开发流程编写相应模块的设计文档；3、与产品经理、测试工程师、其他团队沟通合作，保证产品研发工作的质量和进度。任职要求：1、计算机相关专业毕业，统招本科及以上学历，5年及以上相关工作经验；2、熟练使用Java，熟悉IO/并发/多线程，熟悉JVM的原理和机制，熟悉JVM性能调优；3、能...,汽车零部件,http://jobs.zhaopin.com/CCL1381617410J40819079801.htm,20-99人,2026-01-07 14:09:28,25000.0,40000.0,12.0
嵌入式软件工程师,深圳,欧菲光,本科,5-10年,,20000-40000,岗位职责：1.参与产品需求分析，器件选型；参与竞品分析，保障产品软件方案竞争力。2.负责产品软件可行性分析，方案验证，产品软件概要设计及接口定义等。3.负责UWB/BLE短距无线电产品或模组的软件开发，包括框架设计，驱动及逻辑代码实现，模块单元验证及故障缺陷的分析解决，软件集成，项目联调联测。4.带领软件团队设计文档输出及总结，指导低职级员工完成软件开发及故障排查。5.软件版本维护和OTA升级，协...,电子/半导体/集成电路,http://jobs.zhaopin.com/CC860599590J40800092007.htm,10000人以上,2026-01-05 16:33:11,20000.0,40000.0,12.0
高级工程师,深圳,广东云云律师事务所,本科,3-5年,"Python,MySQL",20000-40000,工作职责：1、负责核心业务模块的需求分析、架构设计与编码实现，深入一线参与核心代码编写，保障系统的稳定性、高效性和可扩展性；2、主动对接业务部门，深入了解业务场景和需求痛点，将业务需求转化为技术方案，具备从业务视角优化技术实现的能力；3、 参与技术难点攻关，主导或配合完成系统性能优化、故障排查等工作，保障业务系统平稳运行；4、协助团队进行技术沉淀和知识分享，完善开发规范，提升团队整体技术水平；5、...,法律服务,http://jobs.zhaopin.com/CCL1486389680J40836817005.htm,100-299人,2026-01-05 15:57:59,20000.0,40000.0,12.0
资深后端开发工程师（英语流利）,深圳,万宝盛华企业管理咨询（上海）有限公司,本科,5-10年,"JavaScript,Spring,Mybatis,Hibernate,MySQL,Oracle,MongoDB,英语能够作为工作语言",30000-40000,您将加入一支打造了行业领先的高性能后端系统的团队。我们的工程师运用前沿技术，解决分布式计算、API设计和高流量系统等复杂挑战。后端工程领域正在快速发展，我们期待有志于构建下一代可扩展后端架构的开发者的加入。工作职责：•设计、构建和维护可扩展的后端应用、API及数据集成系统•编写高效、清晰且可维护的代码，遵循最佳实践•优化现有系统，提升性能与可靠性•监控系统性能，主动排查问题并响应告警•跨团队协作，...,咨询服务,http://jobs.zhaopin.com/CC466197620J40836724005.htm,500-999人,2026-01-05 11:34:41,30000.0,40000.0,12.0
嵌入式高级架构师（A14672）,深圳,柏美智慧科技(上海)股份有限公司,硕士,5-10年,,20000-40000,职位描述： 负责嵌入式系统整体软件架构的设计、优化与迭代，确保高性能与高可靠性； 主导硬件BSP开发、调试与维护，保障底层驱动与硬件兼容性； 负责AI模型的转换、轻量化及在边缘设备上的部署与性能优化； 协同硬件团队进行方案评估、调试与问题排查； 制定系统通讯协议，实现多传感器数据融合与算法集成； 推动跨部门协作，确保项目顺利落地。 任职要求： 硕士及以上学历，计算机、电子、自动化、应用数学等相关专...,人工智能,http://jobs.zhaopin.com/CC850829750J40817798413.htm,100-299人,2026-01-04 15:41:46,20000.0,40000.0,15.0
高级嵌入式软件工程师,深圳,深圳市东明炬创电子股份有限公司,大专,3-5年,"32位单片机,C语言,C++,Shell",25000-40000,岗位职责：1、负责智能网络路由模块的设计，文档编写，功能实现和维护，性能提升和优化工作。2、负责智能音视频网络控制设备的各类ARM芯片与接口芯片的底层软件开发与维护工作。3、深度参与智能网络产品的系统架构设计。4、协同品质、生产、测试等团队解决生产过程中出现的软件问题。职位要求：1、 计算机及通信相关专业，有2年以上嵌入式网络产品（数通设备，网通设备，交换机，路由器，边缘计算网关，中控设备等）软件...,电子/半导体/集成电路,http://jobs.zhaopin.com/CC270736310J40643506916.htm,100-299人,2026-01-04 11:19:41,25000.0,40000.0,12.0
Autosar软件工程师,深圳,科列技术,本科,3-5年,"嵌入式软件开发,C语言,Autosar,汽车电子,BSW,VECTOR,ETAS",25000-40000,岗位职责：1、负责autosar软件开发环境的配置以及软件架构的设计；2、根据系统需求进行软件需求分析和定义并设计软件详细设计文档；3、负责autosar下基础软件层（BSW）配置，及项目功能安全需求实现；4、负责基于nxp MPC57xx芯片（多核）autosar项目集成。任职要求：1、本科及以上学历，4年以上软件开发经验；2、有vector、ETAS、东软或其他工具链3年以上集成经验，精通au...,新能源,http://jobs.zhaopin.com/CC336668610J40352551212.htm,300-499人,2026-01-04 09:58:40,25000.0,40000.0,12.0
嵌入式软件工程师(GUI-LVGL经验),深圳,深圳市智能派科技有限公司,本科,1-3年,"C++,C语言,静态产品,界面开发",20000-40000,岗位职责：1.深入理解产品需求，参与产品的软件GUI框架设计和集成；2.解决GUI中的疑难问题，包含图像界面性能优化、内存优化；3.开发GUI基础设施工具，如多语言，图形控件库，优化GUI工作流；4.解决产品GUI相关BUG，提高软件稳定性。任职要求：1.计算机及相关专业，本科及以上学历，3年以上嵌入式软件开发经验（电控与结构配合运动类产品）；2.精通 C/C++，具有良好的编程习惯；3.精通多线...,电子/半导体/集成电路,http://jobs.zhaopin.com/CC331690680J40828844510.htm,1000-9999人,2025-12-30 14:49:47,20000.0,40000.0,15.0
Java/Python/C/C++（大厂）,深圳,科锐尔人力资源服务(苏州)有限公司,本科,经验不限,"C语言,Java,C++",20000-40000,1、有通用软件开发、软件算法、媒体算法、音频算法、自动化控制制、精密装备开发与自动化等软件相关工作经验:2、热爱编程，基础扎实，熟悉掌握但不限于JavaC/c++/JS编程语言中的一种或数种，有良好的编程习惯;3、具备独立工作能力和解决问题的能力、善于沟通，乐于合作，热衷新技术，善于总结分享，喜欢动手实践;4、计算机、软件、通信、自动化、电子等相关专业背景,咨询服务,http://jobs.zhaopin.com/CC453635220J40518802803.htm,10000人以上,2025-12-25 09:33:23,20000.0,40000.0,12.0
BSW软件高级工程师,深圳,麦格米特,本科,5-10年,底层软件,20000-40000,"岗位职责：1. 主导项目，负责电机控制器的软件架构设计和移植；2. 负责autosar 多核OS和ECUM,BSWM的开发；3. 负责autosar 应用层SWC的集成，底层SWC的设计；4. 负责autosar RTE的配置和代码生成；5. 负责基于HSI的autosar mcal配置；6. 负责电机控制器的复杂驱动开发；任职要求：1. 熟悉autosar 软件架构设计，从ECU单核架构移植到E...",电子/半导体/集成电路,http://jobs.zhaopin.com/CC154405010J40769964205.htm,1000-9999人,2025-12-25 00:00:01,20000.0,40000.0,14.0
软件工程师(J11348),深圳,埃斯顿,本科,5-10年,焊接电源,20000-40000,岗位职责:1、负责气体保护焊机、手持激光焊机、激光发生器电源等电源类产品的控制算法、功能开发、持续改进；2、负责开发阶段产品的电源、电机系统功能、性能设计和实现:3、根据市场反馈优化产品性能。任职要求:1、电力电子类、自动控制、焊接相关专业本科以上学历;2、熟悉常规功率拓扑，掌握控制时序，有过控制环路开发经验或者熟悉SC1、SP1、I2C、CAN、USB等通信接口;3、精通DSP/MCU C编程，...,仪器仪表制造,http://jobs.zhaopin.com/CC243960110J40908160708.htm,1000-9999人,2025-12-24 10:55:37,20000.0,40000.0,12.0
Java,深圳,深圳市盈界通科技有限公司,本科,3-5年,,20000-40000,工作内容： 根据需求完成系统功能的设计和开发，确保代码的质量和可靠性； 进行系统的测试和调试，修复bug并优化系统性能； 撰写相关的技术文档和用户手册，方便团队和用户的使用和维护； 参与团队的协作工作，包括代码评审和技术交流等。岗位要求： 计算机科学或相关专业的本科及以上学历； 熟练掌握JAVA开发语言和相关技术； 具备使用Spring、Hibernate等常用JAVA框架的经验者优先； 熟悉数据...,互联网,http://jobs.zhaopin.com/CCL1510839730J40818801907.htm,20-99人,2025-12-23 11:56:37,20000.0,40000.0,12.0
资深Java架构师,深圳,北京佑卓君信管理咨询有限公司,本科,5-10年,"Java,PINPOINT,ZIPKIN",30000-40000,岗位职责：1、负责设计和开发公司统一的Java开发框架与技术平台，制定并推广编码规范、技术标准和最佳实践，为业务团队提供高效、稳定的基础技术支撑 。2、主导 APM（应用性能监控）系统的建设与维护，重点负责SkyWalking平台的搭建、集成、二次开发和调优，实现全链路监控、性能诊断和故障定位，提升系统可观测性 。3、规范和统一各类中间件（如Redis、Kafka、RabbitMQ等）的SDK使用...,咨询服务,http://jobs.zhaopin.com/CC397148110J40862304212.htm,1000-9999人,2025-12-22 18:18:37,30000.0,40000.0,12.0
嵌入式软件开发工程师,深圳,禾洛半导体(徐州)有限公司,本科,1年以下,"PIC单片机,32位单片机,C语言,C#",20000-40000,"职位描述 1，根据客户要求完成烧录编程器韧体开发及维护； 2，针对性的对程序进行测试修改； 3，完成领导安排的其他工作。 任职要求 1，本科以上学历，电子类相关专业； 2，熟悉单片机MCU编程与内部模块应用（目前Microchip, TI, NXP, Renesas多） 3，熟悉C语言( 懂基本C#, VB, ASM, Labview佳) 4，能独立使用示波器、逻辑分析仪等相关分析仪器 5，具有良...",电子/半导体/集成电路,http://jobs.zhaopin.com/CCL1377535560J40805537315.htm,100-299人,2025-12-20 12:34:51,20000.0,40000.0,12.0
嵌入式软件工程师(MCU运动控制),深圳,深圳市智能派科技有限公司,本科,1-3年,"运动控制,PID控制算法",20000-40000,岗位职责：1.编写面向类机器人机电系统的运行的软件，如运动控制器的G、M命令定义与软件实现、打印机机电系统功能的编写；2.MCU嵌入式平台的搭建和调试，例如BSP、中间件；3.协同机械、硬件工程师设计新机电系统方案，并开发相应的软件代码；4.调试、调查机电系统在运行时出现的问题，查找问题原因，推动硬件结构改进或软件修改适配。,电子/半导体/集成电路,http://jobs.zhaopin.com/CC331690680J40828843410.htm,1000-9999人,2025-12-19 14:19:25,20000.0,40000.0,15.0
后端开发工程师,深圳,马鞍山隆西科技有限公司,本科,经验不限,"Python,JavaScript,Spring,MySQL",20000-40000,工作职责1.系统设计与开发： • 研究并理解业务需求，设计后端系统的架构、模块划分和数据流程。 • 实现后端项目的代码开发，保证代码质量，利用高效的产品实现满足业务要求。 • 参与后端技术选型，进行技术调研，提出并实现技术方案。2.系统维护与优化： • 改进现有系统的性能，确保高效可靠的数据处理流程。 • 负责后端代码的测试与维护工作，不断完善软件系统。 • 协调并解决技术问题，确保系统稳定性和扩...,计算机硬件,http://jobs.zhaopin.com/CCL1503675550J40815519511.htm,500-999人,2025-12-18 16:14:22,20000.0,40000.0,13.0
Android 负责人（Java 原生开发）,深圳,深圳市恒扬数据股份有限公司,本科,5-10年,Android Studio,20000-40000,岗位职责 基于 Java 语言搭建 Android 原生端架构，主导 IM SDK 集成、RTC 音视频通话开发。 负责小程序容器嵌入与兼容性调试，落地内容相关核心功能。 解决 Android 端关键问题：多机型适配、弱网环境下音视频流畅度、内存泄漏、后台保活与电量优化。 配合合规团队完成 Google Play 上架、隐私政策落地（如数据加密存储）、多语言（英语 / 小语种）适配。任职要...,计算机硬件,http://jobs.zhaopin.com/CC154975310J40911145615.htm,100-299人,2025-12-18 16:07:32,20000.0,40000.0,12.0
高级软件工程师,深圳,移为通信,本科,5-10年,"路由器,OPENWRT,AP",20000-40000,一、岗位职责：1. 熟悉并掌握公司Linux嵌入式设备软件的开发框架，并根据产品规格和客户要求，完成产品的嵌入式软件开发；2.从事网络产品嵌入式软件开发，如无线路由器、交换机、网关等产品；3.积极配合项目部、 测试部等其他部门做好项目开发工作， 为其他部门和客户提供必要的技术支持；4.围绕产品的软件，编写相关的软件技术资料， 包括程序流程图、 软著、 专利、 培训 PPT 等；5.积极分析并解决软...,通信/网络设备,http://jobs.zhaopin.com/CC202357320J40812863205.htm,100-299人,2025-12-18 09:41:18,20000.0,40000.0,12.0
嵌入式软件工程师,深圳,奥特迅,本科,3-5年,充电桩,20000-40000,岗位职责：1、充电桩嵌入式软件功能模块开发，包括处理器内部功能，外设单元，控制器数据交互，以及对后台通讯数据处理。2、负责CPU，MCU以及其他嵌入式处理器的软件开发工作，包括代码和相关文档、支持系统软件架构设计;3、制定充电桩屏幕显示功能的具体方案，以及验证测试部分;4、对已有产品的性能升级，优化，以及相关生产售后的支持工作;5、协助硬件，电气工程师分析，定位，和验证问题，协助完成产品认证;任职...,仪器仪表制造,http://jobs.zhaopin.com/CC000254640J40831235414.htm,500-999人,2025-12-17 18:07:46,20000.0,40000.0,12.0
后端负责人（Spring 生态 + 高并发 + OO 设计）,深圳,深圳市恒扬数据股份有限公司,本科,5-10年,"Spring,JavaScript",20000-40000,岗位职责 基于 Spring WebFlux 与 Spring Cloud 搭建海外分布式后端架构，主导核心模块设计。 负责小程序容器后端支持、内容相关系统开发。 解决高并发问题：设计缓存策略（Redis）、消息队列（MQ）方案，支撑百万级 DAU 内容浏览等高并发场景。 落地部署架构（多区域机房），保障数据本地化合规（GDPR），优化跨区域网络延迟与服务可用性。 以OOA/D 方法论主...,计算机硬件,http://jobs.zhaopin.com/CC154975310J40911139915.htm,100-299人,2025-12-18 15:52:50,20000.0,40000.0,12.0
高级嵌入式软件工程师,深圳,河南琅恒企业管理咨询有限公司,本科,5-10年,"C语言,RTOS系统,低功耗WIFI,蓝牙",20000-40000,岗位职责：1、负责智能产品功能需求技术分析、方案设计、交互流程与协议制定、原型开发，文档编写和输出；2、负责与硬件、服务器、APP整体方案评估、讨论与实现，并对产品进行系统问题定位分析；3、指导编写代码实现方案，审核实现流程与代码，指导问题定位分析。任职资格：1、本科以上学历，电子、通信或计算机类相关专业，具备5年以上嵌入式开发经验；2、精通嵌入式C编程开发、精通Linux/FreeRTOS等主流...,人力资源服务,http://jobs.zhaopin.com/CCL1411184110J40781755416.htm,20人以下,2025-12-17 16:18:43,20000.0,40000.0,12.0
高级嵌入式软件工程师,深圳,深圳市凯迪仕智能科技股份有限公司,本科,5-10年,"嵌入式软件开发,C,OS内核原理,面向对象编程技术,IOT嵌入式系统架构,UML建模也可以带上,互联网/物联网,智能家居",20000-40000,岗位职责：1、负责智能产品功能需求技术分析、方案设计、交互流程与协议制定、原型开发，文档编写和输出；2、负责与硬件、服务器、APP整体方案评估、讨论与实现，并对产品进行系统问题定位分析；3、指导编写代码实现方案，审核实现流程与代码，指导问题定位分析。任职资格：1、本科以上学历，电子、通信或计算机类相关专业，具备5年以上嵌入式开发经验；2、精通嵌入式C编程开发、精通Linux/FreeRTOS等主流...,物联网,http://jobs.zhaopin.com/CC561862120J40457988006.htm,1000-9999人,2025-12-17 14:14:53,20000.0,40000.0,12.0
linux嵌入式软件工程师,深圳,深圳市智能派科技有限公司,本科,3-5年,"C++,C语言,机器人,扫地机,家电",20000-40000,岗位职责：1.深入理解产品需求，参与产品的3D打印机功能业务功能开发；2.设计和实现多媒体业务功能，包含音视频编解码、网络IOT、AI模型本地部署和推理。3.优化业务软件性能、内存。4.解决产品相关BUG，提高软件稳定性。 任职要求： 1.计算机或相关专业本科及以上学历，3年以上嵌入式软件开发经验（电控与结构配合运动类产品）； 2.精通 C/C++，具有良好的编程习惯； 3.精通多线程编程，深入理...,电子/半导体/集成电路,http://jobs.zhaopin.com/CC331690680J40827990510.htm,1000-9999人,2025-12-16 10:39:43,20000.0,40000.0,12.0
MCAL开发工程师,深圳,深圳开阳电子股份有限公司,本科,5-10年,"C语言,C++",20000-40000,岗位职责：1、负责AUTOSAR Classic MCAL的开发、测试；2、完成软件代码的设计和实现；3、完成相关技术文档的设计和编写；4、配合团队进行模块间的联合调试；5、上级安排的其他任务；任职要求：1、本科及以上学历，计算机/电子/通信/自动化相关专业，有5年以上汽车相关软件开发经验；2、熟悉嵌入式系统的搭建和调试，有CAN，LIN，SPI，FLASH等设备驱动的开发经验；3、熟悉AUTOS...,电子/半导体/集成电路,http://jobs.zhaopin.com/CC133657130J40624171909.htm,100-299人,2025-12-11 16:35:03,20000.0,40000.0,13.0
java开发软件工程师,深圳,苏州人瑞普惠人力资源服务有限公司,本科,3-5年,,22000-40000,岗位职责：1. 负责公司产品的开发与维护。2. 参与软件需求分析与设计。3. 完成编码、测试、上线等软件开发工作。岗位要求：1. 熟悉Java语言及相关开发技术。2. 具备良好的编码习惯和团队协作能力。3. 有一定的项目开发经验者优先。,互联网,http://jobs.zhaopin.com/CC427775130J40909728915.htm,20-99人,2025-12-11 15:52:57,22000.0,40000.0,12.0
高级Java工程师（正编）,深圳,科锐尔人力资源服务(苏州)有限公司,本科,3-5年,,20000-40000,1. 设计和实施高质量的Java应用程序，确保系统的高可用性和可扩展性。2. 领导技术方案设计，进行关键技术决策和架构优化。3. 引导团队解决复杂技术问题，提升团队整体技术水平。4. 负责新技术研究和技术预研，推动技术创新和工程效率提升。5. 参与项目规划和需求分析，与产品经理和项目经理紧密合作，确保产品目标的实现。任职要求1. 本科学历。 2. 拥有3年以上Java开发经验，具有丰富的系统设计和...,咨询服务,http://jobs.zhaopin.com/CC453635220J40811118403.htm,1000-9999人,2025-12-08 17:46:30,20000.0,40000.0,12.0
嵌入式软件工程师（机器狗项目）,深圳,广东大同世界磁电科技有限公司,本科,5-10年,,20000-40000,岗位职责：1.系统开发：负责机器人嵌入式系统的设计、开发和调试，包括底层驱动、中间件和上层应用。2.硬件对接：与硬件工程师协作，完成机器人各传感器、执行器的驱动开发与调试，确保软硬件的无缝对接。3.算法实现：将机器人导航、运动控制等算法进行嵌入式实现，优化算法在资源受限环境下的性能。4.通信协议：开发和维护机器人内部通信协议，保障各模块间数据的稳定传输。产品优化：持续优化嵌入式系统性能，提升机器人...,新能源,http://jobs.zhaopin.com/CCL1427509570J40821141105.htm,20-99人,2025-12-08 09:05:08,20000.0,40000.0,12.0
高级嵌入式工程师(A43217),深圳,深圳市塞防科技有限公司,本科,3-5年,,20000-40000,职位描述：1.负责嵌入式 Linux 系统的软件开发与维护，包括系统层、驱动层及应用层的设计与实现；2.参与硬件选型与评估，制定嵌入式系统架构方案，熟悉瑞芯微、海思、英伟达等硬件平台的软件开发；3.设计并实现嵌入式系统中的通信协议，如 SPI、I2C、UART、Ethernet 等；4.负责Linux系统接入不同机芯的图像及其编解码和视频推流，如MIPI、CVBS、BT656等接口的图像接入；5....,智能硬件,http://jobs.zhaopin.com/CCL1474860650J40793197112.htm,100-299人,2025-12-03 11:14:43,20000.0,40000.0,15.0
嵌入式软件开发工程师,深圳,合肥远景常现科技有限公司,本科,1-3年,"C语言,C++,linux,DMA,PCIe",20000-40000,岗位职责：1. 负责国产芯片（如如华为昇腾310系列、地平线、寒武纪、君正等）上的驱动开发与调试；2. 编写或移植底层BSP（Board Support Package），包括bootloader、kernel、设备树等，确保芯片在目标平台上的稳定运行；3. 实现常用通信接口（SPI、I2C、UART、CAN、PCIe、以太网、NPU共享内存通道等）驱动配置、性能优化和数据链路验证；4. 处理原型...,电子/半导体/集成电路,http://jobs.zhaopin.com/CCL1502606830J40822796714.htm,20人以下,2025-11-28 11:34:59,20000.0,40000.0,12.0
高级嵌入式软件工程师（芯片原厂）,深圳,宏晶微电子科技股份有限公司,本科,3-5年,C语言,20000-40000,岗位职责：1.负责完成产品的软件需求分析及架构设计；2.负责软件开发、底层驱动编写、应用程序开发、软件测试等工作；3.完成系统联调；4.负责编写软件设计及测试规范和设计文档。 任职要求： 1.集成电路、微电子、电子信息、通信、计算机等相关专业，本科及以上学历； 2.精通C/C++语言； 3.具备丰富的嵌入式设备的信号处理或者信号完整性分析的经验，熟悉嵌入式操作系统（如Wince、Linux等）内核...,电子/半导体/集成电路,http://jobs.zhaopin.com/CC204285420J40845400113.htm,100-299人,2025-11-26 18:40:39,20000.0,40000.0,12.0
嵌入式开发工程师(A119229),深圳,深圳市塞防科技有限公司,学历不限,3-5年,,20000-40000,职位描述：1、根据产品需求，负责嵌入式Linux相关的方案、架构、详细设计及具体功能的编码实现。2、负责嵌入式Bootloader及Linux内核剪裁、移植、优化；3、负责给上位机（或应用）提供API及相关的功能支持；4、负责linux应用层业务程序开发、调试；5、负责编写相关设计文档、调测试过程文档、使用说明文档等。职位要求：1、计算机、电子、信息、通信等相关专业毕业，本科及以上学历；2、精通C...,智能硬件,http://jobs.zhaopin.com/CCL1474860650J40792055412.htm,100-299人,2025-12-03 11:14:30,20000.0,40000.0,15.0
嵌入式驱动开发工程师,深圳,合肥远景常现科技有限公司,本科,1-3年,"C语言,C++,linux,DMA,PCIe",20000-40000,岗位职责：1. 负责国产芯片（如如华为昇腾310系列、地平线、寒武纪、君正等）上的驱动开发与调试；2. 编写或移植底层BSP（Board Support Package），包括bootloader、kernel、设备树等，确保芯片在目标平台上的稳定运行；3. 实现常用通信接口（SPI、I2C、UART、CAN、PCIe、以太网、NPU共享内存通道等）驱动配置、性能优化和数据链路验证；4. 处理原型...,电子/半导体/集成电路,http://jobs.zhaopin.com/CCL1502606830J40779147714.htm,20人以下,2025-11-28 11:33:52,20000.0,40000.0,12.0
嵌入式软件工程师（深圳）,深圳,深圳市德明利技术股份有限公司,本科,3-5年,"C语言,C++,32位单片机,X86处理器,FTL",20000-40000,岗位职责：1. 负责SSD产品相关固件功能模块的设计、开发及调试工作，并编写相关文档；2. 负责代码维护优化、性能调优以及算法设计优化；3. 配合硬件团队和质量测试团队进行联合调试和产品验证，并对问题进行定位分析和解决。任职要求：1. 计算机/通信/电子等相关专业，本科及以上学历。2. 熟悉SSD固件架构以及代码实现。3. 熟悉PCIe、SATA、NVME等常见存储相关接口协议。4. 熟悉各种类型...,电子/半导体/集成电路,http://jobs.zhaopin.com/CC375244410J40851828312.htm,500-999人,2025-11-21 14:55:28,20000.0,40000.0,14.0
高薪技术经理|周末双大公司直招自研,深圳,上海七圣网络科技有限公司,本科,5-10年,"JavaScript,Spring,MySQL",20000-40000,作为后端工程师，您将负责设计、开发和维护我们的服务器端应用程序。您将与一个充满活力的团队合作，使用最新的技术栈来构建可扩展、高性能的系统。大公司周末双休，完善晋升机制，产品线稳定，朝阳行业。一 丰厚的薪资奖励：1、上班时间：9:30--18:30；周末双休法定假日休息；2、薪资结构：最总面谈评估为准，优秀者更高，帮助你赚更多收入；3、带薪休假----年假、产假、婚假、丧假等有薪休假，入职满一年可额...,互联网,http://jobs.zhaopin.com/CC365380730J40968076804.htm,100-299人,2025-11-20 14:39:42,20000.0,40000.0,12.0
嵌入式软件工程师(GUI),深圳,南京信然盛元企业管理有限公司,本科,3-5年,"GUI,LVGL",20000-40000,嵌入式软件工程师(GUI)岗位职责：1.深入理解产品需求，参与产品的软件GUI框架设计和集成；2.解决GUI中的疑难问题，包含图像界面性能优化、内存优化；3.开发GUI基础设施工具，如多语言，图形控件库，优化GUI工作流；4.解决产品GUI相关BUG，提高软件稳定性。任职要求：1.计算机及相关专业，本科及以上学历，3年以上嵌入式软件开发经验（电控与结构配合运动类产品）；2.精通 C/C++，具有良...,人力资源服务,http://jobs.zhaopin.com/CCL1470517530J40827083205.htm,100-299人,2025-11-18 09:43:23,20000.0,40000.0,13.0
高级嵌入式软件工程师,深圳,宏晶微电子科技股份有限公司,本科,3-5年,C语言,20000-40000,岗位职责：1.负责完成产品的软件需求分析及架构设计；2.负责软件开发、底层驱动编写、应用程序开发、软件测试等工作；3.完成系统联调；4.负责编写软件设计及测试规范和设计文档。任职要求：1.集成电路、微电子、电子信息、通信、计算机等相关专业，本科及以上学历；2.精通C/C++语言；3.具备丰富的嵌入式设备的信号处理或者信号完整性分析的经验，熟悉嵌入式操作系统（如Wince、Linux等）内核调度管理...,电子/半导体/集成电路,http://jobs.zhaopin.com/CC204285420J40837644113.htm,100-299人,2025-11-17 00:14:01,20000.0,40000.0,12.0
开发工程师,深圳,镇沅县常盛矿业有限责任公司,本科,3-5年,,20000-40000,一、岗位职责：1. 负责系统定制化功能开发与接口开发；2. 配合业务部门实现个性化需求（如报表、数据统计）；3. 参与系统测试与 BUG修复。二、岗位要求：1. 本科及以上学历，3 年以上 Java/Python 开发经验；2. 熟悉 Web 开发框架（如 SpringBoot）；3. 有 ERP/MES 二次开发经验者优先；4. 此岗位需要频繁至集团旗下各矿山出差。,矿产/采掘,http://jobs.zhaopin.com/CCL1446818630J40836196302.htm,100-299人,2025-11-15 00:00:02,20000.0,40000.0,12.0
嵌入式linux开发工程师,深圳,移为通信,本科,5-10年,"行车记录仪,车载摄像头,DVR",20000-40000,位职责：1. 负责基于RK平台上linux系统应用层架构设计。2. 负责部分应用程序功能设计和代码编写。3. 积极配合完成各部门临时协调的任务以及必要的技术支持。4. 围绕产品的软件，编写相关的软件技术资料，包括程序流程图、 软著、 专利、 培训 PPT 等。5. 协助员工技术能力培养与提升。6.完成上级临时交代的工作。任职要求：1.计算机、电子、自动化等相关专业，本科或硕士学历。2.具有5年及以...,通信/网络设备,http://jobs.zhaopin.com/CC202357320J40826457705.htm,100-299人,2025-11-14 11:40:04,20000.0,40000.0,12.0
软件系统工程师（嵌入式）,深圳,深圳市玩视科技股份有限公司,本科,5-10年,"SSE,系统工程师",25000-40000,岗位职责1.参与立项前的软件系统分析，包括需求评审、软件可行性分析、接口定义、性能目标设定。2.制定软件系统架构方案，定义模块边界、功能接口、通信协议、驱动／应用层逻辑。3.推动软件 CBB （公共构建模块）建设：制定模块规范、复用统计、版本管理、模块索引。4.参与代码 Review／模块抽象设计，推动接口规范化、模块标准化。5.与 QA 、测试团队协作，设定软件系统级测试策略、自测与 QA 接口...,电子设备制造,http://jobs.zhaopin.com/CC713656230J40900120608.htm,300-499人,2025-11-13 14:44:34,25000.0,40000.0,13.0
高级Linux系统开发工程师,深圳,深圳市讯鹏科技有限公司,本科,5-10年,"Python,C++,C语言,Linux系统",20000-40000,"任职要求1、本科以上学历，电子技术、自动化、通讯相关专业验；2、从事相关行业具备5年以上linux内核开发经验3、至少精通C/C++/Python/Rust语言之一、精通实时操作系统RTOS及Linux系统驱动开发、应用开发、内核优化、内存优化的经验；android的硬件抽象层.4、精通linux内核的核心子系统，内存管理，进程调度，内核核心API，SMP并发和设备驱动开发5、熟练使用perf,k...",互联网,http://jobs.zhaopin.com/CC341432920J40796687308.htm,100-299人,2025-11-07 08:22:20,20000.0,40000.0,12.0
Linux 嵌入式应用开发工程师（camera),深圳,移为通信,本科,5-10年,,20000-40000,岗位职责：1. 负责基于RK/海思等平台上linux系统应用层架构设计。2. 负责应用程序功能设计和代码编写。3. 积极配合完成各部门临时协调的任务以及必要的技术支持。4. 围绕产品的软件，编写相关的软件技术资料，包括程序流程图、 软著、 专利、 培训 PPT 等。5. 协助员工技术能力培养与提升。6.完成上级临时交代的工作。任职要求：1.计算机、电子、自动化等相关专业，本科或硕士学历。2.具有6...,通信/网络设备,http://jobs.zhaopin.com/CC202357320J40825130105.htm,100-299人,2025-11-08 16:28:30,20000.0,40000.0,12.0
BMS软件资深工程师/专家,深圳,欣旺达动力科技股份有限公司,本科,5-10年,,20000-40000,岗位职责：1、负责汽车BMS应用软件开发；2、系统方案设计和技术风险评估：主导和完成系统方案设计，进行技术风险评估 ，完成系统方案价格评估；3、产品开发和项目管理：在项目开发过程中，编制研发项目子计划（系统、软件、硬件、测试），持续监控并推进项目进度；4、技术评审和问题解决：参与各开发阶段的BMS技术评审，参与解决开发过程中的技术问题 ；5、跨专业技术协调：协助跨专业技术问题的协调沟通；6、客户交...,新能源汽车,http://jobs.zhaopin.com/CCL1280979310J40852658703.htm,10000人以上,2025-11-03 14:28:22,20000.0,40000.0,14.0
linux应用工程师,深圳,移为通信,本科,5-10年,"车载,行车记录,摄像头",20000-40000,一、岗位职责1. 负责基于RK/海思等平台上linux系统应用层架构设计。2. 负责应用程序功能设计和代码编写。3. 积极配合完成各部门临时协调的任务以及必要的技术支持。4. 围绕产品的软件，编写相关的软件技术资料，包括程序流程图、 软著、 专利、 培训 PPT 等。5. 协助员工技术能力培养与提升。6.完成上级临时交代的工作。二、任职要求1.计算机、电子、自动化等相关专业，本科或硕士学历。2.具...,通信/网络设备,http://jobs.zhaopin.com/CC202357320J40822792805.htm,100-299人,2025-10-30 00:00:02,20000.0,40000.0,12.0
嵌入式linux应用开发工程师,深圳,深圳长虹聚和源科技有限公司,本科,5-10年,"嵌入式软件开发,C语言,C++,Linux,无人机,电机控制,机械臂,扫地机,运动控制,激光,雷达",20000-40000,岗位职责：1、 负责所属业务线产品的整体技术方案设计、代码架构设计，并参与评审；2、 负责核心功能模块的编码实现及附带文档的编写和提测；3、 疑难问题处理，或指导初级工程师解决问题；4、 新技术的发现、导入与培训；对初级工程师进行必要的岗位培训、指导；5、 在项目中以开发代表的身份参与项目的评估、项目任务的分解与安排、项目信息的上传下达。 岗位要求：1、本科及以上学历，计算机类、自动化类、电子信息...,新能源,http://jobs.zhaopin.com/CC173266010J40454754802.htm,500-999人,2025-10-23 21:56:30,20000.0,40000.0,13.0
嵌入式软件工程师（IPC摄像机）（双休）,深圳,深圳市盛腾青科技有限公司,大专,3-5年,,20000-40000,职位描述：1、负责公司网络摄像头类产品的嵌入式软件开发。2、不同平台下嵌入式系统软件分析规划、平台化设计、系统软件框架设计，功能模块开发，技术难点攻关等。3、及时编写各种文档和标准化资料。岗位要求：1、5年以上网络类摄像机产品嵌入式软件开发经验；具备独立完成至少2款以上网络摄像机，如：卡片机、摇头机、超低功PIR摄像相机等开发；有对接涂鸦云平台IPC sdk开发的优先。2、 掌握Uboot移植定制...,电子商务,http://jobs.zhaopin.com/CCL1451044130J40950124104.htm,100-299人,2025-10-23 10:10:19,20000.0,40000.0,12.0
嵌入式Linux应用,深圳,成都倬骋企业管理咨询有限公司,本科,5-10年,"C++,C语言",25000-40000,职位描述：1、负责相关产品软件的需求分析、概要设计、方案设计、详细设计、编码调试等工作。2、负责软件相关文档的编写、修改和维护。3、和硬件工程师一起完成单板的功能调试和性能测试。4、负责软件bug的修复和回归。5、领导安排的其他相关工作。任职资格：1、本科及以上学历，通信工程、自动化、电子、计算机等相关专业。2、3d打印机/无人机/机器人/自动售货机等行业5年以上工作经验。3、熟练使用C/C++、...,卫生服务,http://jobs.zhaopin.com/CCL1407571470J40787061003.htm,500-999人,2025-10-16 11:36:54,25000.0,40000.0,12.0
Java高级开发工程师,深圳,陕西慧云联达企业管理咨询有限公司,本科,经验不限,Java,20000-40000,岗位内容：1. 设计、开发并维护Java应用程序。2. 解决各种技术难题，保证代码的可靠性、高效性和安全性。3. 参与软件设计的讨论和计划制定。4. 与其他团队成员协作工作，提高团队整体技术水平。任职要求：1. 熟悉Java语言及相关技术，熟悉Spring框架。2. 具有扎实的编程基础和良好的面向对象编程思想。3. 有良好的沟通能力和抗压能力。4. 计算机及相关专业毕业，大学本科及以上学历。,人力资源服务,http://jobs.zhaopin.com/CCL1445845820J40733934505.htm,10000人以上,2025-10-15 09:26:16,20000.0,40000.0,16.0
嵌入式软件开发工程师,深圳,深圳市禹行创新科技有限公司,本科,5-10年,C++,20000-40000,岗位职责 用 C/C++ 开发嵌入式软件，负责需求分析、代码编写、测试与调试； 开发 GPIO、UART、SPI 等接口驱动，适配传感器、电机等外设； 移植 / 优化 RTOS（如 FreeRTOS），保障系统稳定运行； 配合硬件团队排查问题，输出开发文档； 解决产品量产中的软件 BUG。任职要求 本科及以上，电子 / 计算机 / 自动化相关专业，5年以上嵌入式开发经验； 精通 C/C++，熟悉 ...,人工智能,http://jobs.zhaopin.com/CCL1500744800J40877778508.htm,20-99人,2025-09-22 12:07:01,20000.0,40000.0,12.0
高级嵌入式软件工程师,深圳,深圳长广科技有限公司,本科,5-10年,"ARM处理器,C++,C语言",20000-40000,岗位职责：1、负责诊断产品的系统架构设计、迭代；2、负责系统通信协议定义与实现，整合系统功能模块；3、负责解决诊断产品系统级问题岗位要求：1、本科及以上学历，电子、通信、计算机、软件工程等相关专业；2、5年以上嵌入式软件开发经验，主导过实际项目的软件架构设计；3、熟悉主流MCU架构及开发调试经验，精通C/C++语言；4、具有扎实的数字电路、模拟电路基础知识，能备较强的分析和解决问题能力，有独立开发...,汽车零部件,http://jobs.zhaopin.com/CC669435720J40710371611.htm,100-299人,2025-09-19 00:12:03,20000.0,40000.0,12.0
高级嵌入式软件工程师（音频）,深圳,深圳市志仕智能科技有限公司,本科,5-10年,C++,30000-40000,岗位职责：1. 负责公司自研品牌头戴蓝牙耳机产品的软件开发和设计；2. 负责完成蓝牙耳机相关产品软件代码的实现，调试，测试和维护；3. 负责头戴降噪耳机恒玄、络达、矩芯、蓝讯系列等软件的调试开发；4. 负责头戴耳机音频处理开发；5. 负责BLE的调试开发。任职要求：1、统招大专以上学历，通信技术、电子技术等相关专业背景；2、具备3年以上头戴蓝牙耳机相关的嵌入式应用软件开发经验；3、精通c语言，精通...,互联网,http://jobs.zhaopin.com/CC404051830J40836784003.htm,300-499人,2025-09-11 11:07:14,30000.0,40000.0,15.0
开发工程师,深圳,深圳市共济科技股份有限公司,本科,经验不限,"JavaScript,C++,GO,MySQL,MongoDB,Redis",20000-40000,岗位：开发工程师岗位类别：研发类工作地点：深圳 招聘人数：若干岗位职责1.参与公司物联网、大数据、AI平台核心模块的设计与开发，保证功能的高效与稳定。2.根据业务需求，进行系统架构优化与性能调优，提升平台的整体处理能力。3.与产品、测试、运维团队紧密合作，推动高质量的版本交付。4.关注业界前沿技术（云原生、流计算、分布式存储、AI框架等），并结合公司业务进行应用与落地。5.参与核心代码编写、技术难...,计算机软件,http://jobs.zhaopin.com/CC145235980J40835430603.htm,500-999人,2025-09-08 15:23:14,20000.0,40000.0,12.0
中高级java工程师,深圳,银雁科技服务集团,本科,5-10年,"JavaScript,‌ VUE.JS,‌ REACT,‌ ANGULAR",20000-40000,任职要求：1、本科及以上学历，信息技术及相关专业； 2、5年以上金融行业IT背景工作经验，熟悉主流软件开发框架、有项目管理完整流程更佳； 3、（1）精通Java编程，熟练并发编程、主流框架与中间，并对一般性问题进行分析和指导；（2）针对现有系统调优；有很强的团队协作和沟通能力；（3）能独立完成项目需求文档编写；（4）良好的沟通能力； 4、会粤语优先考虑 岗位职责： 1、理解系统需求，根据需求实现相...,计算机软件,http://jobs.zhaopin.com/CC853113380J40766662709.htm,10000人以上,2025-09-02 09:19:54,20000.0,40000.0,12.0
软件开发工程师（操作系统开发）,深圳,华龙讯达,本科,3-5年,"实时操作系统开发,XENOMAI,linux",25000-40000,岗位职责： 1、优化现有操作系统实时核，提高产品可靠性及性能； 2、负责操作系统实时核模块的设计，代码的编写及优化； 3、负责底层外设及接口驱动的移植、开发、调试以及优化； 4、保障软件的开发进度与质量，编写相关技术文档； 5、分析并解决系统相关的问题，对团队提供技术支撑等。 任职要求： 1、本科及以上学历，计算机、通信、电子信息相关专业，具有3年以上相关经验； 2、扎实的编程基础与良好的编程习惯...,工业自动化,http://jobs.zhaopin.com/CC394608410J40733136716.htm,300-499人,2025-07-17 11:04:45,25000.0,40000.0,12.0
高级嵌入式软件工程师,深圳,深圳市集贤科技有限公司,本科,5-10年,C语言,25000-40000,岗位职责：1、能独立完成嵌入式系统的软件设计任务；2、负责相关设计文档的编写，制定测试方案，配合完成软件调试及测试工作；3、参与公司项目，负责技术部分的编写以及产品的规划等；4、善于解决一些偶现问题以及技术难点。任职要求：1、本科及以上学历，电子、计算机、通信类相关专业为佳；2、3年以上WiFi、freeRTOS、Linux开发（精通嵌入式）等工作经验者优先；3、具有宠物产品、ai玩具或者其他智能...,物联网,http://jobs.zhaopin.com/CC553074020J40759159602.htm,100-299人,2025-06-25 10:20:08,25000.0,40000.0,12.0
Firmware工程师（双休）,深圳,深圳万德溙光电科技有限公司,本科,3-5年,,20000-40000,一、职位描述：1、负责高速产品相关测试设备固件的设计、代码编写；2、配合硬件工程师完成新产品电路原理设计以及设计评审；3、设计开发产品上位机调试软件、测试设备软件；4、配合硬件、测试工程师解决功能验证及测试中遇到的问题；5、负责固件相关设计文档的编写和评审。以及客户端相关问题的分析，解决方案和技术支持。 二、任职要求： 1、计算机软件、电子、通信、光电子等相关专业，本科及以上学历； 2、两年以上M...,电子/半导体/集成电路,http://jobs.zhaopin.com/CC842942190J40559935614.htm,100-299人,2025-05-29 14:43:47,20000.0,40000.0,12.0
高级嵌入式软件工程师,深圳,深圳长广科技有限公司,本科,5-10年,"嵌入式软件开发,C++,车联网,驱动开发,底层系统架构,ARM",20000-40000,"岗位职责1、配合项目负责人，根据产品定义完成开发需求设计；2、根据产品定义及开发需求完成系统架构及接口和定义,程序设计；3、分割开发模块、制定各模块设计文档或需求说明，给团队合理分配任务并指导完成代码编写，调试，测试和维护；4、分析并解决嵌入式团队项目开发过程中遇到的技术问题。岗位要求1、具备需求分析和系统设计能力，以及较强的逻辑分析和独立解决问题能力；2、熟练操作C、汇编等语言，精通嵌入式操作系...",汽车零部件,http://jobs.zhaopin.com/CC669435720J40380954011.htm,100-299人,2025-05-20 16:14:12,20000.0,40000.0,12.0
嵌入式软件工程师(A158810),深圳,安克创新,本科,5-10年,"Python,C++",25000-40000,职位描述：1、负责嵌入式软件的设计、开发和调试，能够独立完成软件开发任务；2、参与产品需求分析和技术方案设计，与硬件工程师配合完成产品的开发和调试；3、负责解决项目开发中遇到的技术问题和难点，保证项目进度和质量；4、编写相关文档，包括设计文档、测试文档、用户手册等；职位要求：1、本科及以上学历，3-5年工作经验，电子、通信或计算机相关专业；2、精通C/C++语言，熟悉常用嵌入式操作系统开发(Thr...,互联网,http://jobs.zhaopin.com/CC462141910J40776658913.htm,1000-9999人,2025-05-12 17:03:35,25000.0,40000.0,16.0
嵌入式软件工程师（AED除颤仪方向）,深圳,河南利诺医疗科技有限公司,本科,3-5年,"C语言,C++",20000-40000,岗位职责：1. 参与AED除颤仪功能的需求分析、方案设计、编码实现和性能调优；2. 负责AED产品的软件开发、维护和优化；任职要求：1. 本科及以上学历2. 熟练掌握C/C++编程语言；3. 有完整的产品开发上市的项目经验优先；4. 直接负责或参与过监护仪或除颤仪产品的开发经验。 以项目形式合作,医疗设备/器械,http://jobs.zhaopin.com/CCL1257116890J40627581912.htm,20-99人,2025-05-08 17:41:59,20000.0,40000.0,12.0
java开发工程师,深圳,深圳市合好科技有限公司,大专,3-5年,"Python,C++,PHP",20000-40000,岗位职责：1 .通过技术支持能力支撑CMS领域业务迭代；2. 协助业务方梳理业务需求，提供业务规划方案、提供架构设计方案，并能根据方案驱动上下游团队执行落地；3. 负责攻克高并发、高稳定性、业务模型复杂等带来的各种挑战及技术难关岗位要求：1.有技术热情和追求，有技术好奇心对问题寻根问底，追求技术成长，能够开放讨论对方案充分PK；2. 要求5年以上开发经验，扎实的JAVA基础，掌握JVM、并发编程、...,互联网,http://jobs.zhaopin.com/CCL1500363710J40719470411.htm,20-99人,2025-03-30 21:34:31,20000.0,40000.0,13.0
赴日软件工程师,深圳,阳光软件株式会社,大专,1-3年,"后端开发,WEB开发,大数据开发,移动开发,SpringBoot,SpringMVC,Mybatis,Hadoop",20000-40000,不待机！自社内项目，SI模式，工作地点东京和山梨县（自社两个开发中心）。■岗位：IT开發java、Salesforce、Servicenow、SAP、Apex、AWS、Mulesoft、Pega等多種開發語言的大手公司直接項目和社內項目(详情微信咨询）■要求： 1) 1年以上技術開發经验；2) 日语N5以上（可以看懂日文書面文檔）；■薪资：月薪20万—100万日元（根据能力等级考核评定），每年至少...,计算机软件,http://jobs.zhaopin.com/CC814253860J00075658009.htm,100-299人,2025-03-26 08:37:42,20000.0,40000.0,13.0
嵌入式软件开发工程师,深圳,深圳市新凯来技术有限公司,本科,5-10年,"底层驱动,单板硬件驱动,芯片驱动",20000-40000,岗位职责：1、承担产品底层软件的平台化工作，探索业界主流的底层驱动框架与新技术方向，构建统一的底层驱动软件框架，向下接入通用硬件、虚拟机，向上提供统一的驱动接口供业务调度，支撑各领域业务快速迭代；2、负责ARM/X86 CPU、单片机子系统基于RTOS/Euler OS/Ubuntu等操作系统的测量平台的底软模块及特性方案的设计、开发、测试验证；3、负责BSP（板级支持包）开发，支持操作系统底层驱...,电子/半导体/集成电路,http://jobs.zhaopin.com/CCL1362239030J40685712015.htm,1000-9999人,2025-03-14 09:18:09,20000.0,40000.0,15.0
SOC软件工程师（高通/TI/QNX/Linux）,深圳,深圳市豪恩科技集团股份有限公司,本科,3-5年,,20000-40000,岗位职责：岗位需求方向：SOC应用，中间件，系统软件，驱动BSP。岗位需求方向：中间件开发（不局限TI AM62P平台经验）。1、负责平台应用开发和维护； 2、配合测试及开发团队完成整个产品的开发调试和bug修复； 3、按照项目需求完成符合功能、性能和质量要求的软件开发和调试。高通平台8650/8295（舱驾一体域控项目）、高通平台8155项目（舱内监控项目）、QNX系统（MTK平台也可）全景项目...,电子设备制造,http://jobs.zhaopin.com/CC354764110J40698553012.htm,1000-9999人,2025-02-19 14:23:41,20000.0,40000.0,12.0
嵌入式软件工程师,深圳,上海承誉电子有限公司,本科,1-3年,"8位单片机,32位单片机,ARM处理器",20000-40000,岗位内容： 1. 设计和开发嵌入式系统的软件2. 与硬件工程师合作，确保软件与硬件的紧密集成3. 编写嵌入式软件文档任职要求： 1. 熟练掌握C/C++语言2. 熟悉操作系统和网络协议栈3. 具备良好的沟通及解决问题的能力,电子/半导体/集成电路,http://jobs.zhaopin.com/CC350304610J40645673216.htm,20-99人,2024-12-05 10:05:41,20000.0,40000.0,12.0
无人车业务部-前端全栈开发工程师,深圳,北京三快在线科技有限公司,本科,1-3年,,,美团自动配送以自研L4级自动驾驶软硬件技术为核心，与美团即时零售业务结合，形成满足公开道路、校园、社区、工业园区等室外全场景下的自动配送整体解决方案。美团无人车团队成立于2016年，团队成员来自于Waymo、Cruise、Pony.ai、泛亚等自动驾驶行业头部公司，自动驾驶技术团队博士占比高达30%，依靠视觉、激光等传感器，实时感知预测周围环境，通过高精地图定位和智能决策规划，保证自动配送车全场景...,互联网,http://jobs.zhaopin.com/CC383625320J40821482209.htm,10000人以上,2026-01-11 08:50:22,,,
中/高级嵌入式工程师（Linux底软-深圳）,深圳,北京外企德科人力资源服务深圳有限公司,本科,3-5年,"C语言,C++",18000-35000,工作职责1. 深入理解产品需求，完成产品的软件框架设计和集成；2. 设计并开发嵌入式产品的SDK和解决方案；3. 开发驱动程序，包括存储、低速接口（UART、SPI等）、高速接口（USB、PCIE、Ethernet等）以及相应的外设；4. 解决系统中的疑难问题，包括但不限于：稳定性、性能、功耗等；5. 深入理解产品，参与产品的整个生命周期的开发过程，包括需求定义、设计、实现、测试、生产、维修等。任...,人力资源服务,http://jobs.zhaopin.com/CC157144120J40910129308.htm,10000人以上,2026-01-11 00:35:12,18000.0,35000.0,12.0
Java/python/JS/C++/测试(核心项目 年终奖),深圳,外企德科数字技术有限公司,本科,经验不限,"Java,Python,Golang,C/C++,软件测试,Windows,Linux",18000-35000,核心项目开发Java/python/JS/C++/测试，均有岗位在招聘【福利待遇】1、薪资open+14-16薪2、入职全额六险一金+双休，双倍加班费+加班餐补+加班打车 报销3、上下班有班车，园区有饭堂、免费健身房4、资深导师一对一带教【岗位要求】1、计算机、软件、通信等相关专业本科及以上学历，专业优秀者可放宽；2、热爱编程，基础扎实，熟悉掌握 测试/Java/python/JS/C++编程语言...,专业技术服务,http://jobs.zhaopin.com/CCL1480117890J40835283105.htm,10000人以上,2026-01-11 00:26:57,18000.0,35000.0,16.0
移动端开发工程师,深圳,北京三快在线科技有限公司,本科,1-3年,,,基础研发平台是美团的核心技术平台，立足于“零售+科技”的战略定位，通过打造人工智能、大数据、云计算、安全等核心技术能力，以及研发效能平台、企业应用平台等公共服务，为业务提供稳定安全、扩展易用、技术领先的平台技术和产品服务。在这里，我们会参与到最前沿的技术研发和探索；能够接触超规模集群、海量数据，挑战高复杂业务场景，有机会与业界一流的工程师一起并肩前行。在这里，我们有超强的技术氛围，持续向社区贡献业...,互联网,http://jobs.zhaopin.com/CC383625320J40782430309.htm,10000人以上,2026-01-11 08:49:45,,,
Java研发工程师(AI项目),深圳,外企德科,本科,3-5年,"JavaScript,C++,C#,MySQL,Spring",25000-35000,甲方公司;深圳感臻智能科技公司直聘，固定16薪，需要尽快到岗！工作职责：岗位职责 设计与开发Skyway平台的后端服务，优化数据处理流程，支持AI模型集成。 负责数据管理系统的架构设计与实现，确保高并发、低延迟及数据安全。 与前端、产品团队协作，完成API开发、数据对接及功能交付。 优化系统性能，解决稳定性问题，推动SaaS平台商业化。 参与需求分析、技术选型及代码审查，确保代码质量与项目进度。 ...,人力资源服务,http://jobs.zhaopin.com/CC138117190J40820476405.htm,100-299人,2026-01-11 00:26:00,25000.0,35000.0,12.0
java中高级开发,深圳,外企德科数字技术有限公司,本科,经验不限,"JavaScript,Python,CSS,Spring,Hibernate,Struts,MySQL,PostgreSQL,Oracle",18000-35000,核心项目开发Java/python/JS/C++/测试，均有岗位在招聘【福利待遇】1、薪资open+14-16薪2、入职全额六险一金+双休，双倍加班费+加班餐补+加班打车 报销3、上下班有班车，园区有饭堂、免费健身房4、资深导师一对一带教【岗位要求】1、计算机、软件、通信等相关专业本科及以上学历，专业优秀者可放宽；2、热爱编程，基础扎实，熟悉掌握 测试/Java/python/JS/C++编程语言...,专业技术服务,http://jobs.zhaopin.com/CCL1480117890J40833123305.htm,10000人以上,2026-01-11 00:26:48,18000.0,35000.0,16.0
无人车业务部-业务系统研发专家,深圳,北京三快在线科技有限公司,本科,3-5年,,,美团自动配送以自研L4级自动驾驶软硬件技术为核心，与美团即时零售业务结合，形成满足公开道路、校园、社区、工业园区等室外全场景下的自动配送整体解决方案。美团无人车团队成立于2016年，团队成员来自于Waymo、Cruise、Pony.ai、泛亚等自动驾驶行业头部公司，自动驾驶技术团队博士占比高达30%，依靠视觉、激光等传感器，实时感知预测周围环境，通过高精地图定位和智能决策规划，保证自动配送车全场景...,互联网,http://jobs.zhaopin.com/CC383625320J40811661609.htm,10000人以上,2026-01-11 08:40:09,,,
Java(杭州、深圳）,深圳,外企德科,本科,3-5年,"Java,多线程,SpringMVC,Mybatis,MySQL",18000-35000,Java开发工程师：岗位职责：1.负责国际站物流供应链产品的相关系统架构设计及研发，与产品密切配合，从需求出发主导和参与开发工作，高效交付，解决各类潜在系统技术风险，保证系统的安全、稳定、高效运行。2.具有独立完成复杂的系统分析、设计的能力，高质量高效率的完成核心编码开发；积极参与团队卓越工程，持续提升系统整体性能和稳定性。3.在做好业务能力支撑的前提下，具有技术调研、架构优化、性能调优能力，能深...,人力资源服务,http://jobs.zhaopin.com/CC138117190J40829655005.htm,10000人以上,2026-01-11 00:18:20,18000.0,35000.0,13.0
（java/python/c/c++）开发/测试岗 年终奖,深圳,外企德科数字技术有限公司,本科,经验不限,"Python,C++,C,Spring,Hibernate,Mybatis,MySQL,PostgreSQL,Oracle,Java,c,Go",18000-35000,岗位职责:1.负责软件产品的开发与维护，确保代码质量和系统稳定性2.参与系统设计，优化系统架构，提升性能和可维护性3.与团队合作，完成项目需求分析及模块划分任职要求：1.熟练掌握Java、C++、Python等编程语言2.具备良好的逻辑思维能力和问题解决能力3.能够适应快节奏的工作环境，具有较强的团队协作精神,专业技术服务,http://jobs.zhaopin.com/CCL1480117890J40832090605.htm,10000人以上,2026-01-11 00:26:43,18000.0,35000.0,14.0
嵌入式工程师,深圳,京东集团,本科,3-5年,C++,25000-35000,岗位职责：1.负责仓储机器人相关的嵌入式处理器的应用开发、模块功能开发；2.负责AGV、机械臂等机器人设备的运动控制等应用软件开发； 3.负责产品开发、调试、维护，生产等各项软件相关工作和相关文档的撰写；4.负责解决嵌入式软件系统相关问题；5.负责5G+AGV、机械臂、天狼、输送设备等机器人设备创新研发落地;6.配合硬件工程师完成相关功能调试和测试。任职要求：1.具有ARM/MCU/SoC等硬件电...,互联网,http://jobs.zhaopin.com/CC192921310J40806317509.htm,10000人以上,2026-01-11 00:06:40,25000.0,35000.0,16.0
蓝牙驱动工程师,深圳,深圳市形意智能科技有限公司,本科,5-10年,"8位单片机,32位单片机,DSP,C++",18000-35000,"蓝牙驱动工程师 岗位职责： 1、负责蓝牙BES软件开发和设计，主是产品是AI智能眼镜和AR眼镜 2、负责蓝牙BES与安卓系统之间的通信处理 3、负责蓝牙BES相关代码底层开发及眼镜音频处理，包括音效和多MIC降噪的算法移植 4、负责BES架构设计、性能及兼容性优化, 5、负责蓝牙音频BLE调试开发及手机APP通讯 6、负责智能眼镜，熟悉BES,杰理，蓝讯，矩芯系统软件 任职要求： 1、大学本科及以...",电子/半导体/集成电路,http://jobs.zhaopin.com/CCL1222412880J40731322912.htm,20-99人,2026-01-11 00:01:41,18000.0,35000.0,12.0
java中高级工程师（15-40k/14-16薪/双休）,深圳,外企德科数字技术有限公司,本科,经验不限,"Python,C++,C,Java",18000-35000,"有一定的java开发经验, java基础优良，熟悉常用的设计模式，有参与项目代码重构经验者优先；2) 熟悉常用的开源框架，如Spring、SpringMVC、mybatis等，并有相关的项目经验；3) 了解微服务，至少了解servicecomb、dubbo、SpringCloud等微服务治理框架中的一种，有相关项目经验；4) 熟悉常用的开源中间件/工具/软件，如redis、zookeeper、EL...",专业技术服务,http://jobs.zhaopin.com/CCL1480117890J40814811005.htm,10000人以上,2026-01-11 00:25:38,18000.0,35000.0,16.0
高级嵌入式软件工程师,深圳,鸿盈科技实业(深圳)有限公司,大专,3-5年,C语言,20000-35000,嵌入式软件工程师 岗位职责： 1、协助完成MCU选型评估及基础模块代码开发与调试； 2、支持功能模块开发、单元测试及硬件联调； 3、参与产品试产/量产中的软件问题分析与修复； 4、编写技术文档，维护代码规范及版本管理； 5、使用调试工具（示波器、逻辑分析仪）协助硬件定位问题点。 任职要求： 1、电子/计算机相关专业大专及以上学历，3年以上相关工作经验； 2、熟悉C语言，掌握STM32/Cortex...,计算机硬件,http://jobs.zhaopin.com/CC665215380J40915088815.htm,20-99人,2026-01-09 18:02:05,20000.0,35000.0,12.0
高级嵌入式软件工程师,深圳,深圳市康立生物医疗有限公司,本科,5-10年,"32位单片机,C++,C语言",20000-35000,素质要求：1、电子、计算机或自动化相关专业，本科以及以上学历2、4年以上工作经验，有医疗软件开发背景3、责任心强，较强的团队精神和沟通协作能力4、有大型项目开发经验，有独立性能调优经验技能要求：1、熟练使用 C/C++(嵌入式标准)编写模块化、可复用的驱动代码，有良好的编码规范2、熟练使用 FreeRTOS、VxWorks、ThreadX等3、熟练掌握 STM32TI MSP430、NXP i.M...,医疗设备/器械,http://jobs.zhaopin.com/CC515905230J40819643401.htm,300-499人,2026-01-09 11:10:29,20000.0,35000.0,14.0
Java/C/C++软件开发/测试工程师（双休+五险一金+年终奖）,深圳,外企德科数字技术有限公司,本科,经验不限,"C语言,Java,Python,图形图像处理,嵌入式开发,音视频开发,图像识别,3D图形处理,人脸识别,Redis,MySQL,PyTorch,软件测试",19000-35000,全国均有岗位（开发、测试、算法、数据分析等）岗位要求：一、软件开发工程师1. 热爱编程，熟悉掌握Java/C++/C/Python/Web开发等编程语言中的一种或多种编程语言，扎实的编程功底；2. 具备良好的独立工作能力和解决问题能力，善于沟通，乐于合作，热衷新技术；二、软件测试工程师：1. 热爱编程，熟悉掌握C/C++/Java/Python等编程语言中的一种或多种编程语言，扎实的编程功底；2....,专业技术服务,http://jobs.zhaopin.com/CCL1480117890J40813287805.htm,10000人以上,2026-01-11 00:25:33,19000.0,35000.0,16.0
嵌入式开发工程师（VDGS）,深圳,深圳中集天达空港设备有限公司,本科,3-5年,"C++,linux,嵌入式开发",,【岗位职责】1、负责机场登机桥可视化飞机泊位引导系统升级开发；2、负责LED显示屏/面板的驱动开发、控制逻辑与图形显示实现；3、负责相关嵌入式系统研发项目；【岗位要求】1、计算机、自动化、通信工程等相关专业本科及以上学历；2、熟悉嵌入式系统Linux开发，熟悉计算机视觉、图像处理、神经网络；3、精通C++，熟悉C#，Python，MATLAB，熟练使用NVIDIA的开发板；4、具有基本的英语听说读...,专用设备制造,http://jobs.zhaopin.com/CC000421340J40837238305.htm,1000-9999人,2026-01-07 11:21:11,,,
Java开发工程师（风险服务类系统开发方向）(012201),深圳,中信银行信用卡中心,本科,3-5年,,,岗位职责:1、承担中信银行信用卡中心应用类系统项目开发测试任务；2、持续提升系统性能和稳定性，扫除技术风险；3、撰写技术方案，参与系统分析与设计、代码编写、测试支持、系统上线；4、维护和升级现有系统，快速定位并修复现有软件缺陷；5、参与新技术的创新性预研。 任职要求:1、计算机相关专业，大学本科及以上学历；2、有3年及以上Java服务端开发经验；3、熟悉Spring boot/Spring bat...,银行,http://jobs.zhaopin.com/CC133037270J40854008513.htm,1000-9999人,2026-01-07 10:07:55,,,
Java/C/C++/Python/JS 软件开发（多部门推荐）,深圳,外企德科数字技术有限公司,本科,经验不限,"C++,Python,C,Java,JS",18000-35000,面向全国研究所招聘，挂的是通用岗位JD，各种技术岗位都有哦！！！ 业务技能要求： 1、掌握C/C++/Java/Python/JS等主流开发语言的一种； 2、有Linux开发经验和Shell等脚本使用经验；了解常用的软件架构模式、基本的编程编译工具； 3、 具有良好的沟通能力，对技术有激情，喜欢钻研，能快速接受和掌握新技术，有较强的独立、主动的学习能力。 专业知识要求： 1、信息系统/计算机/通讯...,专业技术服务,http://jobs.zhaopin.com/CCL1480117890J40813289205.htm,10000人以上,2026-01-11 00:25:33,18000.0,35000.0,14.0
嵌入式开发工程师,深圳,深圳市新凯来技术有限公司,硕士,经验不限,"32位单片机,ARM处理器,X86处理器,C语言,C++",25000-35000,岗位职责：负责精密装备部件的驱动与控制算法研究及开发，包括驱动控制系统方案设计、控制算法设计及仿真、运动轨迹规划、系统辨识、软件实现及性能调试，交付业界领先的驱动控制解决方案。岗位要求：1、自动化、电子、电机、电气、通信、机电一体化、计算机等相关专业；2、熟悉C/C++编程，掌握常用的数据结构；熟悉计算机体系结构，如ARM64/x86等架构；3、有DSP、MCU等嵌入式软件系统开发经验，熟悉Lin...,电子/半导体/集成电路,http://jobs.zhaopin.com/CCL1362239030J40882466115.htm,1000-9999人,2026-01-06 17:01:13,25000.0,35000.0,12.0
嵌入式软件工程师,深圳,深圳市驰衡科技有限公司,本科,经验不限,"ARM处理器,32位单片机,8位单片机,C语言,C++",19000-35000,岗位内容： 1. 设计和开发系统的软件，熟悉单片机/ARM平台，熟悉C语言，精通STM32 等，熟悉PD/PPS/QC2.0/3.0 /SCP/FCP等通信协议！2. 与硬件工程师合作，确保软件与硬件的紧密集成3. 编写软件文档任职要求： 1. 有实际项目经验，熟练掌握C/C++语言2. 本科或者以上学历3. 具备良好的沟通及解决问题的能力4. 有移动电源/充电器开发经验的优先,计算机硬件,http://jobs.zhaopin.com/CCL1363843410J40755399203.htm,20-99人,2026-01-06 11:13:16,19000.0,35000.0,13.0
高薪javac++/c/双休14薪/线上面试,深圳,外企德科数字技术有限公司,本科,经验不限,"JavaScript,C",18000-35000,工作职责1、负责SAAS软件等产品需求分析，架构设计、系统设计和开发实现，高质量完成版本特性的交付；2、主导或参与系统核心模块的技术竞争力构建，跟踪分析业界发展趋势并完成竞争力分析；3、负责SAAS软件产品工程能力建设，带领团队运用先进的交付模式，持续提升交付效率;岗位要求1、本科及以上学历，工作经验不限；2、熟悉JAVA软件开发，精通主流开发框架如SPRING MVC、SPRING CLOUD....,专业技术服务,http://jobs.zhaopin.com/CCL1480117890J40783432505.htm,10000人以上,2026-01-11 00:24:31,18000.0,35000.0,14.0
嵌入式工程师 (Zynq MPSoC方向）,深圳,中路交科科技股份有限公司,本科,3-5年,"C语言,C++",20000-35000,工作职责：与FPGA硬件及算法紧密合作，负责基于Xilinx Zynq UltraScale+ (MPSoC) 平台的嵌入式系统软件架构设计、驱动开发及性能优化。 岗位职责: 1. 系统构建与Bring-up： 负责自研Zynq MPSoC硬件平台的板级支持包 (BSP) 开发，包括 FSBL、U-Boot、ATF、Linux Kernel 的移植与裁剪。 2. 驱动开发： 负责板载外设驱动开发与...,工程技术与设计服务,http://jobs.zhaopin.com/CC478337580J40818443101.htm,300-499人,2026-01-05 11:30:55,20000.0,35000.0,12.0
嵌入式软件工程师,深圳,江阴长仪集团有限公司,本科,3-5年,"ARM处理器,32位单片机",25000-35000,岗位职责：1）负责基于嵌入式Linux平台的新型融合终端（IFT）嵌入式软件架构设计、核心功能模块开发与调试（使用C/C++语言）；2）负责698.45、1376.1、1376.2、645、MQTT、104的通信协议开发与维护；3）抄表功能开发：负责基于DL698等协议的远程抄表（电能数据采集）、冻结数据管理、事件上报等功能实现；4）负责或参与与底层硬件模块（如：网络芯片、计量芯片、ESAM安全模...,仪器仪表制造,http://jobs.zhaopin.com/CC131743540J40907735715.htm,500-999人,2026-01-05 00:12:42,25000.0,35000.0,12.0
java/c++/python后端开发,深圳,外企德科数字技术有限公司,本科,经验不限,"Java,C++",19000-35000,全国均有岗位(开发、测试、算法等)岗位要求:一、软件开发工程师1.热爱编程，熟悉掌握Java/C++/C/Python/Web开发等编程语言中的一种或多种编程语言扎实的编程功底:2.具备良好的独立工作能力和解决问题能力，善于沟通，乐于合作，热衷新技术;二、软件测试工程师:1.热爱编程，熟悉掌握C/C++/Java/Python等编程语言中的一种或多种编程语言，扎实的编程功底;2.有web开发或测试...,专业技术服务,http://jobs.zhaopin.com/CCL1480117890J40774566105.htm,10000人以上,2026-01-11 00:24:30,19000.0,35000.0,15.0
嵌入式软件工程师（uds/boot）,深圳,科列技术,本科,3-5年,"C语言,嵌入式软件开发,底层软件,汽车电子,Bootloader,UDS",20000-35000,职责描述： 1、根据系统需求进行软件需求分析和定义并设计软件模块测试文档； 2、负责底层软件开发、测试和维护； 3、负责Bootloader、OTA的开发和测试； 4、负责UDS、CAN网络管理的开发和测试； 5、负责XCP和J1939协议的开发和测试； 6、负责向其他部门提供必要的技术支持。 任职要求： 1、本科及以上学历，车辆工程、电力电子、计算机等相关专业； 2、有3年以上汽车电子 、车载电...,新能源,http://jobs.zhaopin.com/CC336668610J40799735312.htm,300-499人,2026-01-04 09:58:40,20000.0,35000.0,12.0
嵌入式架构师,深圳,深圳市集贤科技有限公司,本科,5-10年,"C语言,ARM,架构,AI语音",25000-35000,岗位职责：1. 负责AI语音产品、宠物智能设备类的方案设计与开发2. 参与代码框架设计、需求分析及核心功能代码实现3. 解决产品生产及应用中的技术问题4. 编写日常工作需求文档等任职要求：1. 本科以上学历，电子、计算机、通信、自动化等相关专业，8年以上嵌入式软件开发工作经验。2. 精通FreeRTOS、RT-Thread、Zephyr等常用RTOS系统，精通C/C++语言开发。3. 精通TCP/...,物联网,http://jobs.zhaopin.com/CC553074020J40891380402.htm,100-299人,2025-12-29 10:11:56,25000.0,35000.0,12.0
软件开发工程师（前后端，测试均在招聘）,深圳,外企德科数字技术有限公司,本科,经验不限,"JavaScript,Python,C++,Spring,Hibernate,Struts,MySQL,PostgreSQL,Oracle",18000-35000,【C/C++/JAVA/Python/SQL/web/Android/IOS/Flutter/GO/大数据/AI/开发/运维/测试均有岗位需求】PS：北京，上海，南京，杭州，深圳，东莞，成都，西安，武汉，长沙均有需求开放【岗位要求】1、统招本科及以上学历；2、掌握C++/Java/Go/Web（Vue、React、js前端开发、前端框架...）/python/H5一种或多种编程语言，有良好的编程习...,专业技术服务,http://jobs.zhaopin.com/CCL1480117890J40765505405.htm,10000人以上,2026-01-11 00:24:29,18000.0,35000.0,12.0
嵌入式软件工程师,深圳,山东艾克索仑电气有限公司,本科,3-5年,"Bootloader,FOC控制算法,Wi-Fi,C语言,32位单片机",18000-35000,岗位职责：可兼职（1）无刷电机电调软件开发；（2）CAN通信开发；（3）电调软件优化；（4）蓝牙、Wifi无线通信功能的开发；（5）软件技术文档编制；（6）参与硬件设计的评审。岗位要求（1）本科及以上，3年以上工作经验，电子与信息类专业；（2）精通C语言，具有良好的编程习惯，熟练使用STM32单片机；（3）至少掌握一种嵌入式实时操作系统（如，FreeRTOS）；（4）掌握CANopen通信协议，能...,电气机械/电力设备,http://jobs.zhaopin.com/CC627589630J40783399905.htm,20-99人,2025-12-27 11:54:43,18000.0,35000.0,12.0
嵌入式软件工程师,深圳,深圳市豪恩科技集团股份有限公司,本科,3-5年,"C语言,摄像头,安霸,星宸,行车记录仪",20000-35000,"岗位职责：1. 负责车载DVR/AVM等汽车电子产品嵌入式软件相关模块设计;2. 负责车载DVR/AVM等汽车电子产品应用开发与调试;3. 根据研发规范编写相关技术文档以及进行文档评审;4. 配合硬件工程师进行车载DVR等产品样机制作调试;任职要求：1. 精通C、C++程序设计语言，3年及以上嵌入式开发工作经验；2. 负责车载DVR/AVM,辅助驾驶ADAS产品应用开发与调试。3. 至少熟悉一种R...",电子设备制造,http://jobs.zhaopin.com/CC354764110J40855843612.htm,1000-9999人,2025-12-24 17:18:12,20000.0,35000.0,12.0
嵌入式软件工程师（仪表界面）,深圳,智行畅联科技有限公司,本科,3-5年,,20000-35000,岗位职责：1、负责前装车厂仪表、中控应用软件开发；2、按产品要求进行需求评估、技术评审、设计文档编写；3、负责单元测试、软件问题的分析处理；任职要求：1、本科及以上学历，电子、计算机、工业自动化等相关专业；2、从事汽车仪表或中控等应用软件开发工作至少2年以上；3、独立或主导开发过一到两款仪表、中控应用软件开发；4、精通FlyThings，QT或其它应用界面开发工具；6、扎实的C，C++语言编程基础...,汽车智能互联,http://jobs.zhaopin.com/CCL1495518520J40724296714.htm,20-99人,2025-12-24 15:47:45,20000.0,35000.0,12.0
自动驾驶云服务开发（Java）,深圳,科锐尔人力资源服务(苏州)有限公司,本科,1-3年,"Spring,Mybatis,Oracle,MySQL,Redis",18000-35000,岗位职责：1、设计并开发自动驾驶云端服务功能，不断开展重构优化，确保代码质量满足可用，可靠，安全等可信要求； 2、负责子系统（模块）的DevOps能力提升，持续提升算法性能，提升云服务可靠性和可维护性，增强系统运维能力；3、保持开放和创新的思维方式，能够发掘前沿的技术或算法，并应用到软件开发中，提升软件产品的核心竞争力。岗位要求：1、了解容器、微服务等云原生开发理念、实现技术，了解常见设计模式，精...,咨询服务,http://jobs.zhaopin.com/CC453635220J40865392403.htm,1000-9999人,2025-12-22 17:42:12,18000.0,35000.0,14.0
嵌入式应用工程师,深圳,海能达,本科,5-10年,"RTOS,linux,C++,应用层,嵌入式应用",20000-35000,负责公司核心+自研产品的嵌入式应用开发，涵盖多职级需求，招聘3年或以上经验人士【岗位职责】1.负责嵌入式应用软件功能设计和实现；2.负责设计文档的编写与评审，参与需求文档评审；3.负责解决有一定复杂度的业务交互、系统问题；4.主导终端嵌入式软件技术方案的设计和编写。【任职要求】1.1年及以上软件开发工作经验，计算机、软件工程、电子信息相关专业；2. 精通C\C++开发语言，熟悉嵌入式系统（RTOS...,通信/网络设备,http://jobs.zhaopin.com/CC333074410J40882030402.htm,1000-9999人,2025-12-16 10:50:50,20000.0,35000.0,14.0
软件工程师,深圳,深圳市星泰蓝科技有限公司,大专,3-5年,"C语言,展锐8910,ASR 芯片,移远,SIMCOM,OPENCPU",22000-35000,"岗位职责： 负责嵌入式设备的软件开发 。任职要求： 1. 计算机、通信或相关专业本科或以上学历，相关工作背景优秀者可适当放宽要求； 2. 有GPS定位器产品的嵌入式系统的驱动开发经验，有高通9x05, 9x06平台的音频，射频驱动开发经验尤佳；3. 熟练掌握并使用C语言；4. 能够阅读英文技术资料并撰写英文技术文档；5.熟悉C#开发上位机交互程序优先6. 具有工作主动自觉性和较快的适应工作能力，具...",通信/网络设备,http://jobs.zhaopin.com/CC872300210J40858179212.htm,20-99人,2025-12-15 13:42:55,22000.0,35000.0,12.0
软件工程师（深圳）(A177226),深圳,啄木鸟医疗,本科,3-5年,,20000-35000,职位描述：1.负责公司核心产品软件的升级优化；2. 协同硬件开发， 支撑公司嵌入式设备的软件开发；3. 配合公司 AI 应用及 IoT 物联网生态建设，提供应用软件支持；职位要求：1.本科学历及以上，3年及以上工作经验，有医疗器械行业经验者优先；2.基础与架构：精通 C++ (11+)、STL/Boost 及 OOP 设计模式；熟悉 Java/Python 混合编程；3.UI 开发：精通 Qt (...,医疗设备/器械,http://jobs.zhaopin.com/CC141184140J40779937816.htm,500-999人,2025-12-10 10:48:06,20000.0,35000.0,12.0
嵌入式软件工程师,深圳,广东浩宁达实业有限公司,本科,5-10年,"C语言,C++",20000-35000,"岗位职责：1、负麦国、南网集中器、融合终端、电能表等终端产品的开发维护工作;2、技术资料编写与发布;3、参与终端产品招投标的应标工作岗位要求：1本科及以上学历，计算机、自动化、通信、数学、物理相关专业。2熟悉嵌入式c程序开发，熟悉常用的算法和数据结构,精通单片机。3.熟悉tcp/ip协议，面向对象/DLAMS,有协议栈开发和调试经验者优先。4.有嵌入式操作系统(linux、RTOS等)开发经验者优...",仪器仪表制造,http://jobs.zhaopin.com/CCL1451250670J40877969002.htm,100-299人,2025-12-10 09:43:30,20000.0,35000.0,12.0
高级嵌入式软件工程师（医疗器械）,深圳,深圳市保安医疗用品有限公司,本科,3-5年,"32位单片机,C语言,C++,Python",25000-35000,职位介绍 职责描述： 1、参与嵌入式医疗设备产品方案讨论与技术调研。 2、负责嵌入式软件的设计开发策划，需求分析。 3、负责嵌入式软件架构设计和开发。 4、指导初级软件工程师工作。 任职要求： 1、本科及以上学历，自动化/计算机/软件工程等相关专业；扎实的计算机原理、操作系统原理基础知识。 3、具备3年以上医疗器械嵌入式软件设计开发经验者优先，有输注设备研发背景优先，可放宽学历要求。 4、熟悉ST...,医疗设备/器械,http://jobs.zhaopin.com/CC177787710J40744261711.htm,100-299人,2025-12-05 10:26:05,25000.0,35000.0,13.0
高级固件工程师,深圳,南山集团,本科,3-5年,光模块,20000-35000,1、负责 800G 光模块产品，FW方案设计开发、代码实现及调试工作；2、负责相关固件需求、固件架构设计、固件模块设计、静态测试、单元测试等文档的撰写；3、协助测试工程师，进行集成测试；4、完成安排的其他任务。能力要求：1、电子通信、自动化、计算机等专业的本科及以上学历； 2、光模块行业5年以上固件设计工作经验；3、有开发单通道100G、200G、400G、800G光模块固件的经验；4、精通光模块...,金属制品业,http://jobs.zhaopin.com/CC325431920J40806115207.htm,10000人以上,2025-12-04 07:41:36,20000.0,35000.0,12.0
软件设计主管-技术,深圳,深圳斯坦雷电气有限公司,本科,10年以上,"C++,C语言",25000-35000,"任职资格： 1.车载控制回路、ECU\MCU的软件设计或项目经理经验10年以上，下属8人左右及以上； 2.车载产品新控制单元开发/项目管理的经验； 3.车载产品的新项目客户技术对接经验； 4.熟悉C/C++等编程语言，必须能手动设计软件代码的能力； 5.Automotive SPICE ,(CMMI)的经验及知识； 6.熟知汽车专用CAN/LIN通信协议，能使用CANoe\CANape工具； 7....",电子/半导体/集成电路,http://jobs.zhaopin.com/CC138281680J40721150309.htm,500-999人,2025-12-02 00:03:01,25000.0,35000.0,12.0
开发工程师1名,深圳,栾川县宏邦矿业有限公司,本科,3-5年,"JavaScript,Python",20000-35000,主要工作地在深圳，能接受长期出差者优先（缴纳五险一金）一．岗位职责：1. 开发基础功能模块（如设备接口、报警规则引擎）；2. 实现轻量级二次开发需求（如报表扩展）；3. 编写自动化测试脚本；4. 协助供应商联调测试；5. 维护内部工具链。二. 任务要求：1. 3年以上后端开发经验（Java/Python）；2. 熟悉工业协议（OPC UA/Modbus）；3. 精通RESTful API开发；4....,矿产/采掘,http://jobs.zhaopin.com/CCL1465248250J40764180816.htm,300-499人,2025-12-01 15:28:22,20000.0,35000.0,12.0
嵌入式软件工程师,深圳,深圳安科,本科,1-3年,"C++,射频",20000-35000,"岗位职责：1、根据项目需求，参与制定技术方案，完成相关设计开发文档编写；2、参与硬件产品的前期规范和评审，以及可行性风险分析，并根据项目需求，对硬件方案进行分析和选择，制定研发进度；3、负责公司产品硬件方案设计，关键元器件选型,电路原理图，PCB图的设计和分析; 4、负责硬件电路调试、系统测试，对产品关键硬件问题进行定位分析，EMC整改;5、负责技术平台建设、内部学习分享体系搭建，管理硬件团队，人...",医疗设备/器械,http://jobs.zhaopin.com/CC000643860J40859420403.htm,500-999人,2025-11-27 13:48:23,20000.0,35000.0,12.0
装备开发工程师,深圳,深圳市德明利技术股份有限公司,本科,3-5年,,22000-35000,岗位职责：1、负责公司存储产品（EMMC、UFS、NAND Flash、LPDDR），量产装备的程序开发和导入；2、负责产品的ATE和BI装备测试解决方案的制定和实现；3、根据产品特点和客户要求，定制优化量产测试程序，满足客户需求；4、例行分析量产测试TOP问题，提升生产良率；5、根据介质特性和产线问题，优化测试程序，提升产品质量。任职要求：1、电子工程、通信、计算机等相关专业本科及以上学历，3年...,电子/半导体/集成电路,http://jobs.zhaopin.com/CC375244410J40851825812.htm,500-999人,2025-11-21 14:53:14,22000.0,35000.0,14.0
嵌入式软件开发工程师(J13604),深圳,深圳市广和通无线股份有限公司,本科,5-10年,C语言,20000-35000,岗位职责:1、负责MTK平台CPE产品全流程开发，含内核驱动（网卡 /Flash/ USB 等）适配、设备树修改与调试。2、基于 Linux 内核定制优化，含内核裁剪、进程 / 内存 优化，解决内核级死机、内存泄漏等关键问题。3、参与CPE产品TCP/IP/IPv6/VPN/QoS/NAT 等相关问题定位，对接 Wi-Fi / 以太网模块，保障网络转发效率与稳定性。4、协同硬件团队完成原理图评审与...,运营商/增值服务,http://jobs.zhaopin.com/CC133904260J40774733416.htm,1000-9999人,2025-11-19 11:19:06,20000.0,35000.0,12.0
高级软件工程师（彩屏+控制方向）,深圳,深圳市创荣发电子有限公司,本科,5-10年,"C语言,C++,Python",30000-35000,岗位职责：1. 负责显示屏、彩屏产品的技术对接、软件开发、软件开发指导；2. 负责显示屏、彩屏产品的软件问题跟进、问题分析、问题分析指导；3. 负责输出相关技术资料，如测试方案、实验方案；4. 负责显示屏、彩屏产品的测试上位机开发、负责平台性软件开发；5. 负责参与电子方案选型与评估、原理图设计与审查；6. 负责参与产品测试方案制定与评审；7. 协助项目经理和NPI部门导入产品生产；8. 负责跟进...,消费电子产品,http://jobs.zhaopin.com/CC143511680J40810357307.htm,1000-9999人,2025-11-18 20:06:15,30000.0,35000.0,14.0
高级嵌入式软件工程师,深圳,深圳市盛航特科技有限公司,本科,5-10年,"ROCKCHIP,海思,君正,瑞芯微,算法移植,底层驱动",20000-35000,高级嵌入式软件开发工程师(算法)工作内容：负责嵌入式系统的软件开发，基于Linux等平台的软件开发和调试。主要职责：- 负责嵌入式系统软件功能设计及开发，以及关键模块的功能开发和维护；- 负责软件模块的设计文档编制，代码开发及调试；- 参与嵌入式系统的架构设计和优化，确保系统的性能和稳定性；- 与其他硬件工程师和软件工程师紧密合作，确保软件和硬件之间的协同工作；- 负责和算法公司对接， 完成算法在...,电子/半导体/集成电路,http://jobs.zhaopin.com/CCL1268099830J40817475703.htm,20-99人,2025-11-07 18:04:25,20000.0,35000.0,13.0
嵌入式软件工程师（linux内核）,深圳,英威腾,本科,1-3年,"C语言,QT,LINUX内核,驱动开发",20000-35000,岗位描述：1、负责公司PLC相关产品的linux内核和驱动相关功能的开发与调试；2、负责QT源码编译，图像显示驱动开发及显示实时性优化；3、负责QT图像流畅稳定显示，对Linux内核调度、系统实时性和稳定性优化；4、负责PLC相关组件及应用开发，编写相关的开发文档；岗位要求：1、本科及以上学历，2年以上linux相关工作经验者优先，有Codesys runtime开发经验者优先；2、熟悉多核ARM...,工业自动化,http://jobs.zhaopin.com/CC134263690J40804216607.htm,1000-9999人,2025-10-27 16:35:13,20000.0,35000.0,14.0
中间件开发工程师,深圳,广州视源电子科技股份有限公司,学历不限,经验不限,,20000-35000,岗位职责：1负责车载TBOX中间件模块开发，包括32960国标数据上报协议模块设计与实现，支持车辆状态、故障码、定位等数据实时上报至TSP平台。2开发TSP Client中间件，实现与车联网平台的通信交互（如数据加密传输、远程指令解析、OTA升级指令响应）。3基于AUTOSAR AP架构开发服务化中间件（SOME/IP、DoIP协议栈），支持车载域控制器与云端服务的高效通信。4完成TBOX软件架构...,电子/半导体/集成电路,http://jobs.zhaopin.com/CC143929460J40744112709.htm,1000-9999人,2025-10-23 17:43:34,20000.0,35000.0,14.0
嵌入式软件开发工程师,深圳,楹桦投资(深圳)有限公司,大专,5-10年,C++,18000-35000,岗位职责1. 参与QGroundControl地面站功能开发、优化及维护；2. 负责无人机地面站GUI设计及新应用功能开发应用;3. PC端视频解码播放软件的开发;4. 协助完成飞控测试平台搭建及联调工作;5. 根据项目需求，开发和集成自定义模块，包括界面设计、数据传输、飞行控制等功能；6. 调试和优化无人机通信链路，确保地面站与飞控的高效稳定连接；7. 协助无人机飞控参数配置及地面站与无人机数据...,电子/半导体/集成电路,http://jobs.zhaopin.com/CCL1512466950J40844448202.htm,100-299人,2025-10-23 15:05:46,18000.0,35000.0,12.0
控制软件工程师,深圳,英威腾,本科,5-10年,"C语言,ARM处理器,主站开发",20000-35000,岗位职责：1、根据产品发展规划和产品开发流程，负责控制产品通讯协议，通讯接口开发与维护；2、根据技术发展规划和技术开发流程，负责控制产品的竞品选择、分析以及整理工作，为公司新产品开发提供技术储备；3、根据产品营销、生产、开发等反馈问题，按部门规划与要求，提供对外部门的技术支持和问题处理等服务工作。岗位要求：1、本科及以上学历，自动控制、自动化、软件工程、计算机等相关专业，精通C语言编程。2、在li...,工业自动化,http://jobs.zhaopin.com/CC134263690J40804154607.htm,1000-9999人,2025-10-27 14:52:30,20000.0,35000.0,14.0
嵌入式软件工程师,深圳,深圳市润诚达电力科技有限公司,本科,3-5年,linux,25000-35000,岗位职责：一、产品开发与技术支持根据产品需求，设计并实现嵌入式系统的硬件接口、软件架构及算法。负责嵌入式系统软件的编码、调试和维护工作。编写相关开发文档，包括设计文档、测试报告等。对客户提供技术支持，解决产品在使用过程中遇到的问题。参与产品的现场调试和故障排查工作。二、系统优化与性能提升对嵌入式系统进行性能优化，提高系统的稳定性和响应速度。优化代码结构，提高代码的可读性和可维护性。关注嵌入式技术的...,电力/水利/热力/燃气,http://jobs.zhaopin.com/CC361523010J40642117703.htm,500-999人,2025-10-23 00:24:01,25000.0,35000.0,12.0
嵌入式主管,深圳,深圳市禹行创新科技有限公司,本科,5-10年,"32位单片机,ROS 系统,MVLINK 协议",25000-35000,职位描述岗位职责用 C/C++ 开发嵌入式软件，负责需求分析、代码编写、测试与调试；开发 GPIO、UART、SPI 等接口驱动，适配传感器、电机等外设；移植 / 优化 RTOS（如 FreeRTOS），保障系统稳定运行；配合硬件团队排查问题，输出开发文档；解决产品量产中的软件 BUG。任职要求熟悉SPI 、I2C总线，有气压计、IMU、磁力计等传感器数据的采集与滤波的熟悉 STM32、NXP I...,人工智能,http://jobs.zhaopin.com/CCL1500744800J40881206308.htm,20-99人,2025-09-25 15:33:00,25000.0,35000.0,12.0
java架构师,深圳,深圳市思源计算机软件股份有限公司,本科,10年以上,Java,30000-35000,岗位职责：1、负责公司核心通用组件及框架的设计、优化与开发，提升开发效率和产品性能；2、负责制定代码规范，把控研发过程和代码质量，负责核心代码编写，进行研发过程中的技术难点攻关；3、指导技术框架升级，负责技术架构的设计，持续研究和融合创新技术，根据公司总体技术愿景，思考平台产品架构的变革发展，形成蓝图规划；4、分解和定义大型平台架构下各项子系统的功能和非功能需求，定义系统交互接口；5、对关键子系统...,IT服务,http://jobs.zhaopin.com/CC147303860J40794421307.htm,100-299人,2025-09-17 14:01:55,30000.0,35000.0,12.0
嵌入式软件工程师,深圳,奥克斯集团,本科,5-10年,"32位单片机,C语言,新能源,逆变器,光伏",20000-35000,主要职责：1、负责逆变器产品的ARM软件的开发与维护；2、负责物联网模块或无线模块互联协议开发与维护；3、根据项目需求评估软件方案，编写软件设计文档，根据产品需求构建实现功能代码。应聘要求：1、本科及以上学历，5年以上能源行业嵌入式软件开发经验；2、有逆变器产品开发经验优先，熟悉产品应用场景及逻辑；3、有产品GUI开发经验优先，具备LVGL、QT等相关开发经验；4、精通ARM架构M3/M4系列MC...,仪器仪表制造,http://jobs.zhaopin.com/CC120230020J40715110706.htm,10000人以上,2025-09-11 15:53:37,20000.0,35000.0,15.0
高级嵌入式软件工程师,深圳,深圳市诺安智能股份有限公司,本科,5-10年,"32位单片机,C语言",20000-35000,一、岗位职责：1、方案设计：承接系统工程师分解的需求任务，设计软件技术方案，编写概要设计文档，详细设计文档，接口设计；2、开发实现：执行MCU软件开发、调试、自测；3、架构设计：基于嵌入式操作系统或裸机，进行软件架构设计调整，使系统软件能够支持多个产品形态，适配多个部件；4、协作沟通：与系统工程师，硬件工程师，测试工程师协作，保证输出质量，保障项目按时交付；5、团队管理：管理小型软件开发组，组内任...,仪器仪表制造,http://jobs.zhaopin.com/CC202099210J40757922903.htm,100-299人,2025-09-05 16:23:23,20000.0,35000.0,12.0
嵌入式系统固件开发工程师,深圳,北京遍知科技集团有限公司,本科,3-5年,"ESP32,驱动调试",20000-35000,【岗位职责】1.架构智能体核心：负责设计和实现AIoT智能体的固件架构，在ESP32平台上高效稳定地运行，支撑感知、决策、执行的核心逻辑。2.多传感器融合与驱动：开发并优化各类传感器（如音频、图像、IMU等）驱动，实现高性能数据采集与预处理，为AI决策提供高质量输入。3.功耗与性能的极致平衡：设计创新的功耗管理策略，在保证AI运算实时响应的同时，实现业界领先的续航表现。4.构建可靠系统：负责安全启...,人工智能,http://jobs.zhaopin.com/CCL1499531340J40773238311.htm,100-299人,2025-08-20 10:58:26,20000.0,35000.0,12.0
IT软件开发工程师（AT）,深圳,TP-LINK,本科,1-3年,"JavaScript,Spring,Oracle,MySQL,分布式经验,微服务经验,大数据经验",20000-35000,岗位职责：1. 参与大规模生产信息化系统、智能制造系统建设、研发CI，助力企业数字化转型，提高工作效率；2. 参与设计系统解决方案，与用户、需求分析人员充分沟通；3. 完成概要设计、模块设计、代码开发、自动化测试工作。任职要求：一、后端开发方向1. 本科及以上学历，计算机相关专业；2. 熟悉Java、Python、PHP等至少一种开发语言及其主流Web开发框架；3. 了解常用的设计模式；熟悉MyS...,IT服务,http://jobs.zhaopin.com/CC120073810J40765286509.htm,1000-9999人,2025-08-08 17:20:55,20000.0,35000.0,12.0
资深嵌入式软件工程师,深圳,炬芯科技股份有限公司,本科,3-5年,,20000-35000,职位描述：1、带领团队负责重点项目的软件开发工作等。2、蓝牙音频产品的项目管理，包括项目流程把控，风险管理等项目工作。3、对接关键客户，做好客户管理等。任职要求：1、行业内5年以上从业经验，熟知行业内产品和项目开发的相关知识2、要求具备较强的沟通能力和协调能力。3、有团队管理经验者优先4、有项目管理知识者优先,电子/半导体/集成电路,http://jobs.zhaopin.com/CC266619030J40761304311.htm,300-499人,2025-07-23 10:01:21,20000.0,35000.0,13.0
无刷电机控制器软件开发工程师,深圳,深圳市雄才科技有限公司,本科,3-5年,"控制算法,C语言,ARM,嵌入式软件开发,单片机开发",25000-35000,岗位职责1. 负责有霍尔/无霍尔永磁同步电机(PMSM)的磁场定向控制算法(FOC)的代码的编写和调试；2. 编制开发过程中的产品规格书及测试文档；3. 主要负责无人机电机控制项目的开发；岗位要求1. 本科及以上学历，自动化或者电子信息相关专业，两年以上工作经验，有完整项目经验；2. 有直流无刷电机控制器研发工作经验，并熟悉FOC 算法；3. 精通C语言编程及具有严谨的编程习惯；4. 熟悉ARM/...,电子/半导体/集成电路,http://jobs.zhaopin.com/CC468640810J40274930416.htm,20-99人,2025-07-22 15:57:13,25000.0,35000.0,13.0
嵌入式软件开发工程师,深圳,华龙讯达,本科,3-5年,"C++,linux,RTOS操作系统",20000-35000,任职要求： 1. 本科或以上学历，计算机软件、电子信息相关专业毕业。2. 拥有扎实的嵌入式linux系统开发经验， 以及uboot/ kenerl/ rootfs/ 移植、裁剪、优化等经验。3. 至少熟悉一种RTOS操作系统，熟练掌握多任务操作系统下的编程，熟练shell命令，熟悉makefile原理，熟悉git/svn代码管理工具，有良好的编程素养。4. 英文熟练，可以看懂开发过程中所需的英文资...,工业自动化,http://jobs.zhaopin.com/CC394608410J40733133216.htm,300-499人,2025-07-17 10:59:26,20000.0,35000.0,12.0
嵌入式软件工程师,深圳,深圳市华聚科学仪器有限公司,本科,5-10年,"STM32,C++,信号处理,C语言,嵌入式软件开发,RT-Thread,单片机开发,物联网",18000-35000,岗位职责：1. 负责基于STM32及其它嵌入式系统的软件开发、调试；2. 负责新产品开发，同时对已有产品进行维护及迭代升级；3. 负责嵌入式软件开发过程文档的编写；4. 负责客户端应用场景的需求分析和软件实现。任职要求：1. 计算机软件、电子、计算机、通信等相关专业，本科及以上学历；2. 精通C语言编程，熟悉数据结构，有良好的编程规范；3. 精通STM32或其它32位单片机系统，有5年以上固件及应...,智能硬件,http://jobs.zhaopin.com/CC389993330J40564061909.htm,20-99人,2025-07-11 00:15:21,18000.0,35000.0,13.0
Linux 高级软件工程师,深圳,腾达,本科,3-5年,"C语言,C++",18000-35000,岗位职责：1、公司产品主要为无线网络设备，技术领域主要为嵌入式linux下的应用层开发，Mesh协议开发，BSP开发，WIFI驱动开发，内核开发。可以掌握和精通1-2个技术领域。2、负责产品技术问题的解决，负责新方案（MTK，RTK，BCM等新芯片方案SDK）导入到公司自研平台；3、负责新需求和新技术的设计及开发，持续构筑和提升产品的技术竞争力；任职要求：1、熟练掌握C语言、Makefile、Sh...,通信/网络设备,http://jobs.zhaopin.com/CC130464860J40730484216.htm,1000-9999人,2025-07-09 14:34:37,18000.0,35000.0,12.0
Java Developer,深圳,深圳市睿服科技有限公司,本科,5-10年,"C++,react",22000-35000,Principal Responsibilities: Perform system function design and deliver related documentsPerform requirement development with Java Key Responsibility Areas:Work with HK/SZ IT team to implement Clien...,IT服务,http://jobs.zhaopin.com/CC603465980J40712043709.htm,1000-9999人,2025-07-02 09:01:09,22000.0,35000.0,12.0
嵌入式软件开发专家(J11837),深圳,英威腾,硕士,5-10年,"C语言,C++,MCU RTOS",25000-35000,岗位职责:1、识别和洞察市场端有效需求，导入和分解需求，承担工业自动化产品操作面板等人机界面产品的方案开发、软件开发和问题解决任务，详细要求如下；2、主导设备操作面板（键盘、操作器、触摸屏等）设备的市场需求分析和分解，方案设计、评审，指导软件开发和维护工作；3、领导项目开发小组，依据项目基本开发流程，承担人机界面产品开发工作，与其他领域协同，完成产品开发、测试与归档；4、主导市场维护工作，指导工程...,工业自动化,http://jobs.zhaopin.com/CC134263690J40767803907.htm,1000-9999人,2025-06-24 16:14:44,25000.0,35000.0,14.0
嵌入式软件开发工程师,深圳,深圳市索威科技有限公司,本科,5-10年,"音频解码器,DSP,音效算法",20000-35000,一、核心职责1.音频功能开发与优化负责音箱嵌入式系统（RTOS/Linux）的音频功能开发，包括音频编解码（AAC/SBC/OPUS）、音效算法（EQ/DRC/空间声场）移植与优化，确保低延迟、高保真（THD+N≤0.05%）主导音频驱动开发（I2S、SPDIF、TDM等接口），配合硬件工程师完成ADC/DAC电路调试、时钟同步及噪声抑制设计2.软硬件协同开发与硬件团队深度协作，参与电路原理...,消费电子产品,http://jobs.zhaopin.com/CC183450110J40758994110.htm,20-99人,2025-06-20 09:17:45,20000.0,35000.0,13.0
嵌入式软件工程师（深圳）(J10036),深圳,炬芯科技股份有限公司,本科,3-5年,"ARM处理器,C++,C语言",20000-35000,岗位职责: 1、对接客户的技术需求，完成蓝牙音频项目的应用层的开发和支持工作 2、维护和撰写技术文档，支持客户的开发工作 任职要求: 职位要求： 1.有3年及以上嵌入式C语言的应用开发经验，至少熟悉一种嵌入式操作系统的使用，包括不限于Freertos，Zephyr，Openwrt，uCOS等。 2.熟悉蓝牙音频的技术规格和特性，包括经典蓝牙音频、Le Audio、AVRCP、SPP、BLE等基本功...,电子/半导体/集成电路,http://jobs.zhaopin.com/CC266619030J40687391111.htm,300-499人,2025-06-05 17:38:48,20000.0,35000.0,13.0
嵌入式开发工程师,深圳,深视智能,本科,3-5年,,20000-35000,岗位职责：1、负责传感器等产品的嵌入式开发与算法部署等相关工作。2、代码移植和整合工作。3、精通I2C、UART、SPI等常用外部设备接口，会制定通讯协议。任职要求：1、通信工程、电子信息、精密仪器等相关专业毕业，精通模电、数电、良好的数学基础；2、3年以上嵌入式开发经验；本科以上学历，985或211优先；3、良好的代码风格和编程习惯；有0-1全过程的产品开发经验；4、精通C语言、matlab，熟...,仪器仪表制造,http://jobs.zhaopin.com/CC679348820J40889035004.htm,500-999人,2025-05-12 11:14:43,20000.0,35000.0,12.0
嵌入式软件工程师,深圳,雅迪科技集团有限公司,本科,5-10年,,25000-35000,负责智能部件（智能中控，TFT仪表，智能传感器等）开发工作，包括但不仅限于整体软硬件技术方案、供应商技术方案审核、功能规范编制、供应商跟进与握手和部件软硬件功能测试验收等。1、计算机、电子工程、通信及自动控制等专业2、汽车电子或二轮车相关部件开发经验优先，包括TBOX、液晶仪表和车身控制器等软硬件开发经验3、熟悉主流进口和国产品牌单片机、SoC、各类接口电路芯片、电源芯片、蓝牙/wifi/GPS/...,汽车研发/制造,http://jobs.zhaopin.com/CC509603220J40777432703.htm,10000人以上,2025-04-14 08:37:51,25000.0,35000.0,12.0
车载电源软件开发工程师（应用层） (MJ000183),深圳,珠海英搏尔电气股份有限公司,本科,5-10年,"C++,ST,车载电源",20000-35000,岗位职责:1、负责电源项目软件部分开发，在计划管理的协助下，协调算法、上位机、测试、诊断部门，按计划完成项目软件开发工作;2、负责整个电源项目周期内软件相关的技术支持工作。负责电源软件功能部分的技术对接，需求解读，技术文档编写、审核，对电源产品，为测试部门、生产部门、售前售后部门提供软件技术支持;3、对电源项目软件开发的进度、质量负责，负责整个电源项目周期内软件问题的关闭，对电源产品软件最终以设计...,汽车零部件,http://jobs.zhaopin.com/CC423451610J40703097311.htm,1000-9999人,2025-03-05 09:39:45,20000.0,35000.0,13.0
Java/python/web/c/c++/js/go/测试/安卓,深圳,外企德科数字技术有限公司,本科,经验不限,,15000-30000,1、熟悉Java/Python/C/C++/Go等一种或多种编程语言；2、熟悉数据结构和算法，热爱代码； 3、熟练软件开发流程，热爱编程，有良好的代码风格； 4、善于沟通，有独立解决问题的能力。试用期全薪，入职即缴纳五险一金（全额）,专业技术服务,http://jobs.zhaopin.com/CCL1480117890J40837045805.htm,10000人以上,2026-01-11 00:27:04,15000.0,30000.0,14.0
ERP开发工程师,深圳,超聚变数字技术股份有限公司,本科,3-5年,ERP,15000-30000,岗位职责：ERP产品的功能研发、版本迭代、核心模块设计与底层技术优化.1 产品需求转化与技术方案设计.2 核心模块开发与功能实现，负责ERP核心模块的代码编写与功能开发，构建高可用、高性能的标准化功能组件。3 跨模块协同与集成验证。4 产品问题修复。5 技术文档编写与知识沉淀。岗位要求：1. 编程语言与框架：精通Java/Python等主流开发语言，熟练掌握Spring Boot、MyBatis等...,计算机硬件,http://jobs.zhaopin.com/CCL1367103620J40915523015.htm,1000-9999人,2026-01-10 13:47:26,15000.0,30000.0,14.0
嵌入式应用中高级工程师 (MJ001240),深圳,海能达,本科,3-5年,RTOS,18000-30000,【岗位职责】1.负责嵌入式应用软件功能设计和实现；2.负责设计文档的编写与评审，参与需求文档评审；3.负责解决有一定复杂度的业务交互、系统问题；4.主导终端嵌入式软件技术方案的设计和编写。【任职要求】1.5年及以上软件开发工作经验，对对讲机从业背景的优先；2. 精通C\C++开发语言，熟悉嵌入式系统（RTOS）原理和嵌入式软件开发流程；3. 能够解决复杂性系统难题，能够主导软件框架的设计与实现、技...,通信/网络设备,http://jobs.zhaopin.com/CC333074410J40898316502.htm,1000-9999人,2026-01-09 16:06:56,18000.0,30000.0,14.0
中高级后端开发,深圳,外企德科数字技术有限公司,本科,经验不限,,15000-30000,岗位内容：1. 设计、开发和维护后端服务；2. 实现系统架构的可扩展性和可重用性；3. 负责项目的技术选型、方案设计和代码实现；4. 负责线上问题的诊断和修复；5. 不断学习和研究新技术，推进系统性能和用户体验的提升。任职要求：1. 熟悉至少一门主流编程语言，如Java、Python等；2. 了解分布式架构和云计算技术，对微服务有一定认识；3. 理解关系型数据库和NoSQL数据库的特点；4. 具备...,专业技术服务,http://jobs.zhaopin.com/CCL1480117890J40836789305.htm,10000人以上,2026-01-11 00:27:03,15000.0,30000.0,12.0
软件工程师,深圳,深圳好易达科技有限公司,本科,5-10年,"C语言,C++",20000-30000,一、公司简介好易达成立于2022年，我们是一家专注于LED智能氛围照明领域，集研发、生产与销售于一体的科技企业。我们的核心产品包括智能灯带、氛围灯具等，可通过APP进行精准控制，我们致力用光影科技点亮美好生活。 二、岗位职责 1.负责MCU，WIFI、蓝牙、2.4G等嵌入式固件开发、产品嵌入式底层固件开发、软件调试方案，评审、设计验证，异常分析和关闭等工作。 2.负责新产品的软件开发，实现产品功能...,通用设备制造,http://jobs.zhaopin.com/CCL1512913990J40814456601.htm,100-299人,2026-01-09 09:48:40,20000.0,30000.0,12.0
高级java开发工程师,深圳,深圳市丰宜科技有限公司,本科,5-10年,"JavaScript,Spring,Mybatis,MySQL,Oracle,Redis",25000-30000,工作职责1. 核心业务开发与架构设计 - 负责智能柜新零售系统核心模块开发 - 参与系统架构设计和技术选型 - 设计高并发、高可用的微服务架构2. 代码质量与性能优化 - 确保代码质量和安全性 - 系统性能调优和数据库优化 - 快速诊断解决系统问题3. 团队协作 - 指导初级开发人员 - 跨部门协作，用技术解决业务问题 - 参与技术方案评审任职资格学历：本科及以上，计算机相关专业经验：5年以上Ja...,新零售,http://jobs.zhaopin.com/CC832675960J40831608603.htm,1000-9999人,2026-01-09 08:48:00,25000.0,30000.0,13.0
Java/C/C++/Python,深圳,外企德科数字技术有限公司,本科,1-3年,"JavaScript,C++,C,MySQL,Spring",15000-30000,岗位职责：1、参与云大数据服务、产品的能力建设；承担相关服务、产品的技术架构设计和研发工作，打造面向未来、业界一流的大数据技术；2、参与云大数据服务体验提升工作，通过业界对比分析，倾听客户反馈，问题分析等手段打造技术领先、体验优秀的大数据云服务；3、参与云大数据重大市场项目技术比拼、问题攻关，支撑大数据市场项目成功；职位要求：1、统招本科学历以上，计算机相关专业优先；2、具备良好的计算机、软件工程...,专业技术服务,http://jobs.zhaopin.com/CCL1480117890J40833206305.htm,10000人以上,2026-01-11 00:26:48,15000.0,30000.0,12.0
Java开发工程师,深圳,科锐尔人力资源服务(苏州)有限公司,本科,1-3年,"JavaScript,Spring,MySQL,Redis",16000-30000,1、统招本科以上学历，1年以上相关工作经验； 2、JAVA基础扎实，充分理解面向对象，熟悉io、nio、多线程、设计模式、通信协议等基础技术；熟悉JVM 工作原理并掌握常见性能调优方法； 3、熟悉Spring、Springmvc、Mybatis、Hibernate等常用开发框架及特征，熟悉常用中间件Tomcat、Mq、Kafka等； 4、熟悉单元测试用例开发；熟悉软件技术文档的编写； 5、具备良好...,咨询服务,http://jobs.zhaopin.com/CC453635220J40867560203.htm,10000人以上,2026-01-08 16:31:22,16000.0,30000.0,12.0
软件工程师,深圳,中南国际科技发展(深圳)有限公司,本科,3-5年,,15000-30000,1.本科以上学历，软件、计算机、自动控制和微电子等相关专业。2.熟悉C/C++语言，熟悉Cotex M 系列单片机软件开发，熟悉RTOS操作系统。3.有一定的硬件电路基础，能读懂电路原理图和完成基础的电路原理分析。4.熟悉蓝牙协议，对Core Spec及Profile有深入的了解，对BT Controller HOST\HCI层有一定了解，能够通过AIR LOG析蓝牙相关问题:有实际的SPP/BL...,咨询服务,http://jobs.zhaopin.com/CC635829180J40837492605.htm,100-299人,2026-01-08 14:30:56,15000.0,30000.0,13.0
JAVA/C++/JS/python/GO等通用开发工程师,深圳,外企德科数字技术有限公司,本科,经验不限,"JavaScript,Python,C++",15000-30000,业务技能要求：1、熟练掌握C/C++、Java、Scala、Python、JS等开发语言一种或多种，并具备实践经验；2、了解软件工程、敏捷开发、设计模式、数据结构与算法等知识；3、熟练掌握一个或多个大数据主流技术框架的原理及应用，如Hadoop、Flink、Spark、HBase、Kafka、Redis、Zookeeper等；4、熟悉分布式系统的设计和应用，熟悉分布式、缓存、消息、负载均衡等机制；...,专业技术服务,http://jobs.zhaopin.com/CCL1480117890J40833182805.htm,10000人以上,2026-01-11 00:26:48,15000.0,30000.0,14.0
机器人嵌入式工程师,深圳,北京印先行管理咨询有限公司,本科,5-10年,"32位单片机,嵌入式开发",15000-30000,岗位职责1、负责机器人项目嵌入式系统整体方案设计、系统规划。2、负责单片机(STM32/GD32/ESP32)架构设计，编码。3、负责对系统性能调优，优化接口设计。4、与硬件工程师沟通设计可靠性高的系统。5、负责嵌入式系统的文档撰写、审核，代码审核。任职要求1、本科及以上学历，计算机、电子信息工程、自动化相关专业。2、5年以上嵌入式开发经验，有机器人相关项目经验优先，包括电机驱动等机器人相关外设集...,咨询服务,http://jobs.zhaopin.com/CCL1479041480J40818591301.htm,20-99人,2026-01-08 11:00:53,15000.0,30000.0,12.0
linux嵌入式软件工程师,深圳,深圳市众鸿科技股份有限公司,本科,3-5年,"车载,UI底层开发,嵌入式软件开发,C++,车联网,GUI,QT,汽车电子",20000-30000,岗位职责： 1.负责Ui底层框架的开发和维护，动画效果的实现（Ui框架基于SDL/DFB）； 2.负责车载平台应用软件中间件服务的需求定义、设计和开发和维护； 3.负责车载平台相关功能模块的软件设计，开发和维护； 4.负责修改和维护已有项目； 5.必要时出差进联调和排查故障； 6.负责平台技术难点痛点处理及平台相关性能优化； 7.负责对需要用到的开源库进行移植和二次开发； 8.负责相关模块技术文档...,计算机软件,http://jobs.zhaopin.com/CC553074220J40351266902.htm,100-299人,2026-01-08 10:34:12,20000.0,30000.0,12.0
软件开发工程师,深圳,外企德科数字技术有限公司,本科,经验不限,"Python,C++,Spring,MySQL,六险一金 周末双休,带薪年假 通勤班车",15000-30000,岗位职责：1、负责研发领域的IT产品的系统技术方案的设计、开发工作；2、参与高质量的设计和编码，承担重点、难点的技术攻坚；3、参与产品开发过程中的技术攻关及解决运行中出现的技术问题；4、积极解决产品在实现过程中的技术难题，应用前沿技术提升产品的核心竞争力，如分布式系统、性能调优、可靠性、数据库等。岗位要求：1、本科及以上学历，计算机相关专业优先，具有双证（即毕业证、学位证）；2、熟练掌握Java/...,专业技术服务,http://jobs.zhaopin.com/CCL1480117890J40833186005.htm,10000人以上,2026-01-11 00:26:48,15000.0,30000.0,14.0
软件产品开发（主管）工程师,深圳,中广核智能科技(深圳)有限责任公司,本科,5-10年,Spring,15000-30000,职位描述(一)岗位职责1、管理项目开发团队，负责开发管理，制定开发计划，跟踪项目进度，确保项目按时按质交付；2、负责项目技术架构设计，参与项目核心代码编写，高可靠与可扩展性；3、参与技术规范、标准和流程的制定，为开发人员提供技术指导;4、同步开展项目技术价值沉淀，实现技术赋能；5、负责代码评审，确保代码质量符合团队规范，提升代码的可维护性和可扩展性；6、负责系统性能优化，提升系统的运行效率和稳定性...,互联网,http://jobs.zhaopin.com/CCL1318355140J40809925803.htm,500-999人,2026-01-08 01:05:31,15000.0,30000.0,13.0
