职位,城市,公司,学历,经验,技能,薪资,工作描述,行业,职位URL,公司规模,发布时间
丝杠技术专家,深圳,锐仕方达人才科技集团有限公司,本科,10年以上,滚珠丝杠,5-10万,岗位职责：1、研发战略落地：主导微型精密滚珠丝杠及相关传动部件的前沿技术研究，制定5年技术路线图，确保产品竞争力持续领先；2、技术体系搭建：负责微型精密滚珠丝杠研发、试制及试验工作，丝杠结构及测试方案设计、材料选型、加工工艺等设计；制定部门工作流程与技术标准，从0到1组建并管理仿真分析、机械设计、产品测试验证等部门及环节；3、重大项目攻关：牵头微型高精度、长寿命滚珠丝杠的研发项目，解决丝杠设计、关...,人力资源服务,http://jobs.zhaopin.com/CCL1236606730J40821392314.htm,1000-9999人,2025-11-13 16:28:11
市政工程副总经理,深圳,广东威格玛国际供应链股份有限公司,本科,10年以上,"招投标,工程管理",5-10万,在大型国央企等从事建筑工作，熟悉招投标相关事宜，擅长协调与沟通，有一定的政商资源，薪资面议。 岗位内容： 1. 负责市政工程招投标、施工进度、质量、安全等全方面的管控； 2. 协调各部门对市政工程现场进行配合和管理； 3. 提出改善建议，提高市政工程项目的水平和效率； 4. 维护市政工程项目的客户关系，保证客户满意度。 任职要求： 1. 具备土木工程或相关专业本科及以上学历； 2. 有3年以上市政...,房地产开发,http://jobs.zhaopin.com/CCL1500040520J40808081608.htm,100-299人,2025-08-19 14:18:19
资深硬件工程师（GPU水冷服务器整机）,深圳,四川达麦企业管理有限公司,本科,5-10年,"GPU服务器,液冷系统",5-8万,岗位概述负责公司⾃研 8 卡 NVIDIA 5090 GPU ⽔冷服务器 的整机⽅案设计、验证及持续迭代，⾯ 向 PCIe 5.0 架构的多 GPU 系统形态，解决整机结构、散热、⽔冷可靠性、功耗与系统稳定 性等关键⼯程问题，并⽀撑多卡 NCCL 推理场景 的稳定运⾏。⼯作内容• 主导 8 卡 5090 GPU ⽔冷服务器 整机⽅案设计与系统架构规划，覆盖结构布局、散热 ⽅案、功耗与可靠性设计。•...,企业服务,http://jobs.zhaopin.com/CCL1239944790J40909242008.htm,500-999人,2026-01-08 09:40:47
域控硬件专家/总监（车身域+年薪90w）,深圳,成都佳伊聘科技有限公司,本科,10年以上,"BCM,车身域,座舱域",4.5-7.5万,职位描述：1、能够根据顾客要求完成产品硬件架构设计；并根据测试结果进行设计优化直至设计冻结；2、负责硬件元器件选型、考虑cost saving，并辅助采购进行VAVE；3、负责EMC设计，在原理和PCB设计中予以考虑；4、负责硬件系统或单元的调试，撰写测试报告，并参与完成系统测试；5、负责产品技术培训和支持；6，负责根据TS16949与德系美系OEM的要求进行相关文件的管理撰写产品技术文档（DFM...,人力资源服务,http://jobs.zhaopin.com/CCL1323094150J40736244306.htm,100-299人,2025-11-26 16:27:16
高级功率硬件工程师,深圳,华为技术有限公司,本科,10年以上,"设计,PCB设计,EMC设计,ARM研发,逆变器,UPS,变频器",面议,1、负责光伏三相备电产品的设计，质量控制，成本优化，确保三相备电按需求与逆变器适配，提升解决方案竞争力；2、管理开发过程，确保产品质量，保障产品在网稳定运行。3、收集、识别系统失效案例，分析系统失效等效测试环境，协助验证工程师构建系统等效测试拦截能力；,运营商/增值服务,http://jobs.zhaopin.com/CC000542940J40616324114.htm,10000人以上,2026-01-10 01:41:13
硬件专家/资深工程师,深圳,淮安市纳杰云服技术服务有限责任公司,本科,5-10年,,5-7万,岗位职责：1、 主导关节电机（伺服电驱）/无人机电机（低压电调）的电路硬件方案设计，完成参数计算与优化、完成器件选型及PCB布局审核工作；2、 负责关节电机/无人机电机的硬件产品测试验证标准制定，进行技术路线规划和资源规划，以及技术决策和方案评审；3、 负责指导产品测试及整改，解决技术疑难问题；4、 负责核心技术和重点预研项目的开发，主导关节电机（伺服电驱）/无人机电机（低压电调）硬件电路仿真设计...,互联网,http://jobs.zhaopin.com/CCL1479851850J40820051211.htm,100-299人,2026-01-09 17:11:13
结构工程师,深圳,湖南潇湘人力资源服务有限公司,本科,5-10年,,5-7万,负责产品结构设计，要求统招本科以上，7年以上工作经验，中高级工程师，SE均有需求，工作地点深圳，甲方，双休，行业龙头，薪资OK,人力资源服务,http://jobs.zhaopin.com/CC419440410J40770571716.htm,300-499人,2025-11-01 22:02:38
硬件专家/资深硬件工程师,深圳,深圳市盛弘电气股份有限公司,本科,5-10年,,3.5-7万,职位描述1、根据产品规格书设计总体技术方案，完成功率、控制暇的原理图设计，计算书编写，协助PCB工程师完成制成板设计；2、负责开发阶段产品的硬件设计，自测，解决测试问题；3、负责小批量试产阶段的验证问题解决；4、研发文档编写，BOM，技术资料归档；5、量产产品维护升级；6、非标产品设计。任职要求：1、统招本科及以上学历，电力电子、自动控制、自动化、电气工程相关专业；2、5年以上硬件开发经验，精通模...,电子/半导体/集成电路,http://jobs.zhaopin.com/CC235345010J40532230001.htm,1000-9999人,2025-05-13 22:06:06
硬件部经理,深圳,科列技术,本科,10年以上,"硬件设计,硬件方案设计,原理图,BMS,汽车ECU,器件选型",5.5-6.5万·15薪,岗位职责：1、负责BMS硬件总体方案设计与技术路线规划，包括主控板/采样板/功率板/MCU/电源架构/AFE/通信接口等；2、负责BMS硬件开发计划制定、资源分配、里程碑达成（EVT / DVT / PVT / SOP）；3、组织并主持硬件设计评审、失效分析；确保硬件设计满足ISO26262 、EMC / ESD /电气安全技术规范；4、推动DFM/DFA /DFT，定义并审核ICT/ FCT测试...,新能源,http://jobs.zhaopin.com/CC336668610J40868005912.htm,300-499人,2026-01-09 10:07:19
主任结构工程师（齿轮箱设计专家）,深圳,比亚迪股份有限公司,本科,10年以上,,4-6.5万,岗位要求：1、本科及以上学历，机械、机电、自动化或电机相关专业优先；2、具备10年以上的各种齿轮设计经验及相关技术问题解决经验，需具备齿轮箱、行星齿轮减速器、或精密传动系统的设计开发经验；3、精通小模数齿轮设计、加工工艺及检测方法，熟悉材料选型、热处理及失效分析，有对行业发展的研判能力；4、熟知齿轮传动原理，精通电机与齿轮箱的匹配设计，能精准分析齿轮失效问题并解决不良。工作职责：1、负责电机齿轮箱...,汽车研发/制造,http://jobs.zhaopin.com/CC132962990J40883084702.htm,10000人以上,2025-12-30 16:37:44
中高级机械结构工程师,深圳,北京外企德科人力资源服务深圳有限公司,本科,3-5年,"精密设备,产品功能、产品需求分析",3-6万,工作职责1. 根据产品需求设计合理、创新的结构方案；2. 完成详细设计、新工艺导入和量产问题解决，对交付质量、时效和成本负责；3. 参与新技术研发落地、难题攻关及经验沉淀等。任职要求1. 本科及以上学历，具有4年以上消费电子产品、机械产品、光学产品（任意一项）的开发经验，或深度参与过工程实践类科技竞赛并有所产出，或作为爱好者拥有优秀的个人作品；2. 有良好的力学、机械结构设计基础，熟悉常用材料、成...,人力资源服务,http://jobs.zhaopin.com/CC157144120J40910933908.htm,10000人以上,2026-01-09 16:05:49
资深硬件工程师,深圳,淮安市纳杰云服技术服务有限责任公司,本科,10年以上,,4-6万,1.负责制定研发阶段硬件产品的测试计划和测试方案，确保产品测试的全面性和有效性。2.执行硬件产品的功能测试、性能测试、可靠性测试1.负责公司硬件产品的整体设计与开发，包括原理图设计、PCB 设计等，确保硬件系统的可靠性、稳定性和高性能。3.参与新产品的需求分析和技术方案制定，与其他部门协作完成产品从概念设计到量产的整个过程。4.对现有硬件产品进行持续优化和改进，解决生产过程中出现的硬件相关问题，提...,互联网,http://jobs.zhaopin.com/CCL1479851850J40819553911.htm,100-299人,2026-01-07 17:01:02
高级硬件工程师/经理,深圳,深圳市塞防科技有限公司,本科,5-10年,"原理图设计,毫米波雷达,整机硬件,示波器,频谱仪,网络分析仪",3-6万·15薪,每一个人，每一寸土地，无论多么渺小，都有保护自己的权利。Skyfend通过提供具有竞争力和先进的反无人系统解决方案，帮助各国、机构、公司获得保护自己的能力。我们致力于技术创新，提供更好的产品，以创造更安全的世界。 工作职责: 1、负责产品的器件选型、原理图设计、layout评审、WCA计算，电路仿真等 2、负责硬件的可靠性测试整改、产品的量产支持 3、负责硬件设计中的设计文档撰写，如：硬件方案、D...,智能硬件,http://jobs.zhaopin.com/CCL1474860650J40550048712.htm,100-299人,2026-01-06 17:44:01
电源硬件高级工程师,深圳,南京亿新鸿人力资源服务有限公司,本科,5-10年,"充电器、逆变器、UPS,光伏储能逆变器、双向逆",3-6万,岗位：电源硬件高级工程师薪资：3～6万岗位职责：1、负责电源新项目硬件设计、调试。2、负责电源产品的硬件部分核心技术攻关，新技术前沿技术研究。3、量产产品维护，发现和解决存在的设计问题。4、电源产品降本及竞品分析。5、内部培训、人才阶梯培养。 任职要求：1、电力电子、通讯工程或自动化等相关专业，本科学历，5年以上充电器、逆变器、UPS、光伏储能逆变器、双向逆变或其它开关电源领域研发经验。2、精通开...,人力资源服务,http://jobs.zhaopin.com/CCL1481249820J40818889701.htm,1000-9999人,2026-01-06 16:40:23
结构研发TL(044605),深圳,歌尔股份,本科,5-10年,UGNX,3-6万,岗位职责:1.独立负责模块或整机产品结构设计开发，包含塑胶，五金，模切件，压铸等以常规开发过程中的跨领域交互如MCO/FPC输出等;2. 主导ID图档分析及可行性评估，优化设计满足可制造性要求； 3. 负责手板的制作及手板样品的检讨及组装，模具开模前DFM的评审，CMF的制作；4. 跟进模具开发进度追踪及试模样品检讨，协调解决试模及量产中的结构问题，模具修改方案的评审；5.负责问题闭环管理，负责新...,电子/半导体/集成电路,http://jobs.zhaopin.com/CC132726540J40719050706.htm,10000人以上,2025-12-23 18:14:14
高级硬件工程师,深圳,江苏鲸充新能源技术有限公司,大专,5-10年,"设计,电源",4-6万,1、参与产品研发计划的制定，并按产品研发计划保质保量按时完成自己所担负的产品硬件研发任务;2、负责产品的硬件设计，编制相关的技术文件，在设计过程中贯彻相关设计要求；3、负责产品的系统拓扑分析、功率电路与控制电路设计、器件选型、热设计、磁性元件设计、可靠性设计、产品EMC调试、产品测试问题解决、产品认证等；4、负责主导电源模块尤其是AC/DC双向电源开发设计，执行项目规划等。任职要求1.本科及以上学...,计算机软件,http://jobs.zhaopin.com/CC850425000J40821886109.htm,100-299人,2025-12-23 15:53:52
电源硬件工程师,深圳,苏州人瑞普惠人力资源服务有限公司,本科,3-5年,,3-6万,岗位职责：- 负责电源产品的硬件设计、开发与测试。- 优化电源硬件方案，提升产品性能及可靠性。- 与其他部门协作，确保项目进度和质量。岗位要求：- 电气工程及其自动化、电力电子等相关专业毕业。- 熟悉电源硬件的设计流程和规范。- 具备良好的模拟和数字电路基础。,互联网,http://jobs.zhaopin.com/CC427775130J40911238815.htm,20-99人,2025-12-19 10:31:13
灵巧手关节模组工程师,深圳,比亚迪股份有限公司,硕士,10年以上,"机器人,关节模组,灵巧手",3-6万,岗位职责：1、负责灵巧手产品的系统架构设计，并输出各零部件的设计指标；2、负责灵巧手结构部分的方案设计及零部件选型，完成机械结构设计、动静力学仿真、选型计算及校核，输出详细设计说明书，完成2D图纸及下单BOM，跟进样机的生产与制造，提出机械结构相关的测试需求，评估零部件开模方案。全面负责产品开发到量产，其全生命周期内的机械结构技术问题；3、协助产品经理评估开发周期、生产制造周期、技术风险等，制定高...,汽车研发/制造,http://jobs.zhaopin.com/CC132962990J40880308002.htm,10000人以上,2025-12-13 14:36:57
高级硬件专家/总监60-90W,深圳,成都佳伊聘科技有限公司,本科,10年以上,"车身域,座舱域,底盘域,硬件开发",4-6万·16薪,职位描述：1、能够根据顾客要求完成产品硬件架构设计；并根据测试结果进行设计优化直至设计冻结；2、负责硬件元器件选型、考虑cost saving，并辅助采购进行VAVE；3、负责EMC设计，在原理和PCB设计中予以考虑；4、负责硬件系统或单元的调试，撰写测试报告，并参与完成系统测试；5、负责产品技术培训和支持；6，负责根据TS16949与德系美系OEM的要求进行相关文件的管理撰写产品技术文档（DFM...,人力资源服务,http://jobs.zhaopin.com/CCL1323094150J40738767906.htm,100-299人,2025-12-09 11:09:31
人形机器人关节模组产品结构设计工程师,深圳,中山市澳多电子科技有限公司,本科,5-10年,机器人模组,4-6万,一、岗位职责机械设计基础电机与驱动技术熟悉伺服电机（如无框力矩电机、空心杯电机）的选型与特性。了解电机控制算法（FOC、PID调参）与驱动器接口设计。传感器集成仿真与验证生产与测试制定可靠性测试标准（如寿命测试、过载保护验证）。二、岗位要求行业背景：5年以上机器人（协作机器人、工业机械臂、外骨骼等）关节开发经验。完整项目周期：主导或深度参与过至少1款关节模组从需求分析到量产的全程。问题解决案例：例...,汽车零部件,http://jobs.zhaopin.com/CC468431410J40900859315.htm,500-999人,2025-11-05 15:22:40
四库一平台市政及房建业绩人才/央企/自有合同/薪资open聊,深圳,广州泽尔马管理咨询有限公司,本科,10年以上,施工管理,4-6万,用人单位：中建、中交系统合同：央企自有编制五险一金：按实际工资购买项目分布：80%华南、20%华东四库一平台业绩特征：合同金额市政1亿、房建5亿，20年以后的合同，23年以后竣工，如果变更，需手续齐全，需要候选人备齐复印件：中标通知书+施工合同+施工许可证+竣工验收报告，此4样可给脱敏的复印件。薪资：根据业绩情况open聊,企业服务,http://jobs.zhaopin.com/CCL1357063630J40737719607.htm,10000人以上,2025-10-29 21:11:17
手机组件制程规格制定-主任工程师,深圳,富联裕展科技(深圳)有限公司,本科,10年以上,结构,3.5-6万·13薪,中高专家级岗位都有需求，欢迎投递。职位描述岗位职责：1.手机折叠总成开发方案设计规划和布局，提出符合公司战略发展的建设性建议；2.发掘手机折叠总成产品技术壁垒，引导客户设计3.手机折叠总成开发行业发展研究4. 手机折叠总成业界&竞争对手的产品解析工作经验要求：1.行业经验：10年以上手机结构件与制程开发经验，5年以上团队管理经验，有大型项目开发经验优先；2.项目经验：主导设计过折叠手机组装设计开发...,人工智能,http://jobs.zhaopin.com/CCL1393497680J40803348609.htm,10000人以上,2025-10-29 10:12:52
高级硬件工程师,深圳,歌尔股份,本科,5-10年,"设计,EMC设计,PCB设计",3-6万,岗位职责：1.硬件电路设计、EE衍生设计及测试方案制定及完成测试任务2.Lead团队完成SMT/组装/REL等不良分析并制作相关报告、解决技术问题，主导跟客户daily会议，汇报沟通问题分析进展。3.Lead团队解决分析项目过程中遇到的重大问题，主导任务完成及资源协调分配。4.对接美国和国内EE客户，解读客户需求，带领团队完成客户安排的各种任务。5.编制项目所需硬件设计相关文件；6.新技术的预研。...,电子/半导体/集成电路,http://jobs.zhaopin.com/CC132726540J40728970806.htm,10000人以上,2025-10-27 17:17:00
硬件系统架构师-深圳,深圳,科大讯飞股份有限公司,本科,5-10年,,4-6万·14薪,岗位职责1、深入理解产品概念和业务需求，主导并完成智能硬件产品的详细技术定义、系统架构设计。2、负责主控芯片、通信模块、传感器、显示屏、电源方案等核心硬件部件的技术选型，进行技术可行性分析、性能预测与风险评估，提供最优的系统解决方案。3、参与ODM的技术评估与选型，并对ODM提交的概念方案、详细设计方案进行深度技术评审，确保其设计符合公司技术规范、性能指标和成本目标。4、作为产品技术第一接口人，与...,计算机软件,http://jobs.zhaopin.com/CC205108410J40954422804.htm,10000人以上,2025-09-25 17:21:32
机械工程师（专家）,深圳,坎德拉(深圳)新能源科技有限公司,本科,5-10年,"旋转机械,航空发动机,汽轮机,装配工艺,UGNX,AutoCAD",3-6万,岗位职责：1、根据公司研发的总体要求，研究把握国内外飞轮本体（飞轮转子、磁轴承、电机等）的技术发展方向，协助总经理建立公司飞轮本体的总体战略和方向；2、全面负责飞轮本体技术的研究与开发，建立飞轮本体的设计标准、研发流程、装配工艺以及测试验证等全生命周期产品管理流程；3、带领团队开展高效研发，系统性解决研发项目实施过程中遇到的关键技术问题及难题，并对研发风险及时的预测和规避，提出明确解决方案，促进并...,新能源,http://jobs.zhaopin.com/CCL1445372500J40781109612.htm,100-299人,2025-06-05 18:52:23
机械结构设计工程师,深圳,深圳市新凯来技术有限公司,本科,3-5年,"非标设备,自动化设备,精密设备",3-6万·15薪,岗位职责：1、参与产品方案设计和讨论，需求与概念设计工作;2、参与精密仪器光学、机械等部分设计工作，深入理解系统原理及功能；3、参与产品开发，负责样机的装配、调试和测试;4、产品问题定位，缺陷快速收敛，组织设计变更等工作；岗位要求：1、本科及以上学历，3年以上工作经验，精密仪器、电子、微电子、材料、数学、化学、环境、精密机械、半导体、物理、自动化，仪器科学与技术、软件工程等相关专业；2、有仪器、仪...,电子/半导体/集成电路,http://jobs.zhaopin.com/CCL1362239030J40708976915.htm,1000-9999人,2025-05-12 15:10:16
周末双休/中高级机械结构工程师,深圳,外企德科,本科,3-5年,,3-5.5万·15薪,"【大疆正编】~~~薪资：30-60k，面试通过后根据流水+面试情况定薪。上班时间：弹性打卡，9:00-10:30打卡，12:30-14:00午休,18:00-19:30区间下班打卡。周末固定双休工作职责1. 根据产品需求设计合理、创新的结构方案；2. 完成详细设计、新工艺导入和量产问题解决，对交付质量、时效和成本负责；3. 参与新技术研发落地、难题攻关及经验沉淀等。 任职要求 1. 本科及以上学历...",人力资源服务,http://jobs.zhaopin.com/CC138117190J40825986605.htm,10000人以上,2026-01-11 00:16:23
硬件研发TL(044602),深圳,歌尔股份,本科,5-10年,,2.8-5.5万,岗位职责:1、负责硬件电路设计、EE衍生设计及测试方案制定及完成测试任务；2、Lead团队完成SMT/组装/REL等不良分析并制作相关报告、解决技术问题，主导跟客户daily会议，汇报沟通问题分析进展；3、Lead团队解决分析项目过程中遇到的重大问题，主导任务完成及资源协调分配；4、对接美国和国内EE客户，解读客户需求，带领团队完成客户安排的各种任务；5、编制项目所需硬件设计相关文件，以及负责新技...,电子/半导体/集成电路,http://jobs.zhaopin.com/CC132726540J40719080606.htm,10000人以上,2025-12-08 17:05:26
机械设计工程师,深圳,深圳市新凯来技术有限公司,本科,5-10年,"研发,设计,测试,结构设计,非标设备,精密设备,装配设备",2.8-5.5万·15薪,岗位职责：1、从事半导体设备精密机械平台及相关部件的设计与开发工作，负责机械总体方案、机械结构设计、加工工艺、仿真分析（包含力学、热、电气、人机工程等）、运动学/动力学求解、减振设计、公差分析等；2、负责精密机械零件加工工艺指导和质量控制，设备机械部件的精密装配与测试测量，配合各模块研发人员完成产品总装与调试等；3、探索超精密加工和装配工艺瓶颈，突破工程极限，打造领先的超精密运动机械产品。任职要求...,电子/半导体/集成电路,http://jobs.zhaopin.com/CCL1362239030J40892739315.htm,1000-9999人,2026-01-07 11:11:57
机器人硬件工程师,深圳,富联裕展科技(深圳)有限公司,本科,5-10年,"机器人,消费电子",3-5.5万·17薪,岗位职责：1、负责智能硬件（主要为扫地机器人）市场洞察，竞品分析，用户研究等，输出产品定义，产品路线，核心卖点与竞争策略等；2、负责智能硬件全生命周期管理，输出开发需求文档，跟进需求进度、质量，完成产品按时保质交付；3、制定产品、产品线规格、配置、功能、风格等，并据此监控后续产品开发过程，对产品实现过程进行审核把关；4、对接国内外品牌客户需求，维护客户关系，承担团队产品基础工作、临时任务执行。任职...,人工智能,http://jobs.zhaopin.com/CCL1393497680J40812002009.htm,10000人以上,2025-11-26 09:17:46
无人机-电机驱动硬件工程师（机器人方向）,深圳,北京三快在线科技有限公司,本科,3-5年,,面议,为了更好地提升城市即时配送的效率与体验，2017年，美团启动了无人机配送服务的探索，通过科技创新推动履约工具变革，加快建设空地协同的本地即时配送网络。在过去的六年里，美团无人机完成了飞行器、自动化机场及智能调度系统的研发工作，实现了研发设计、生产制造、运营运维全链条布局，达成了城市复杂场景物流无人机高频次、高密度、多天时、多天侯运行。2023年7月，美团无人机在上海发布了自主研发的第四代无人机，跟...,互联网,http://jobs.zhaopin.com/CC383625320J40802576509.htm,10000人以上,2026-01-11 08:48:12
电机硬件工程师,深圳,南方新华,本科,5-10年,"电机控制器硬件设计,MOSFET、IGBT、IPM等,驱动电路设计,熟悉电机控制器拓扑及其控制电路,ALTIUMDESIGNER",2.5-5万,岗位职责：1.负责电机控制器硬件架构及方案设计；2.负责电机控制器硬件开发、原理图设计、元器件选型，PCB布局等;3.负责电机控制器硬件性能、EMC设计、仿真、测试与优化；4.参与动力系统集成及测试，编写试验大纲、测试报告等。任职要求：1.电力电子、电气工程、自动化等相关专业本科及以上学历；2.无人机、eVTOL主机厂、新能源汽车行业3年以上电机控制器硬件开发经验；3.掌握MOSFET、IGBT、...,人力资源服务,http://jobs.zhaopin.com/CC346219280J40819638111.htm,100-299人,2026-01-08 09:56:45
硬件经理,深圳,智行畅联科技有限公司,本科,5-10年,,3-5万,岗位职责：1、制定和维护硬件开发标准、开发计划，确保硬件开发活动符合项目目标和质量标准。2、领导和管理硬件开发团队，分配任务，确保团队成员的工作效率和协作。3、监督硬件设计和开发过程，确保设计符合需求，开发按计划进行，及时发现和解决开发中的问题。4、评估客户需求，主导产品硬件方案，配合产品经理对接客户；5、车载信息娱乐系统或车载仪表硬件开发、验证、实验跟进；5、跟进产品DVP实验，及时解决实验问题...,汽车智能互联,http://jobs.zhaopin.com/CCL1495518520J40821566514.htm,20-99人,2026-01-08 00:02:21
电池系统工程师,深圳,北京三快在线科技有限公司,本科,3-5年,,面议,美团骑行事业部在全国各个城市开展美团单车、电单车业务，提供绿色、便捷的共享出行服务，是美团出行板块重要的组成部分。我们力求为城市可持续发展提供低碳智能的解决方案，通过技术创新和硬件升级，不断优化全流程骑行体验，为低碳出行提供更好的服务。其中，美团单车旨在为城市居民提供通勤接驳服务，满足用户短途接驳出行需求；美团电单车则满足用户中短途多场景低碳出行需求。我们有开放的工作氛围，也有充满韧劲和创造力，心...,互联网,http://jobs.zhaopin.com/CC383625320J40795308909.htm,10000人以上,2026-01-11 08:33:17
【大厂正编】机械结构工程师,深圳,北京外企德科人力资源服务深圳有限公司,本科,3-5年,"精密设备,装配设备,消费电子,结构设计,ROBOMASTER,ROBOCON",3-5万·14薪,【工作职责】 1. 根据产品功能、产品需求进行系统需求分析，并转化成合理的创新结构方案； 2. 完成产品的详细设计，并对设计成本，设计质量及项目计划负责； 3. 参与基础性技术研究，包括技术专题研究、技术难题攻关。 【任职要求】 1. 根据产品功能、产品需求进行系统需求分析，并转化成合理的创新结构方案； 2. 完成产品的详细设计，并对设计成本，设计质量及项目计划负责； 3. 参与基础性技术研究，包...,人力资源服务,http://jobs.zhaopin.com/CC157144120J40909918708.htm,10000人以上,2026-01-05 11:36:13
首席产品设计师,深圳,海鸥表业,本科,10年以上,"造型设计,外观设计,产品设计,CAD,SolidWorks,3D MAX,产品规划,市场分析,美院",3.5-5万,岗位职责： 1. 设计战略与品牌塑造：制定并执行品牌中长期产品设计战略，确保设计方向与公司品牌定位、市场战略及业务目标高度一致，构建并不断完善独特的设计语言和DNA体系，使其在产品系列中得以清晰、连贯地体现。深入研究中国传统文化特色以及历史经典表款，从中汲取灵感，并将其转化为具有当代审美的设计元素，洞察全球腕表设计趋势、竞争对手动态及消费者偏好，确保海鸥设计兼具国际视野与本土特色。2. 产品设计与...,仪器仪表制造,http://jobs.zhaopin.com/CC161125010J40823127405.htm,1000-9999人,2026-01-04 14:31:51
无人机-高级硬件工程师,深圳,北京三快在线科技有限公司,本科,3-5年,,面议,为了更好地提升城市即时配送的效率与体验，2017年，美团启动了无人机配送服务的探索，通过科技创新推动履约工具变革，加快建设空地协同的本地即时配送网络。在过去的六年里，美团无人机完成了飞行器、自动化机场及智能调度系统的研发工作，实现了研发设计、生产制造、运营运维全链条布局，达成了城市复杂场景物流无人机高频次、高密度、多天时、多天侯运行。2023年7月，美团无人机在上海发布了自主研发的第四代无人机，跟...,互联网,http://jobs.zhaopin.com/CC383625320J40802578009.htm,10000人以上,2026-01-11 08:23:23
【不是外包】机械结构工程师,深圳,北京外企德科人力资源服务深圳有限公司,本科,3-5年,"精密设备,装配设备,消费电子,结构设计,ROBOMASTER,ROBOCON",3-5万·14薪,【工作职责】1. 根据产品功能、产品需求进行系统需求分析，并转化成合理的创新结构方案；2. 完成产品的详细设计，并对设计成本，设计质量及项目计划负责；3. 参与基础性技术研究，包括技术专题研究、技术难题攻关。【任职要求】1. 根据产品功能、产品需求进行系统需求分析，并转化成合理的创新结构方案；2. 完成产品的详细设计，并对设计成本，设计质量及项目计划负责；3. 参与基础性技术研究，包括技术专题研究...,人力资源服务,http://jobs.zhaopin.com/CC157144120J40909670108.htm,10000人以上,2026-01-04 11:18:27
高级硬件工程师,深圳,武汉景行英才人力资源服务有限公司,本科,5-10年,,2.5-5万·13薪,1、有车身车载电子方案设计、元器件选型、硬件架构搭建经验，5年以上前装项目硬件开发经验2、熟悉直流有刷电机驱动开发3、具备硬件单板测试、硬件系统、可靠性测试经验，有EMC整改和测试经验更好4、熟悉DV、PV测；5、熟悉嵌入式硬件开发，掌握CAN、SPI、IIC等开发和调试技巧,咨询服务,http://jobs.zhaopin.com/CC692528030J40784557116.htm,10000人以上,2025-12-30 17:20:24
机械设计经理,深圳,深圳市联赢激光股份有限公司,大专,5-10年,"研发,设计,切叠一体机",2.5-5万,机械设计工程师：制定合理的解决方案，能独立胜任机构的3D设计，进行电机、气缸、丝杆等自动化元件的选型计算，按相关标准出2D图，导出BOM并下单，输出过程文档，处理装配调试过程中出现的异常 电气工程师：1、参与项目可行性研究分析及计划的制定: 2、根据项目需要，设计合理的，高性价比的电气方案； 3、负责项目电气元器件的选型; 4、负责项目的图纸设计及采购清单制作; 5、负责PLC及HMI的编程； 6...,专用设备制造,http://jobs.zhaopin.com/CC146747800J40813538411.htm,1000-9999人,2025-12-24 09:23:54
【不是外包】机械结构工程师,深圳,北京外企德科人力资源服务深圳有限公司,本科,3-5年,"精密设备,装配设备,消费电子,结构设计,ROBOMASTER,ROBOCON",3-5万·14薪,【工作职责】1. 根据产品功能、产品需求进行系统需求分析，并转化成合理的创新结构方案；2. 完成产品的详细设计，并对设计成本，设计质量及项目计划负责；3. 参与基础性技术研究，包括技术专题研究、技术难题攻关。【任职要求】1. 根据产品功能、产品需求进行系统需求分析，并转化成合理的创新结构方案；2. 完成产品的详细设计，并对设计成本，设计质量及项目计划负责；3. 参与基础性技术研究，包括技术专题研究...,人力资源服务,http://jobs.zhaopin.com/CC157144120J40909670008.htm,10000人以上,2026-01-04 11:18:26
硬件SE/架构师,深圳,厦门贤士达信息咨询有限公司,本科,5-10年,硬件架构,3-5万·15薪,岗位职责1. 负责交换机硬件系统架构设计，包括方案选型、芯片评估、接口定义、资源分配，主导原理图/PCB设计及优化，保障高速信号、电源完整性与EMC性能。2. 对接主流芯片厂商，完成交换芯片、NPU、PHY等核心器件适配，解决多芯片互联、算力调度、功耗平衡等关键问题。3. 主导硬件样品制作、调试与可靠性测试（高低温、振动、电磁兼容等），定位并闭环设计及量产过程中的系统级技术故障。4. 跟进5G-A...,人力资源服务,http://jobs.zhaopin.com/CC416345810J40821515609.htm,20-99人,2025-12-22 15:37:24
硬件开发工程师,深圳,广州耐普新能源有限公司,硕士,5-10年,"工商业光储逆变器,硬件开发",3-5万·13薪,一、任职资格1、电力电子与电力传动专业或电气工程一级学科，硕士研究生及以上学历优先2、5年及以上工商业光储逆变器或级联型高压变频器或高压直挂SVG硬件开发经历3、CET 4及以上4、可以独立并主导级联型储能系统硬件开发5、至少参与过1个及以上公司或部门项目二、 具体要求1、熟悉光储逆变、高压SVG、高压直挂式储能等相关行业常用电力电子拓扑原理2、熟悉功率器件、磁性元件、无源器件的原理，能对其进行选...,新能源,http://jobs.zhaopin.com/CCL1413788340J40857305512.htm,1000-9999人,2025-12-19 11:09:04
光模块研发岗位（软件、硬件、结构、器件）,深圳,欧菲光,本科,5-10年,"DR4,FR4,光通信",2.5-5万,"岗位职责：1. 高速光模块产品的光电技术&高速电路设计- 精通光电子器件（激光器/探测器/调制器等）工作原理及封装工艺。- 熟悉光模块关键指标：波长、消光比、眼图、TDECQ, 误码率（BER）、OSNR等。- 具备高速数字/模拟电路设计经验（如400G/800G模块）。- 熟悉信号完整性（SI）、电源完整性（PI）分析，熟练使用仿真工具（ADS、HFSS）。- 精通SerDes接口（如PAM4调...",电子/半导体/集成电路,http://jobs.zhaopin.com/CC860599590J40816265607.htm,10000人以上,2025-12-19 01:18:38
结构PL,深圳,南京信然盛元企业管理有限公司,本科,5-10年,,3-5万·14薪,岗位职责1. 作为模块代表，对最终结果的创新性、合理性、新颖性负责，保证团队的交付结果；2. 参与技术方案的基础性研究，对方案的总体可行性负责，输出方案proposal；3. 按照项目要求，输出合理的设计方案，并编制相关的设计计划进度表；4. 按照进度计划，展开机械结构设计，组织机械结构设计方案评审；5. 细化结构设计，绘制机械工程图（包括总装图、部件装配图、零件图）等；6. 负责零部件的DFM讨...,人力资源服务,http://jobs.zhaopin.com/CCL1470517530J40833161905.htm,100-299人,2025-12-16 13:26:34
机械结构工程师,深圳,戴盟(深圳)机器人科技有限公司,硕士,3-5年,"精密设备,装配工艺,压力铸造工艺,SolidWorks,Pro/E,CREO",2.5-5万·14薪,岗位职责:1、负责人形机器人整机或关键子系统（含本体结构、外骨骼遥操作等）的机电一体化设计，完成从概念设计、仿真验证到工程样机落地的全流程开发2、负责执行器系统（电机/减速器/编码器）选型计算及结构优化，完成传动系统布局、线缆拓扑设计，输出三维模型、工程图纸及BOM清单3、协同电子、算法团队完成机电系统集成设计，主导整机动力学仿真4、参与产品可制造性评审，通过工艺仿真及FMEA分析优化量产方案，协...,机器人,http://jobs.zhaopin.com/CCL1402331370J40814314911.htm,20-99人,2025-12-13 15:13:34
高级AI硬件设计工程师（深圳）,深圳,柏美智慧科技(上海)股份有限公司,本科,5-10年,设计,2.5-5万·15薪,1、参与AI硬件产品需求分析，主导硬件方案设计，完成硬件原理图设计及PCB Layout指导与检查。 2、负责Jetson系列核心板的开发与定制，包括电路设计、电源管理、散热优化及外设接口扩展。 3、编写硬件设计文档、BOM表等工程资料，确保开发流程标准化与可追溯性。 4、解决硬件开发中的关键技术难题，支持AI模型在Jetson平台的部署、优化与性能调优。 5、与算法团队协作，联合调试CUDA内核...,人工智能,http://jobs.zhaopin.com/CC850829750J40823685213.htm,100-299人,2025-12-12 11:01:38
高级硬件工程师,深圳,北京信而泰科技股份有限公司,本科,5-10年,BOM,2.5-5万,岗位职责：1、根据产品需求和系统规格，主力参与硬件系统方案和需求规格设计分解，整机结构、热、供电、单板、控制等子系统设计划分；2、主导模数混合类复杂单板关键器件选型论证、硬件详细设计和原理图开发，并对板级结构、热、PCB设计开发进行把关；3、负责协同软件、逻辑等领域，组织硬件系统调试、单元测试、专业实验验证，主导疑难硬件问题分析解决；4、负责单板BOM设计，组织协同物料采购、单板试制、整机试装、小...,通信/网络设备,http://jobs.zhaopin.com/CC156343810J40778196607.htm,100-299人,2025-12-09 10:31:50
高级光机结构设计工程师,深圳,深圳先进光源研究院,硕士,3-5年,超快激光器,4-5万,岗位职责:1. 光机结构设计：负责超快激光器光学系统与机械结构的整体设计与优化，包括光学路径布局、机械支撑与装配结构等；参与新一代超快激光器平台的概念设计、方案评审以及技术可行性分析。2. 样机研制与调试：根据项目需求进行精密部件选型、加工工艺及装配工艺设计；指导并参与超快激光器的样机组装与调试，完善结构设计并持续优化。3. 技术攻关与创新：结合最新的超快激光器技术发展趋势，针对光机结构进行创新性...,学术/科研,http://jobs.zhaopin.com/CCL1257318640J40631531406.htm,300-499人,2025-12-01 10:17:52
高级产品经理(嵌入式存储),深圳,鸿盈科技实业(深圳)有限公司,本科,5-10年,技术支持,3-5万,"岗位职责:1、行业客户群,前端/后端技术支持；具备一定的市场分析及判断能力，有良好的客户导向意识2、了解并掌握产品方案规划，正确有效的向客户传递产品介绍；3、具备必要的FA分析能力，独立输出FA对内/对外报告；4、 快速掌握客户应用特点和需求，及时获取客户方案并准确判断产品的适配性；5、对eMMC/UFS产品技术演进敏感,熟悉eMMC/UFS产品及相关半导体产业特性及规律.6、eMMC/UFS产品...",计算机硬件,http://jobs.zhaopin.com/CC665215380J40906904315.htm,20-99人,2025-11-28 17:40:49
机械设计工程师,深圳,深圳市新凯来技术有限公司,博士,无经验,"结构设计,研发,设计",3-5万·15薪,岗位职责1、从事半导体设备精密机械平台及相关部件的设计与开发工作，负责机械总体方案、机械结构设计、加工工艺、仿真分析（包含力学、热、电气、人机工程等）、运动学/动力学求解、减振设计、公差分析等；2、负责精密机械零件加工工艺和质量控制、设备机械部件的精密装配与测试测量，配合各模块研发人员完成产品总装与调试等；3、高精密重型设备隔振设计，包装运输可靠性测试方案设计与验证，包装材料洁净工艺设计；4、探索...,电子/半导体/集成电路,http://jobs.zhaopin.com/CCL1362239030J40888859915.htm,1000-9999人,2025-11-25 10:07:10
硬件开发专家（智能穿戴）(J13607),深圳,深圳市广和通无线股份有限公司,本科,10年以上,设计,3-5万,"岗位职责:1. 主导硬件可行性评估, 负责产品方案评估、器件选型，带领团队进行硬件开发设计和调试工作；2. 负责客户需求分析和客户方案评估，调集资源和人力进行客户技术支持;3. 带领团队进行技术和问题攻关，完成项目开发工作；4. 负责部门内的技术培训和能力培养，提高团队的业务能力和技术水平；5. 根据行业分析、技术调研、竞品分析和客户需求，制定硬件开发技术发展路线，完成技术预研及落地，并组织输出过...",运营商/增值服务,http://jobs.zhaopin.com/CC133904260J40774802816.htm,1000-9999人,2025-11-19 14:50:33
结构专家(J10124),深圳,深圳美众联科技有限公司,本科,10年以上,"电子烟,消费电子,结构",4-5万,"岗位职责1、全面负责电子烟产品结构团队的建设、管理、激励和人才培养,领导团队完成从概念设计、详细设计、手板制作、模具跟进到量产的全流程结构开发工作。2、制定项目结构开发计划，合理分配任务，确保项目按时、按质、按预算完成。3、主导电子烟整机及核心部件（如烟弹、电池杆、主机等）的结构设计、优化与创新。4、精通塑胶、金属、硅胶等材料的特性及加工工艺，负责材料选型与认证。5、深入理解和应用电子烟相关的安规...",电子/半导体/集成电路,http://jobs.zhaopin.com/CCL1250963430J40815705703.htm,1000-9999人,2025-10-17 10:16:13
高级UPS硬件工程师,深圳,英威腾,本科,5-10年,"设计,UPS电源,研发",3-5万·14薪,岗位职责:1.参与产品开发前期技术评估和成本评估工作，研究行业新技术新方向；2.负责新产品的主要方案和元器件选型、原理图设计、样机装配、硬件调试和BOM编制等工作；3.与结构和工程等周边相关部门沟通协作，推进项目进度；4.参与和负责解决到产品量产全过程中出现的相关硬件技术问题。任职要求:1.本科及以上学历，电力电子，自动化等相关专业；2.具备5年以上大功率UPS、微模块、数据中心产品相关经验；3....,工业自动化,http://jobs.zhaopin.com/CC134263690J40727166707.htm,1000-9999人,2025-09-08 14:33:23
研发硬件高级工程师（电源产品）,深圳,美世乐(广东)新能源科技有限公司深圳分公司,本科,5-10年,"设计,PCB设计,EMC设计,DSP研发",3.5-5万·16薪,一、岗位职责：1.主导电源产品硬件开发：负责AC/DC、DC/DC、逆变器、充电模块等电源产品的硬件架构设计、拓扑选型（如LLC、PFC、反激等）及关键器件选型。2.完成原理图设计、PCB布局指导（高功率密度/低EMI设计）、仿真（热仿真、环路仿真）及调试优化。3.解决高效率（≥95%）、低待机功耗（<0.1W）、高功率因数（PF>0.99）、EMC/安规（IEC/UL/EN标准）等关键技术问题。...,新能源,http://jobs.zhaopin.com/CCL1380746830J40774527910.htm,1000-9999人,2025-08-11 11:15:45
高级电源开发工程师,深圳,深圳英飞源技术有限公司,本科,5-10年,"电路设计,电源",2.5-5万·14薪,"岗位职责：1. 主导本部门电源产品开发具体设计过程，解决产品开发关键技术问题；2. 负责本部门电源产品定义、器件设计/选型、电路设计、PCB布板指导、调试等相关工作；3. 负责产品开发项目管理相关工作，协调管理产品开发各方资源；4. 负责产品开发技术文档积累，支撑文档编写和交流；5. 协助支持产品生产、应用等相关问题分析优化。 岗位要求：1. 电力电子,材料工程,微电子,电气工程等相关专业，本科以...",新能源,http://jobs.zhaopin.com/CC395922680J40545117402.htm,1000-9999人,2025-08-11 10:47:55
高级硬件工程师,深圳,深圳市优优绿能股份有限公司,本科,10年以上,,3-5万·15薪,任职要求：1. 本科及以上学历，电力电子与电力传动、电气工程、控制工程及相关专业；2. 具有扎实的电力电子器件与拓扑基础，熟悉电力电子产品的EMC、安规设计、功率设计、热设计和磁路设计；3.有大功率AC/DC、光伏逆变器、储能PCS开发经验者优先；4. 五年以上通信电源、服务器电源、直流、交流电源等电力电子产品开发经验。岗位职责： 　　1、参与产品研发计划的制定，并按产品研发计划保质保量按时完成自...,新能源,http://jobs.zhaopin.com/CC321266680J40730017702.htm,500-999人,2025-07-29 00:07:01
高级无人机结构工程师,深圳,智洋创新科技股份有限公司,本科,3-5年,"无人机设计,多旋翼无人机",3-5万,岗位职责： 1.结构设计：负责多旋翼无人机整机结构设计、零部件布局及轻量化优化； 负责产品结构的可行性分析，并进行风险评估和输出预案； 2.实验校核：主导结构强度、刚度、振动及抗冲击性能的仿真分析与实验验证； 3.系统优化：协同动力系统、电子电气团队完成系统集成与空间优化； 4. 文档编制：编写技术文档（3D图、零件图、爆炸图、BOM图、BOM、装配规范、测试报告等），支持供应链选型与生产落地； ...,人工智能,http://jobs.zhaopin.com/CC324628210J40933437604.htm,500-999人,2025-07-22 09:59:28
产品经理/产品结构开发工程师,深圳,深圳市深艺隆科技有限公司,本科,3-5年,"电商产品,商业化产品",3-5万,岗位内容：1. 确定产品方向和目标，根据市场和用户需求设计产品规划和路线图。2. 撰写产品需求文档并督促并支持研发团队完成产品开发，确保产品质量和按时交付。3. 分析产品运营数据，反馈用户使用情况及市场变化，为产品优化提出建议。任职要求：1. 有一定的互联网行业从业经验；2. 具备3年以上产品经理相关工作经验，并有成功案例经验；3. 出色的项目管理和组织协调能力；4. 较强的数据分析和创新思维，擅...,互联网,http://jobs.zhaopin.com/CC241569730J40752193801.htm,20-99人,2025-07-04 16:53:00
高级电源硬件工程师,深圳,深圳市振源电气有限公司,本科,5-10年,换电柜,3-5万·14薪,岗位职责：1、负责把控整体项目质量及进度；2、理解和把握客户产品需求；3、负责充电器、换电柜模块电源等产品的硬件拓扑和主功率的仿真、设计；4、负责开发和测试产品；5、负责项目组人员管理。任职要求：1、本科及以上学历，电气工程极其自动化、电力电子、电力传动、电机与电器、自动控制或相关专业；2、5年以上研发工作经验，熟悉反激、LLC拓扑的工作原理、设计和器件选型，熟悉ACDC电源硬件开发；3、熟练应用...,电力/水利/热力/燃气,http://jobs.zhaopin.com/CC526934920J40486543706.htm,100-299人,2025-07-02 10:28:20
半导体机械工程师,深圳,深圳市新凯来技术有限公司,本科,3-5年,"研发,设计,质量管理,结构设计,工装设备,非标设备,玻璃工艺,陶瓷工艺,镀膜工艺",2.5-5万·15薪,岗位职责：1、参与半导体精密机械设计、尺寸分解、加工制造、及清洁工艺等领域的技术研究和产品开发。2、持续构建机械领域技术能力，参与零摩擦机构、柔性铰链、减震设计、超洁净真空系统等涉及运动系统结构平台产品设计开发等 岗位要求 1、具备扎实的机械设计理论基础和丰富的机械设计经验，熟悉机械部件/设备开发流程。具备良好的沟通协调能力和团队合作精神，热衷探索新技术；半导体行业，机床行业，机器人行业开发经验优...,电子/半导体/集成电路,http://jobs.zhaopin.com/CCL1362239030J40825682515.htm,1000-9999人,2025-06-25 11:47:21
无人机-机电工程师,深圳,北京三快在线科技有限公司,硕士,3-5年,,面议,为了更好地提升城市即时配送的效率与体验，2017年，美团启动了无人机配送服务的探索，通过科技创新推动履约工具变革，加快建设空地协同的本地即时配送网络。在过去的六年里，美团无人机完成了飞行器、自动化机场及智能调度系统的研发工作，实现了研发设计、生产制造、运营运维全链条布局，达成了城市复杂场景物流无人机高频次、高密度、多天时、多天侯运行。2023年7月，美团无人机在上海发布了自主研发的第四代无人机，跟...,互联网,http://jobs.zhaopin.com/CC383625320J40775436009.htm,10000人以上,2026-01-11 08:35:22
影像系统结构专家（镜头/主动增稳方向）-知名大厂,深圳,北京外企德科人力资源服务深圳有限公司,本科,5-10年,"精密设备,装配工艺,CREO,SolidWorks,云台、OIS,光机、主动增稳、摄影",2.5-4.5万·15薪,工作职责1. 负责镜头模组（Lens、光圈、快门、对焦机构）或云台、OIS等主动增稳系统的设计开发，光机系统的方案优化；2. 负责产品设计、新工艺导入和量产转入问题的解决，保证交付质量和时效；3. 负责镜头模组和云台相关的创新技术研发以及在产品上的落地，技术难题攻关、经验积累和沉淀。任职要求1. 本科或以上学历，具备光学产品、机电耦合或机构类开发的相关经验，具备良好的结构力学基础；2. 具备专业机...,人力资源服务,http://jobs.zhaopin.com/CC157144120J40910055408.htm,10000人以上,2026-01-11 00:35:12
机械设计工程师,深圳,深圳市新凯来技术有限公司,本科,3-5年,"研发,非标设备,精密设备",2.5-5万·15薪,工作职责1、从事机械平台及相关部件的设计与开发工作，负责机械总体方案、机械结构设计、加工工艺、仿真分析、运动学/动力学求解、减振设计、公差分析等；2、负责精密机械零件加工工艺和质量控制、设备机械部件的精密装配与测试测量，配合各模块研发人员完成产品总装与调试等；3、探索超精密加工和装配工艺，突破工程极限，打造领先的超精密运动机械产品。 任职要求1、机械工程、力学、光学工程、控制工程、车辆工程、化工、...,电子/半导体/集成电路,http://jobs.zhaopin.com/CCL1362239030J40844395215.htm,1000-9999人,2025-05-14 16:13:40
无人车业务部-总布置工程师,深圳,北京三快在线科技有限公司,硕士,5-10年,,面议,美团自动配送以自研L4级自动驾驶软硬件技术为核心，与美团即时零售业务结合，形成满足公开道路、校园、社区、工业园区等室外全场景下的自动配送整体解决方案。美团无人车团队成立于2016年，团队成员来自于Waymo、Cruise、Pony.ai、泛亚等自动驾驶行业头部公司，自动驾驶技术团队博士占比高达30%，依靠视觉、激光等传感器，实时感知预测周围环境，通过高精地图定位和智能决策规划，保证自动配送车全场景...,互联网,http://jobs.zhaopin.com/CC383625320J40778606109.htm,10000人以上,2026-01-11 08:32:57
研发经理,深圳,深圳市魅动智能股份有限公司,本科,10年以上,"电子工程师,结构工程师",3.5-4.5万,职位描述：1、 负责协助总经理进行研发团队管理和整体规划工作，统筹降噪音频技术规划和SOUNDBAR声霸杜比技术专项课题，为公司业务发展提供全面的研发技术保障；2、 根据研发部门目标，负责协助总经理制定部门年度工作规划，洞察行业技术发展动态并制定年度《技术路线图》，并输出技术预研成果转化和项目孵化；3、 负责协助总经理来进行研发部的团队建设，包括人员培训、梯队建设、绩效考核、文化建设、组织架构优化...,互联网,http://jobs.zhaopin.com/CC454481730J40731125101.htm,100-299人,2026-01-11 00:12:01
结构主工程师（生活电器方向/年包50w内）,深圳,河南聚量信息技术有限公司,本科,5-10年,"设计,安装/调试,结构设计,工艺设计,厨卫电器,取暖电器,清洁电器",2.7-4.5万,【岗位职责】1. 产品设计统筹（每个品线一个主任工程师）：负责个护小家电（如吹风机、剃须刀等）、厨电（如破壁机、空气炸锅等）、清洁家电（如扫地机器人、吸尘器等）及两季产品（如风扇、取暖器等）的结构设计统筹工作，从产品概念阶段到量产阶段全程把控，确保设计方案满足市场需求、性能指标及成本控制要求。2. 团队管理与协作：带领2-3人设计团队开展日常工作，合理分配任务、制定工作计划并跟踪进度，指导团队成员...,电子商务,http://jobs.zhaopin.com/CCL1289012670J40962076304.htm,1000-9999人,2026-01-08 01:10:49
无人车业务部-车辆动力学工程师,深圳,北京三快在线科技有限公司,硕士,3-5年,,面议,美团自动配送以自研L4级自动驾驶软硬件技术为核心，与美团即时零售业务结合，形成满足公开道路、校园、社区、工业园区等室外全场景下的自动配送整体解决方案。美团无人车团队成立于2016年，团队成员来自于Waymo、Cruise、Pony.ai、泛亚等自动驾驶行业头部公司，自动驾驶技术团队博士占比高达30%，依靠视觉、激光等传感器，实时感知预测周围环境，通过高精地图定位和智能决策规划，保证自动配送车全场景...,互联网,http://jobs.zhaopin.com/CC383625320J40820120309.htm,10000人以上,2026-01-11 08:30:57
高级硬件工程师,深圳,美世乐(广东)新能源科技有限公司深圳分公司,本科,5-10年,"逆变器,UPS,PCS,电路设计",3-4.5万,岗位职责：1、负责光伏逆变器，储能变流器，等相关产品的硬件电路设计，电路参数计算，器件选型，磁性器件计算，损耗计算，电路仿真等，2、负责完成硬件设计书，器件配置表，原理图等必要的开发文档； 以及跟踪指导PCB 布局，pcba试制等工作3、负责项目的硬件电路调试，功能调试，以及优化改善，测试报告输出； 4、负责项目的认证测试整改，生产问题处理，以及上市产品的维护与整改； 岗位要求：1、本科及以上学历...,新能源,http://jobs.zhaopin.com/CCL1380746830J40818486510.htm,1000-9999人,2026-01-06 17:08:32
销售工程师、人力资源总监、运控算法工程师、流场分析工程师、热设计工程师、AI算法工程师、光学算法工程师、光学工程师,深圳,深圳稳顶聚芯技术有限公司,硕士,经验不限,"研发,设计,结构设计,制图设计,电气设备,精密设备,装配设备,热处理工艺,装配工艺",2.5-4.5万,岗位学历人数专业岗位需求销售工程师硕士及以上5物理、光学、微电子等相关专业【岗位职责】：1、负责所在区域的客户市场、产品推广及销售策略，深入了解客户组织架构及决策模式，建立良好的客户关系；2、学习并掌握产品知识以及客户产品需求，能够独立进行客户拜访并推广产品，组织协调公司各部门达成产品的成功销售；3、通过对客户市场及公司策略的把控，制定并完成年度销售策略及计划。【岗位要求】：1、微电子、物理、光学...,电子/半导体/集成电路,http://jobs.zhaopin.com/CCL1468680360J40897229908.htm,20-99人,2026-01-06 15:41:17
电源硬件工程师（服务器电源）,深圳,四川科航人力资源服务有限公司,本科,3-5年,,2.3-4.5万·14薪,岗位职责：1.负责电源产品原理图设计，变压器、电感等磁件选型设计；2.新产品调试及解决技术问题，电源装配工艺确认，EMC测试整改，安规认证配合及电源样机TYPE TEST；3.处理试产问题，处理量产中遇到技术问题并处理物料不良类问题；4.处理客户送样样机问题，提出的技术问题，配合品管处理客户投诉问题；5.进行客户技术要求整理，电源产品规格书制定，安规器件清单整理和EMC关键器件清单整理；6.提交电...,人力资源服务,http://jobs.zhaopin.com/CC818536060J40897001908.htm,500-999人,2025-12-26 16:04:57
无人机结构工程师（云台）,深圳,智洋创新科技股份有限公司,本科,3-5年,"无人机设计,多旋翼无人机",2.5-4.5万,职责：1.结构设计：负责多旋翼无人机整机结构设计、零部件布局及轻量化优化； 负责产品结构的可行性分析，并进行风险评估和输出预案；2.实验校核：主导结构强度、刚度、振动及抗冲击性能的仿真分析与实验验证；3.系统优化：协同动力系统、电子电气团队完成系统集成与空间优化；4. 文档编制：编写技术文档（3D图、零件图、爆炸图、BOM图、BOM、装配规范、测试报告等），支持供应链选型与生产落地；5. 跟进项目...,人工智能,http://jobs.zhaopin.com/CC324628210J40966279004.htm,500-999人,2025-12-26 01:09:42
硬件高级/资深工程师（英语）,深圳,欣旺达电子,本科,10年以上,"设计,3C消费类",3-4.5万,工作职责:1、负责主动式电容笔产品硬件研发；2、参与制定主动笔研发技术方案；3、实施硬件部分技术方案，原理图设计，指导PCB Layout；4、制定并参与产品的调试、测试流程，严格产品质量控制；5、制定生产用规范化的技术文档，并提供技术支持；任职资格:1、本科及以上学历，电子类相关专业等，2、10年以上电子行业工作经验，有较强的电子产品设计开发、调试能力；3、具备英语口语能力，英语可作为工作语言；...,电子/半导体/集成电路,http://jobs.zhaopin.com/CC135947830J40677914111.htm,1000-9999人,2025-12-25 15:18:00
高级/资深硬件工程师（汽车电源）,深圳,麦格米特,本科,5-10年,"硬件设计,DCDC,OBC",2.5-4.5万,职责描述:1、负责完成汽车电源产品的硬件开发工作2、解决产品开发过程中的产品问题3、负责产品从开发到量产的相关问题解决任职要求:1、本科及以上学历，电气自动化、电力电子等相关专业2、5年以上电源行业经验，3年以上汽车电源产品开发经验，能独立完成产品开发调试工作3、熟悉开关电源拓扑、磁性元件及功率器件知识4、熟悉汽车电源相关标准及测试要求,电子/半导体/集成电路,http://jobs.zhaopin.com/CC154405010J40731809405.htm,1000-9999人,2025-12-22 18:07:34
高级AI硬件设计开发工程师（深圳）,深圳,柏美智慧科技(上海)股份有限公司,硕士,5-10年,硬件,3-4.5万·13薪,a) 基础背景l 学历：电子工程/计算机/微电子相关专业硕士及以上学历（顶尖本科+突出项目经验可放宽）l 年限：5-10年AI硬件开发经验，至少3年Jetson平台实战经验b) 硬性技术能力l 主导过至少2个Jetson Xavier/TX2/Orin系列核心板开发项目l 精通NVIDIA JetPack SDK、CUDA加速、TensorRT部署优化l 精通核心板电路设计（PMIC选型、高速PC...,人工智能,http://jobs.zhaopin.com/CC850829750J40811922413.htm,100-299人,2025-12-19 14:42:33
光伏逆变器高级硬件工程师,深圳,深圳市紫光照明技术股份有限公司,本科,5-10年,设计,3-4.5万·15薪,"工作职责:1、负责部分120kw光伏逆变器的硬件电路设计及磁性元件参数计算；2、负责光伏逆变器硬件的制作和调试及指导Layout进行PCB设计；3、负责追踪生产中，现场出现的硬件问题，优化硬件设计，弥补硬件缺陷。任职资格:1、电气自动化、电力电子技术、电气工程等相关专业本科以上学历；优秀者可以放宽到专科2、熟悉电力电子功率变化拓扑的工作原理，对BOOST，BUCK，FLYBACK,全桥等拓扑的调试...",电子/半导体/集成电路,http://jobs.zhaopin.com/CC215456710J40766834316.htm,1000-9999人,2025-12-17 09:52:41
（专家/资深/高级）结构工程师,深圳,深圳市杉川机器人有限公司,本科,5-10年,"CREO,Pro/E,AutoCAD,清洁电器,扫地机,机器人",2.5-4.5万,注：base--深圳or苏州，优秀者定位另议。岗位职责：1、根据产品功能、ID的需求，参与扫地机产品方案评估及结构堆叠。2、结构件详细设计及结构评审。3、手板组件、测试，问题点分析及解决。4、DFM评审，试模件确认及改良优化；及时解决试产、量产、售后发现的问题点。5、工程图、BOM等资料的输出，样品的确认。任职要求：1、统招本科及以上学历，机械或机电、自动化等相关专业；2、5年以上独立产品结构设计...,电子/半导体/集成电路,http://jobs.zhaopin.com/CC456590280J40829780514.htm,1000-9999人,2025-12-11 14:33:10
结构设计专家+薪资可谈+期权激励,深圳,湖南中康基石医疗科技有限公司,本科,5-10年,"SolidWorks,消费电子产品,有限元分析,运动机构",3-4.5万·13薪,岗位职责：1. 整机结构设计： 主导产品的外观与内部结构设计，实现小型化、便携化、人性化的人机交互体验。2. 微流控-光学-结构一体化设计： 与微流控和光学团队协同，设计精密的光路腔体、样本流动通道和传感器固定结构，确保成像的稳定性和一致性。3. 精密传动与进样系统设计： 设计用于推动试剂、加载样本的微型化、高可靠性的机械结构。4. 原型制作与测试： 使用3D打印、CNC等手段快速制作原型，并进行...,医疗设备/器械,http://jobs.zhaopin.com/CCL1487887940J40909196615.htm,100-299人,2025-12-09 15:40:21
高级传动结构设计工程师,深圳,维海德,本科,5-10年,"机械传动,机器人",2.5-4.5万,岗位职责：1. 独立负责云台、机械臂等音视频终端产品的传动系统（如齿轮箱、连杆机构、减速器、同步带/链传动等）的独立设计、仿真优化及样机验证。2. 完成传动部件的材料选型、强度计算、公差分析及寿命评估，确保可靠性及性能指标达标。3. 解决高速运动、高负载或精密传动场景下的振动、噪音、磨损等问题。4. 主导电机选型、整机结构布局设计，平衡轻量化、成本与可制造性需求。5. 跟踪传动领域新技术（如谐波减...,电子/半导体/集成电路,http://jobs.zhaopin.com/CC532198730J40705499906.htm,500-999人,2025-11-24 14:20:07
高级结构工程师（电子烟+双休）(J10392),深圳,深圳美众联科技有限公司,大专,10年以上,电子烟,2.7-4.5万,工作内容:1、负责电子烟整机（如一次性、换弹式、开放式设备）的核心、精密及创新结构系统的设计，如创新雾化结构、超密封系统、精密传动机构、散热系统等，主导进行平台化、模块化结构设计，提升设计效率，降低成本和开发周期。2、研究和引入新工艺、新材料、新方法（如MIM、纳米注塑、液态硅胶LSR、生物基材料等），并推动其在产品中的应用，打造产品差异化优势。3、作为结构技术权威，解决产品开发、试产、量产全过程...,电子/半导体/集成电路,http://jobs.zhaopin.com/CCL1250963430J40839134303.htm,1000-9999人,2025-10-17 10:11:55
cae结构仿真工程师,深圳,上海联铪泰电子有限公司,学历不限,经验不限,"结构仿真,流体仿真,动力仿真",3-4.5万,"NVH仿真工程师强度耐久仿真工程师行人保护仿真工程师结构耐撞性分析工程师约束系统分析工程师CFD流体分析工程师热害分析工程师任职资格:1.本科及以上学历，力学、机械、车辆、航空航天等相关专业。2.具备相关方向（任一）的CAE仿真项目经验，熟悉至少一款主流软件（如Abaqus, LS-DYNA, Nastran, ANSYS, HyperWorks, Star-CCM+等）。3.具备良好的逻辑分析能...",计算机软件,http://jobs.zhaopin.com/CC828691300J40841619903.htm,20-99人,2025-09-24 16:26:31
结构经理 (MJ000216),深圳,维海德,本科,5-10年,技术管理,3-4.5万,岗位职责：1.全面负责结构部门的日常管理、团队建设与人才梯队培养；2.主导音视频终端产品（如摄像机、麦克风、视频会议主机等）整机结构、声学结构及散热设计；3.攻克精密传动、紧凑空间堆叠、噪声控制与电磁屏蔽等行业特有技术难题，制定并优化设计流程与规范；4.规划部门技术发展路线，推动仿真、自动化及新材料在音视频产品中的应用；5.协同硬件、算法、软件部门，确保产品在量产中的可制造性、可装配性及成本控制，...,电子/半导体/集成电路,http://jobs.zhaopin.com/CC532198730J40734028706.htm,500-999人,2025-11-17 11:00:46
工业设计工程师,深圳,湖南太阳龙医疗科技有限公司,本科,5-10年,"ProE,Rhino,PS,KeyShot,AI",2.5-4.5万,太阳龙医疗湖南总部及深圳研发中心同时招聘： 任职要求： 1、本科及以上学历，工业设计或者相关专业； 2、具有良好的设计功底、手绘能力、设计思路、良好的创意思维，对产品的形体有一定认识，项目理解能力和客户沟通能力； 3、熟练掌握以下软件：Pro/E、KeyShot、Rhino、PS、CDR，AI.有渲染图经验，作品曾获得“IF”、“红点奖”等国际大奖者优先； 4、熟悉工业设计流程，熟悉生产成型工艺与...,医疗设备/器械,http://jobs.zhaopin.com/CC271065930J40408444909.htm,100-299人,2025-08-26 08:16:36
机械设计工程师,深圳,深圳市新凯来技术有限公司,硕士,5-10年,,2.5-4.5万·15薪,工作职责1、从事机械平台及相关部件的设计与开发工作，负责机械总体方案、机械结构设计、加工工艺、仿真分析、运动学/动力学求解、减振设计、公差分析等；2、负责精密机械零件加工工艺和质量控制、设备机械部件的精密装配与测试测量，配合各模块研发人员完成产品总装与调试等；3、探索超精密加工和装配工艺，突破工程极限，打造领先的超精密运动机械产品。任职要求1、机械工程、力学、光学工程、控制工程、车辆工程、化工、自...,电子/半导体/集成电路,http://jobs.zhaopin.com/CCL1362239030J40744783515.htm,1000-9999人,2025-07-28 09:08:30
硬件研发总监,深圳,上海音特电子有限公司,本科,5-10年,"设计,硬件,PCB设计,EMC设计,DSP研发,研发管理",2.5-4.5万,岗位职责：1. 根据公司产品规划路线，统筹公司新产品、新技术开发、成果转化工作；2. 对硬件的技术路线（方案）有自己思路见解，并结合市场规划产品发展方向，能够带领初创团队完成从0到1的产业化拓展工作，对拓展结果负责；3. 主导立项产品的项目开发，管理研发团队，推动关键技术攻关，确保研发成果的高质量交付，对研发结果负责；4.收集国内外相关领域政策、行业发展信息，根据公司发展战略制定部门短期、中期技术...,电子/半导体/集成电路,http://jobs.zhaopin.com/CC239732510J40516646804.htm,20-99人,2025-07-23 10:49:00
无人车业务部-整车域控应用软件开发工程师,深圳,北京三快在线科技有限公司,本科,1-3年,,面议,美团自动配送以自研L4级自动驾驶软硬件技术为核心，与美团即时零售业务结合，形成满足公开道路、校园、社区、工业园区等室外全场景下的自动配送整体解决方案。美团无人车团队成立于2016年，团队成员来自于Waymo、Cruise、Pony.ai、泛亚等自动驾驶行业头部公司，自动驾驶技术团队博士占比高达30%，依靠视觉、激光等传感器，实时感知预测周围环境，通过高精地图定位和智能决策规划，保证自动配送车全场景...,互联网,http://jobs.zhaopin.com/CC383625320J40805170109.htm,10000人以上,2026-01-11 10:05:10
结构工程师,深圳,深圳市普渡科技股份有限公司,本科,5-10年,集成叉车,2-4万,工作职责1.独立完成复杂产品的结构开发工作，包括架构设计、方案设计和结构细节设计；2.负责与项目团队协调沟通并完成结构的开发计划；3.负责解决在项目开发过程中的各项结构问题，完成各项结构指标，最终完成产品的Qualify；4.与ID确定最终CMF方案及ID细节的调整；5.根据整机功能提供针对结构功能、性能方面的测试Case和主导相应标准制定；6.负责售后机器问题定位分析，并确定解决方案及落实计划；...,互联网,http://jobs.zhaopin.com/CCL1318355140J40819247603.htm,500-999人,2026-01-11 01:04:41
硬件电子工程师(J10049),深圳,深圳市朗恒照明技术股份有限公司,本科,5-10年,"智能硬件,蓝牙,双休",2-4万,岗位职责 1.硬件系统与研发： 独立负责智能硬件产品的系统方案设计、原理图、PCB Layout及核心器件选型。 2.IoT方案集成： 作为技术总接口，主导与第三方IoT平台的硬件、固件联调与集成。 3.供应商管理： 负责管理外部的软件设计、工业设计和结构设计供应商，输出技术需求，并评审其方案。 4.NPI与量产： 主导新产品NPI全流程，制定测试标准，并与代工厂协作解决量产中的工程问题。 任职要...,电子/半导体/集成电路,http://jobs.zhaopin.com/CC225675710J40801791311.htm,300-499人,2026-01-11 00:40:20
无人车业务部-货箱工程师,深圳,北京三快在线科技有限公司,硕士,3-5年,,面议,美团自动配送以自研L4级自动驾驶软硬件技术为核心，与美团即时零售业务结合，形成满足公开道路、校园、社区、工业园区等室外全场景下的自动配送整体解决方案。美团无人车团队成立于2016年，团队成员来自于Waymo、Cruise、Pony.ai、泛亚等自动驾驶行业头部公司，自动驾驶技术团队博士占比高达30%，依靠视觉、激光等传感器，实时感知预测周围环境，通过高精地图定位和智能决策规划，保证自动配送车全场景...,互联网,http://jobs.zhaopin.com/CC383625320J40805133109.htm,10000人以上,2026-01-11 08:42:29
建筑与结构主管研发工程师,深圳,中广核研究院有限公司,本科,10年以上,结构工程,3-4万,1、注册结构工程师2、10年以上结构设计经验，有负责结构有限元结构分析3、业绩要求：四库平台业绩证明4、有复杂结构的有限元计算分析经验；5、有桩基、筏板基础设计经验；6、有土建结构工程、地基基础等技术相关科研经验；,互联网,http://jobs.zhaopin.com/CCL1318355140J40797833903.htm,500-999人,2026-01-11 01:04:33
中级机械结构工程师（镜头或云台）-知名大厂,深圳,北京外企德科人力资源服务深圳有限公司,本科,3-5年,镜头结构,2.5-4万·15薪,核心要求: 必须是镜头结构出身。工作职责1. 根据产品需求设计合理、创新的结构方案；2. 完成详细设计、新工艺导入和量产问题解决，对交付质量、时效和成本负责；3. 参与新技术研发落地、难题攻关及经验沉淀等。任职要求1. 本科及以上学历，具有消费电子产品、机械产品、光学产品（任意一项）的开发经验，或深度参与过工程实践类科技竞赛并有所产出，或作为爱好者拥有优秀的个人作品；2. 有良好的力学、机械结构设...,人力资源服务,http://jobs.zhaopin.com/CC157144120J40910056908.htm,10000人以上,2026-01-11 00:35:12
诚聘机械设计工程师数名,深圳,河南创壹汇智能装备有限公司,大专,3-5年,"设计,非标设备,自动化设备,装配工艺",3-4万,（线上初试+线下复试）任职要求：1、大专及以上学历，年龄22-35岁，3-10年经验；2、有非标产品设计或者医疗器械行业经验优先；3、机械设计制造及其自动化、机械工程等机械类专业优先。薪资待遇：1、（月基本工资+补贴*12个月+年度服务奖金+年度绩效奖金）月综合收入40k以下；2、五险一金，有餐补，交通补贴；,工业自动化,http://jobs.zhaopin.com/CCL1488249710J40826298209.htm,300-499人,2026-01-09 17:44:40
设计师,深圳,中国电子系统工程第四建设有限公司,本科,5-10年,"英语,工业建筑",2-4万·14薪,岗位职责：1、负责洁净工程类型项目的图纸设计；2、负责同甲方进行前期方案交流；3、负责项目现场其他工作的支持等。任职资格：1、具备洁净工程类型项目设计经验；2、英语能作为工作语言；3、有意愿在“泰国”工作。,工程施工,http://jobs.zhaopin.com/CC138761210J40739939809.htm,1000-9999人,2026-01-09 01:22:50
高级成本工程师（结构）,深圳,北京外企德科人力资源服务深圳有限公司,本科,5-10年,,2.5-4万·15薪,工作职责1. 负责结构定制物料的成本模型搭建与维护；2. 负责结构定制物料的成本评估，包含但不限于注塑、冲压、压铸、机加、碳纤维、表面处理等；3. 负责结构件的成本合理性管理，从设计、加工工艺、供应商成本能力、成本要素等维度，识别降本机会点，并推动落地；4. 负责结构件的成本行情调研，包含但不限于原材料、加工费率、表面处理工艺、良率、行业稼动率、毛利水位等，支撑采购决策。任职要求1. 本科及以上学...,人力资源服务,http://jobs.zhaopin.com/CC157144120J40910056408.htm,10000人以上,2026-01-11 00:35:12
诚聘机械设计工程师数名,深圳,河南创壹汇智能装备有限公司,大专,3-5年,"安装/调试,测试,非标设备,自动化设备",3-4万·13薪,(线上初试+线下复试)任职要求:1、大专及以上学历，年龄22-35岁，3-10年经验;2、有非标产品设计或者医疗器械行业经验优先;3、机械设计制造及其自动化、机械工程等机械类专业优先。薪资待遇:1、月综合收入40k以下;2、五险一金，有餐补，交通补贴;,工业自动化,http://jobs.zhaopin.com/CCL1488249710J40826297909.htm,300-499人,2026-01-09 17:43:55
电子硬件工程师,深圳,深圳市星禾宏泰自动化设备有限公司,大专,3-5年,消费电子产品,2-4万·13薪,岗位职责与要求：1、负责公司项目原理图设计，PCB layout，会STM32单片机。2、能够应用各类仪器进行电路调试，FPC测试治具、气密测试治具、测试治具。3、产品调试，与软件，结构，项目工程师配合进行调试工作。4、进行产品的硬件测试及验证；物料选型和测试认证；新技术的引进与实施。5、各相关部门沟通配合，保证项目的顺利实施，客户端的工程技术支持，售后服务支持。6、动手能力强，熟悉使用热风枪，电...,电气机械/电力设备,http://jobs.zhaopin.com/CC295729230J40570880701.htm,100-299人,2026-01-09 00:30:20
机械工程师（研究院专家岗）,深圳,深圳市新凯来技术有限公司,本科,经验不限,"运动机械,机械手传动,密封组件",2-4万·15薪,岗位职责：（深圳或者上海）1. 从事精密机械平台设计与开发工作，负责机械总体方案，机械结构设计以及3D/2D绘图，负责机械结构分析与运动学动力学求解，减震设计公差分析等2. 负责精密机械零件加工工艺指导的质量控制，设备机械部件的精密装配与测量测试，配合各模块研发人员完成产品总装与调试等3. 探索超精密加工和装配工艺瓶颈，突破工程极限，打造超精密运动机械产品岗位要求：1.机械领域专业背景2.熟悉建模...,电子/半导体/集成电路,http://jobs.zhaopin.com/CCL1362239030J40915255415.htm,1000-9999人,2026-01-08 17:59:25
诚聘机械设计工程师数名,深圳,河南创壹汇智能装备有限公司,大专,3-5年,"设计,非标设备,自动化设备,装配工艺",3-4万,（线上初试+线下复试）任职要求：1、大专及以上学历，年龄22-35岁，3-10年经验；2、有非标产品设计或者医疗器械行业经验优先；3、机械设计制造及其自动化、机械工程等机械类专业优先。薪资待遇：1、月综合收入40k以下；2、五险一金，有餐补，交通补贴；,工业自动化,http://jobs.zhaopin.com/CCL1488249710J40826295109.htm,300-499人,2026-01-09 17:34:44
机械设计工程师,深圳,江苏职接说人才服务有限公司,学历不限,经验不限,"研发,设计,AutoCAD,SolidWorks,卷绕机,注液机,锂电行业",2-4万·16薪,一、岗位职责:1、了解客户需求，评估自动化设备方案的可行性;2、能够独立完成复杂精密设备设计开发，包括图纸设计、电机、标准件、气动元件选型，图纸细化及工程图出图，BOM清单整理;3、根据客户的要求，需要确保设备设计、制作、调试的交期;4、新设备的制造成本评估;5、使用3D软件进行新设备结构开发，进行方案设计;6、独立完成2D设计;7、和电气事业部一起完成整机优化设计。 二、任职资格:1、机械设计背...,人力资源服务,http://jobs.zhaopin.com/CCL1478612040J40973387404.htm,100-299人,2026-01-08 09:40:03
硬件工程师,深圳,南方新华,本科,5-10年,"LED,灯,照明",2-4万,岗位职责1.负责LED硬件的方案设计、原理图设计、PCB LAYOUT、BOM制作、测试、BUG解决等；2.负责解决单板测试、整机测试过程中出现的问题；3.负责解决生产加工过程中出现的问题；4.完成上级领导安排的其他任务。任职资格1.本科及以上学历，电子信息、计算机、通信、自动化等相关专业优先；；2.5年以上嵌入式硬件开发工作经验；3.熟练掌握STM32、ARM、SOC等处理器的硬件设计，能独立完...,人力资源服务,http://jobs.zhaopin.com/CC346219280J40819423211.htm,100-299人,2026-01-07 11:34:17
诚聘机械设计工程师数名,深圳,河南创壹汇智能装备有限公司,大专,3-5年,"研发,设计,非标设备",3-4万,任职要求：1、大专及以上学历；2、35岁以下；3、3-10年经验，有非标产品设计或者医疗器械行业经验优先；薪资待遇：1、月薪40k以下；2、缴纳五险一金，有餐补交通补贴。,工业自动化,http://jobs.zhaopin.com/CCL1488249710J40826294209.htm,300-499人,2026-01-09 17:30:04
机械设计工程师,深圳,深圳市新凯来技术有限公司,硕士,无经验,研发,2-4万,1、从事半导体设备精密机械平台及相关部件的设计与开发工作，负责机械总体方案、机械结构设计、加工工艺、仿真分析（包含力学、热、电气、人机工程等）、运动学/动力学求解、减振设计、公差分析等;2、负责精密机械零件加工工艺和质量控制、设备机械部件的精密装配与测试测量，配合各模块研发人员完成产品总装与调试等;3、高精密重型设备隔振设计，包装运输可靠性测试方案设计与验证，包装材料洁净工艺设计;4、探索整机系统...,电子/半导体/集成电路,http://jobs.zhaopin.com/CCL1362239030J40889418515.htm,1000-9999人,2026-01-06 22:20:33
非标自动化机械设计工程师,深圳,深圳市恒瑞兴自动化设备有限公司,本科,5-10年,"整机设计,非标机械设计,非标设备,SolidWorks,能源行业,机器人,非标件",2-4万,工作地点：深圳龙岗坪地 工作时间：大小周任职条件：1、本科以上学历，5年以上工作经验，机械类相关专业毕业；2、熟悉各种机械原理及非标机械的设计、制造方法、创造力强；3、熟练使用二维，三维工具类软件及Office办公软件；；4、熟练运用机械原理和公差配合、机械加工工艺、钣金工艺、各种材料性能、气动液压及控制等；5、能进行各类机械设计相关计算，专业知识扎实，具有独立设计开发非标设备整机的能力；6、具有...,工业自动化,http://jobs.zhaopin.com/CC430654510J40419944614.htm,20-99人,2026-01-06 00:00:02
硬件开发工程师,深圳,超聚变数字技术股份有限公司,本科,3-5年,服务器,2-4万·14薪,岗位职责：1、主导服务器产品硬件全流程交付，包含硬件方案设计，规格分析，器件选型，原理图设计，PCB审查，小批量试制和生产导入。2、负责单板调试，负责研发过程中、生产和现网早期硬件类问题定位，并反馈到产品设计中，持续提升单板硬件设计质量。3、负责单板上小规模控制逻辑的设计、开发、仿真，及软硬件接口设计。4、参与服务器产品规划和产品竞争力构建，支撑产品大规模生产和发货。专业知识：1、精通X86硬件系...,计算机硬件,http://jobs.zhaopin.com/CCL1367103620J40904522915.htm,1000-9999人,2026-01-05 14:57:02
机械设计师,深圳,深圳市新凯来技术有限公司,本科,经验不限,"研发,设计,质量管理,结构设计,精密设备,CATIA",2-4万·16薪,岗位职责1、负责公司精密设备的结构设计与开发，联合相关领域制定结构方案、构建结构设计能力和产业链，完成相关相关产品的结构件E2E交付、解决开发过程中的具体技术问题；2、负责精密设备的结构工艺研究和仿真分析（包括但不限结构设计/工艺、工装工具设计/工艺、成型工艺及高精密结构件检测等）；业务技能要求：1、熟悉机械设计/材料工艺相关的国际标准，设计流程和规范等；2、熟悉机械设计/材料工艺设计及原材料相关...,电子/半导体/集成电路,http://jobs.zhaopin.com/CCL1362239030J40861254215.htm,1000-9999人,2026-01-05 20:11:28
非标自动化机械设计总监,深圳,深圳链工科技集团有限公司,大专,10年以上,,2-4万·13薪,【岗位职责】1、负责对机械BOM和电气BOM的深度理解，精准核算项目成本，审核并优化技术报价，确保方案的技术可行性与商业竞争力。2、主导关键技术模块（如精密组装、EOL检测系统、AGV/输送线集成）的研发与设计工作，提升设计效率与产品可靠性。3、深入理解客户需求，主导完成非标自动化产线的技术方案，参与关键客户的技术交流，精准理解并引导客户需求，对客户报价；能为公司设计低成本高利润的方案；4、协同销...,仪器仪表制造,http://jobs.zhaopin.com/CCL1396970060J40831603710.htm,20-99人,2026-01-05 11:16:29
高级硬件工程师,深圳,科列技术,本科,5-10年,"硬件设计,WCA计算,降额设计,电源控制",3-4万,岗位职责： 1、负责900V电动汽车BMS硬件架构设计； 2、负责电路分析，完成控制器的原理图设计、器件参数选型及应用；3、负责WCA计算、降额设计、产品规格书设计和可靠性预测等； 4、负责白盒自测和EMC整改； 5、负责协调PCB、结构、软件、工艺、采购等资源，确保开发计划执行； 6、协助完成产品硬件测试、对软件开发、生产提供硬件技术支持。 任职要求： 1、本科及以上学历，自动化、通信、电力电子...,新能源,http://jobs.zhaopin.com/CC336668610J40768089212.htm,300-499人,2026-01-04 09:58:40
基带硬件工程师-线上面试/朝九晚六,深圳,深圳市法本信息技术股份有限公司,本科,10年以上,,2.5-4万,岗位职责：1. 负责进行硬件产品的评估、器件选型与设计开发，确保产品满足功能与性能要求。2. 负责硬件产品的硬件生产、测试中的问题分析与解决，确保产品质量符合标准。4. 与团队成员紧密合作，确保项目按时交付。1、本科及以上学历，电子工程、通信工程、自动化等相关专业毕业。2、10年以上硬件开发经验，有手机、平板硬件设计经验，精通至少一种平台设计（MTK 、展锐）。3、担任过知名品牌手机、平板的主设工...,计算机软件,http://jobs.zhaopin.com/CC385622410J40744842706.htm,1000-9999人,2025-12-31 17:43:40
高级硬件开发工程师,深圳,深圳市伟文无线通讯技术有限公司,本科,3-5年,,2.2-4万·13薪,工作职责： 1）负责项目硬件开发及调试工作，包括方案评估与系统设计、关键元器件选型、原理图设计、PCB设计指导、调试测试、生产跟进，认证与售后问题处理；2）负责开发过程中，各过程文档，如BOM、测试计划及相关文件编写；3）负责硬件单板调试，风险问题自测评估；4）负责硬件相关的整机调测，负责设备认证测试及整改；5）进行硬件领域技术研究，包括但不限于方案技术评估、竞品分析、质量改善、成本优化等；6）参...,运营商/增值服务,http://jobs.zhaopin.com/CC149218710J40836079902.htm,100-299人,2025-12-31 17:31:14
硬件工程师,深圳,深圳市智能派科技有限公司,本科,5-10年,"PCB设计,PCB原理图,模拟电路,EMC/EMS/ESD 整改",2-4万·15薪,具体薪资面谈岗位职责：1 负责硬件产品的器件选型。SCH和PCB设计，样机调试。2 负责撰写维护硬件项目文档，设计文档，测试文档，生产文档。3 负责硬件单板调试及配合软件工程师对产品进行调试测试。4 跟踪产品的研发、试产和生产，并解决产品各个阶段出现的问题。5 负责硬件相关的认证工作，参与分析认证中的问题并提供解决方案。 6 领导安排的其他相关工作。7 工作地点：深圳南山区。任职资格：1 本科及以...,电子/半导体/集成电路,http://jobs.zhaopin.com/CC331690680J40830931210.htm,1000-9999人,2025-12-30 14:46:22
硬件开发工程师,深圳,深圳市法本信息技术股份有限公司,本科,10年以上,"MTK,展锐",2-4万,岗位职责：1. 负责进行硬件产品的评估、器件选型与设计开发，确保产品满足功能与性能要求。2. 负责硬件产品的硬件生产、测试中的问题分析与解决，确保产品质量符合标准。4. 与团队成员紧密合作，确保项目按时交付。1、本科及以上学历，电子工程、通信工程、自动化等相关专业毕业。2、10年以上硬件开发经验，有手机、平板硬件设计经验，精通至少一种平台设计（MTK 、展锐）。3、担任过知名品牌手机、平板的主设工...,计算机软件,http://jobs.zhaopin.com/CC385622410J40744844006.htm,1000-9999人,2025-12-31 17:16:12
高级结构设计师,深圳,山东优宝特智能机器人有限公司,硕士,5-10年,,2-4万,岗位职责：1. 独立完成机器人结构设计，电机等部件设计；完成机器人元器件选型、关键零部件校核计算等；2. 熟练运用仿真软件进行运动与结构件力学等性能仿真分析；3. 熟悉产品零部件外协加工工艺；4. 有一定的动手能力，针对设计的产品进行样机组装和调试；5. 设计产品进行文档撰写，整理归档。任职要求：1. 本科以上学历，机械设计相关专业；2.五年以上机械设计工作经验，机器人产品设计者优先；3. 熟练使...,机器人,http://jobs.zhaopin.com/CC400125980J40852546713.htm,20-99人,2025-12-29 15:56:24
机械工程师 (MJ000332),深圳,大族数控,本科,3-5年,"精密设备,机床设备,AutoCAD,SolidWorks,设计,制图设计,结构设计,工艺设计,自动化设备,多维高精度运动平台,自动化,精密机床,研发",2-4万,1、本科及以上学历，机械设计、机电一体化相关专业； 2、有独立开发高精密整机设备或零部件或多维高精度运动平台设计经验优先考虑； 3、对导轨、丝杆、步进电机、伺服电机、直线电机、光栅等能熟练选型及分析计算 4、富有创新意识、逻辑思维能力，工作认真负责，爱钻研，有技术积淀，具有良好的团队精神和沟通能力。 5、良好的团队精神和沟通能力。,电气机械/电力设备,http://jobs.zhaopin.com/CC334402310J40719962002.htm,1000-9999人,2025-12-28 16:37:08
高级机械工程师,深圳,瓦力(青岛)体育器材有限公司,本科,5-10年,"研发,设计,质量管理,制图设计,结构设计,工艺设计",2-4万,主要职责1. 从概念评审、质量控制（QC）检测、保修报告等渠道中发掘产品潜在的改进空间，提出改进方案。2. 确保产品改进方案及新产品符合甚至超越相关安全标准。3. 对新产品设计概念进行有限元分析（FEA）。4. 安排产品原型制作，以测试并验证设计方案及工程理念的可行性。 5. 与工业设计团队紧密合作，将新产品的最终设计转化为包含详细技术要求的生产图纸。6. 编制原材料及成品的质量保证（QA）文档，...,体育,http://jobs.zhaopin.com/CC580682520J40830251010.htm,20-99人,2025-12-26 10:25:04
硬件高级工程师（韩语）,深圳,欣旺达电子,本科,3-5年,"设计,硬件测试,PCB设计,EMC设计,韩语/朝鲜语流利",2-4万,工作职责:1、负责主动式电容笔产品硬件研发；2、参与制定主动笔研发技术方案；3、实施硬件部分技术方案，原理图设计，指导PCB Layout；4、制定并参与产品的调试、测试流程，严格产品质量控制；5、制定生产用规范化的技术文档，并提供技术支持；任职资格:1、本科及以上学历，电子类相关专业等，2、1年以上电子行业工作经验，有较强的电子产品设计开发、调试能力；3、具备韩语听说读写能力，韩语可作为工作语言...,电子/半导体/集成电路,http://jobs.zhaopin.com/CC135947830J40732757211.htm,1000-9999人,2025-12-25 15:16:57
幕墙结构设计负责人/设计经理,深圳,远东力进幕墙(上海)有限公司,本科,10年以上,"幕墙设计,单元式幕墙,构件式幕墙,框架式幕墙,点支式幕墙,呼吸式幕墙,曲面复杂幕墙",2.5-4万,1.学历要求：本科及以上学历（211/985院校优先），土木工程、工程力学等相关专业，具备扎实的理论基础。2.工作经验：有10年及以上幕墙头部企业设计工作经验，具有丰富的项目实践经验，熟悉幕墙设计的各个环节，有负责过大型幕墙工程项目的经历，能够独立承担项目的结构设计和管理工作，对于复杂结构、异形幕墙等具有深入的理解和实践经验。3.专业技能：熟练掌握多种专业软件，如ANSYS、SAP2000等，能够...,房地产开发,http://jobs.zhaopin.com/CC133492880J40669768204.htm,100-299人,2025-12-24 14:44:49
高级工业设计师,深圳,瓦力(青岛)体育器材有限公司,本科,5-10年,"结构设计,工艺设计,可靠性设计,CAD,illustrator,INDESIGN",2-4万,关于Vuly 我们创造优质的游戏体验，让家庭走出家门，激发想象力。我们的产品很大，经过精心设计，通常在家里组装。明确的说明对我们来说并不“好”，它们是任务的关键。如果你热爱工业设计的工艺，非常关注清晰度，并喜欢看到产品在现实生活中如何组装，你会在这里感到宾至如归。 机会 我们正在寻找一名高级工业设计师， 你将掌控我们如何向客户解释我们的产品，从最初的爆炸视图到最后的步骤。你将带领一个由工业设计师和...,体育,http://jobs.zhaopin.com/CC580682520J40830249710.htm,20-99人,2025-12-26 10:24:31
关节模组工程师,深圳,歌尔股份,硕士,5-10年,"自动化设备,精密设备,机器人关节模组,电磁学理论",2-4万·16薪,岗位职责：1、关节模组系统设计：负责关节模组的整体设计，包括电机选型、减速器配置、编码器集成以及模组结构布局，确保关节模组的高性能、高可靠性和紧凑性。2、综合技术整合：深入理解电机、减速器、编码器的工作原理和特性，能够根据关节模组的需求，综合运用这些知识来选择和优化组件，实现性能匹配。3、性能仿真与优化：运用仿真软件对关节模组进行动力学、热力学和运动学仿真，分析模组在不同工况下的性能表现，并根据仿...,电子/半导体/集成电路,http://jobs.zhaopin.com/CC132726540J40743086806.htm,10000人以上,2025-12-24 14:40:54
硬件工程师(J11347),深圳,埃斯顿,本科,5-10年,焊接电源,2-4万,岗位职责:1、负责气体保护焊机、手持激光焊机、激光发生器电源等电源类产品的开发；2、主导完成原理图设计，磁性器件设计、PCB评审，BOM、产品规格书、产品检验规范制作，硬件调试、硬件测试及性能优化；3、负责开发阶段产品的硬件调试、自测，解决测试问题；4、协同结构等部门完成产品整体设计及功能调试，解决项目开发工程中的各种问题；5、主导完成功能、性能、热设计、EMC、安规认证等跨部门、系统级的技术开发...,仪器仪表制造,http://jobs.zhaopin.com/CC243960110J40908153308.htm,1000-9999人,2025-12-24 10:39:02
工业设计总监,深圳,瓦力(青岛)体育器材有限公司,本科,10年以上,"结构设计,工艺设计,可靠性设计,SolidWorks,Autodesk,FUSION 360",2-4万,Vuly是一家澳大利亚独资的户外游戏公司，为每个人提供有趣、安全和健康的游戏。凭借我们创造性和创新性的产品系列，Vuly在户外游戏行业中独树一帜。这个职位提供了加入一个致力于将儿童产品变为现实的创意和动手团队的机会。加入我们，做出改变吧！Vuly正在寻找一位专注的工业设计师总监，在这个职位上，你将直接向首席产品官汇报，设计并推出创新的新产品系列。成功的候选人必须有动力，并有能力有效领导一个组成大型...,体育,http://jobs.zhaopin.com/CC580682520J40830249010.htm,20-99人,2025-12-26 10:23:50
电源硬件工程师（大功率电源）,深圳,四川科航人力资源服务有限公司,本科,3-5年,,2-4万·15薪,职位描述：1、 组织分析、评审、论证开关电源类产品开发方案（市场、技术、客户、经济等）；2、 确定电源类产品技术开发相关标准与要求；3、 指导构建开关电源类产品开发项目组织；4、 组织开关电源类新产品的开发与设计；5、 对老产品进行技术改良；6、 组织进行产品疑难技术攻关及新技术的应用，提高产品核心竞争力。7、 协调处理开关电源类产品开发过程中存在的问题，保证开发工作顺利。8、 督导客户样机的制作...,人力资源服务,http://jobs.zhaopin.com/CC818536060J40908138108.htm,500-999人,2025-12-24 10:02:43
BMS硬件工程师,深圳,深圳欣界能源科技股份有限公司,本科,3-5年,BMS硬件,2-4万,【岗位职责】1、硬件电路设计：负责BMS硬件电路的设计与开发，包括电池采样电路、均衡电路、保护电路、通信接口电路等。2、元器件选型与评估：根据系统需求，进行关键元器件（如AFE、MCU、MOSFET、ADC等）的选型与评估，确保硬件的可靠性与性能。3、PCB设计与布局：负责BMS硬件PCB的设计与布局，确保电路板的EMC/EMI性能、热管理及可靠性。4、硬件调试与测试：进行硬件电路的调试与测试，解...,新能源,http://jobs.zhaopin.com/CCL1478923000J40773111411.htm,300-499人,2025-12-23 17:23:04
高级机械工程师,深圳,瓦力(青岛)体育器材有限公司,本科,5-10年,"研发,设计,质量管理,制图设计,结构设计,工艺设计",2-4万,主要职责1. 从概念评审、质量控制（QC）检测、保修报告等渠道中发掘产品潜在的改进空间，提出改进方案。2. 确保产品改进方案及新产品符合甚至超越相关安全标准。3. 对新产品设计概念进行有限元分析（FEA）。4. 安排产品原型制作，以测试并验证设计方案及工程理念的可行性。 5. 与工业设计团队紧密合作，将新产品的最终设计转化为包含详细技术要求的生产图纸。6. 编制原材料及成品的质量保证（QA）文档，...,体育,http://jobs.zhaopin.com/CC580682520J40830211410.htm,20-99人,2025-12-26 08:10:06
硬件工程师,深圳,江苏鲸充新能源技术有限公司,本科,5-10年,技术支持,3-4万,1、参与市场或客户需求评审。2、负责和配合硬件电路原理图、PCB详细设计工作:3、负责和配合关键元器件选型磁性元件详细设计，输出电源整机bom;4、电源单板与整机功能性能、EMC调测、调试及技术问题分析与解决，输出测试报告;5、处理客户端应用技术问题。任职要求1.本科及以上学历，电力电子与电力传动、电气工程、控制工程及相关专业;2.具有扎实的电力电子器件与拓扑的理论基础，熟练掌握电力电子仿真技术，...,计算机软件,http://jobs.zhaopin.com/CC850425000J40821891509.htm,100-299人,2025-12-23 15:59:55
结构工程师,深圳,深圳欣界能源科技股份有限公司,本科,3-5年,"AutoCAD,SolidWorks,Pro/E",2-4万,【岗位职责】：1、负责电芯的结构设计、优化及验证。2、主导电芯内部组件的机械设计（如隔膜、壳体、安全阀等），确保结构安全性与可靠性。3、进行3D建模、仿真分析和公差设计，评估结构强度、热管理及振动性能。4、主导设计评审与失效分析，识别潜在风险并提出解决方案。5、支持试产及量产过程，解决生产中的结构问题（如装配不良、漏液、膨胀等），推动设计优化。6、撰写技术文档（设计规范、BOM、测试报告等），建立...,新能源,http://jobs.zhaopin.com/CCL1478923000J40773177911.htm,300-499人,2025-12-23 17:22:25
高级工业设计师,深圳,瓦力(青岛)体育器材有限公司,本科,5-10年,"结构设计,工艺设计,可靠性设计,CAD,illustrator,INDESIGN",2-4万,关于Vuly 我们创造优质的游戏体验，让家庭走出家门，激发想象力。我们的产品很大，经过精心设计，通常在家里组装。明确的说明对我们来说并不“好”，它们是任务的关键。如果你热爱工业设计的工艺，非常关注清晰度，并喜欢看到产品在现实生活中如何组装，你会在这里感到宾至如归。 机会 我们正在寻找一名高级工业设计师， 你将掌控我们如何向客户解释我们的产品，从最初的爆炸视图到最后的步骤。你将带领一个由工业设计师和...,体育,http://jobs.zhaopin.com/CC580682520J40829893810.htm,20-99人,2025-12-24 15:04:27
硬件工程师（深圳）,深圳,歌尔股份,硕士,3-5年,"设计,PCB设计,电机驱动控制,EMC设计",2-4万·16薪,1.负责电机驱动控制器的硬件电路设计，包括原理图设计、PCB布局布线、调试以及各阶段技术文档审核归档； 2.协助生产部门对产品进行转量产的相关工作；3.完善部门硬件平台建设；4.协助售后服务人员协调客户关系，解决现场技术问题任职资格： 1.电子信息、通信或其他相关专业的硕士以上学历，能阅读相关的英文资料。 2.接受过电磁兼容、电子可靠性，ISO标准等方面的培训，精通Cadence、allegro、...,电子/半导体/集成电路,http://jobs.zhaopin.com/CC132726540J40742507906.htm,10000人以上,2025-12-22 17:30:55
BMS硬件工程师,深圳,深圳欣界能源科技股份有限公司,本科,3-5年,"硬件测试,设计,PCB设计,锂电池,动力电池,储能,固态电池,硬件开发",2-4万,【岗位职责】1、硬件电路设计：负责BMS硬件电路的设计与开发，包括电池采样电路、均衡电路、保护电路、通信接口电路等。2、元器件选型与评估：根据系统需求，进行关键元器件（如AFE、MCU、MOSFET、ADC等）的选型与评估，确保硬件的可靠性与性能。3、PCB设计与布局：负责BMS硬件PCB的设计与布局，确保电路板的EMC/EMI性能、热管理及可靠性。4、硬件调试与测试：进行硬件电路的调试与测试，解...,新能源,http://jobs.zhaopin.com/CCL1478923000J40772506011.htm,300-499人,2025-12-23 17:21:28
工业设计总监,深圳,瓦力(青岛)体育器材有限公司,本科,10年以上,"结构设计,工艺设计,可靠性设计,SolidWorks,Autodesk,FUSION 360",2-4万,Vuly是一家澳大利亚独资的户外游戏公司，为每个人提供有趣、安全和健康的游戏。凭借我们创造性和创新性的产品系列，Vuly在户外游戏行业中独树一帜。这个职位提供了加入一个致力于将儿童产品变为现实的创意和动手团队的机会。加入我们，做出改变吧！Vuly正在寻找一位专注的工业设计师总监，在这个职位上，你将直接向首席产品官汇报，设计并推出创新的新产品系列。成功的候选人必须有动力，并有能力有效领导一个组成大型...,体育,http://jobs.zhaopin.com/CC580682520J40829892510.htm,20-99人,2025-12-24 15:02:19
电子结构总监,深圳,厦门热气科技有限公司,本科,5-10年,"非标设备,自动化设备,工装设备,装配工艺,注塑工艺,焊接工艺",3.5-4万·13薪,职位摘要：作为电子结构总监，您将是公司产品物理形态与内在可靠性的最终定义者。您将负责构建公司结构技术的核心竞争力和技术平台，领导团队进行前沿工艺研究，并确保我们的产品在用户体验、可靠性和成本上达到业界顶尖水平。 核心职责：1. 技术战略与平台建设： 制定公司结构技术发展路线图，主导新材料、新工艺（如微注塑、双色注塑、新材料应用）的调研、预研和导入。2. 团队管理与赋能： 全面负责结构研发团队的建设...,贸易/进出口,http://jobs.zhaopin.com/CCL1349408290J40772032016.htm,20-99人,2025-12-22 10:50:07
工业4.0硬件开发工程师,深圳,江苏赛弘通能源科技有限公司,本科,经验不限,,2-4万,工作内容：设计工业控制器/IO模块硬件；选型MCU、FPGA、接口芯片；完成原理图、PCB、EMC测试；输出硬件文档与CE资料。任职要求：本科及以上，电子/电气；熟悉Altium、EMC、IEC 61000；有工业硬件开发经验优先；英文可读写；愿长期在欧洲工作生活。,电子商务,http://jobs.zhaopin.com/CCL1504692960J40974638004.htm,1000-9999人,2025-12-18 10:07:35
音箱结构负责人（高端）,深圳,美律电子(深圳)有限公司,本科,5-10年,"现场调音,音响,JBL",2.5-4万·13薪,岗位职责（一）技术研发与创新管理主导音箱产品技术规划与路线图制定，结合 ODM 客户核心诉求，聚焦声学性能优化、功放电路设计、信号处理算法开发等核心领域，攻克低失真、高保真、降噪等关键技术难题，满足不同客户的差异化技术指标。负责产品从概念设计到量产落地的全流程技术把控，包括声学系统架构设计、腔体仿真、电声器件（扬声器、麦克风）选型与认证，确保产品符合行业标准、客户质量要求及 ODM 量产适配性。跟...,电子/半导体/集成电路,http://jobs.zhaopin.com/CC149453810J40850226713.htm,1000-9999人,2025-12-17 11:37:18
机械设计工程师,深圳,深圳市新凯来技术有限公司,学历不限,经验不限,,2-4万·15薪,1、机械工程、力学、光学工程、控制工程、车辆工程、化工、自动化、仪器仪表、材料科学、机械电子工程、化工机械、机械设计及其自动化、包装工程等相关专业；2、熟悉各种机械结构系统设计方案，熟悉常用的机械结构件加工工艺，能正确绘制零件图纸；3、熟悉常用2D/3D绘图软件及CAE仿真软件，熟悉有限元仿真及相关数值仿真算法，了解流体/固体/热/电磁等领域连续介质控制方程推导及数值离散方法，具备一定的结构设计、...,电子/半导体/集成电路,http://jobs.zhaopin.com/CCL1362239030J40910734915.htm,1000-9999人,2025-12-17 09:12:46
硬件设计负责人/系统工程师,深圳,伊顿(中国)投资有限公司(EATON),本科,5-10年,"电源设计,逆变器,开关电源,电源系统,变流器",面议,"What you’ll do:o The system engineer is to drive CPS technology platform strategy, lead UPS projects design and development, set up clear system concept and technical guideline in project, control and...",电气机械/电力设备,http://jobs.zhaopin.com/CC120545030J40814365601.htm,10000人以上,2025-12-15 14:06:04
结构工程师,深圳,欧菲光,本科,5-10年,"精密设备,电气设备",2-4万,岗位职责：1、负责扫地机/直播相机/智能门锁等新产品的结构方案设计，依据产品规划完成结构布局、堆叠设计及技术可行性评估。2、独立完成产品详细结构设计，包括3D建模、出图、手板制作跟进及调试优化，确保结构可靠性、可制造性与成本控制。3、主导模具开发全过程，跟踪模具进度、T0试模及改模优化，完成相关结构物料签样与生产导入。4、支持新产品试产与量产过程，分析并解决结构相关异常问题，确保产品顺利批量交付。...,电子/半导体/集成电路,http://jobs.zhaopin.com/CC860599590J40799301907.htm,10000人以上,2025-12-12 11:01:41
硬件开发（汽车业务 周末双休 待遇可谈 ）,深圳,中软国际,本科,5-10年,"设计,原理图,控制器,电路设计,汽车电子",面议,【硬件开发岗位JD】岗位职责：1、负责智能驾驶/装备硬件平台产品的硬件全流程开发。2、负责产品可行性分析、需求分析、方案设计、原理图设计、WCCA/降额分析、DFMEA分析、PCB审查、单板测试、生产导入等工作。3、负责保障软件/结构等其他关联技术栈顺利开发所必要技术支持。4、熟练使用cadence工具进行原理图和PCB设计。5、熟悉国内/外常用智驾平台(英伟达/高通等)方案的优先考虑。6、熟悉车...,计算机软件,http://jobs.zhaopin.com/CC508620120J40858768412.htm,10000人以上,2025-12-11 20:54:07
硬件设计工程师（消费电子）,深圳,深圳市时代速信科技有限公司,本科,5-10年,"设计,技术支持",2-4万,岗位职责：1. 负责消费电子产品的硬件全流程设计：包含器件选型、原理图设计、PCB Layout、BOM输出及打样调试；2. 主导产品EMC/安规/相关电气标准的测试与认证，确保100%通过率；3. 协同软件、结构工程师完成产品联调，解决开发/生产中的硬件问题；4. 开发、优化现有产品硬件方案，降低BOM成本；5. 编写硬件设计文档、测试报告等，输出标准不低于行业TOP3水平；6. 参与产品技术调...,电子/半导体/集成电路,http://jobs.zhaopin.com/CCL1262898740J40876457702.htm,100-299人,2025-12-11 16:56:34
硬件工程师,深圳,欧菲光,本科,5-10年,"设计,硬件测试,PCB设计,EMC设计",2-4万,岗位职责：1、参与硬件产品的需求分析与方案设计，制定开发计划；2、负责PCBA设计，包括元器件选型、原理图设计、Layout设计等；有独立PCB layout能力；3、完成硬件电路的调试与测试，确保产品性能与可靠性；4、参与EMC、可靠性测试，确保产品符合行业标准；5、协助硬件研发总监进行技术规划与平台搭建；6、与软件团队协作，实现软硬件的高度集成与优化；7、参与创新型产品的硬件概念验证与原型开发...,电子/半导体/集成电路,http://jobs.zhaopin.com/CC860599590J40800089407.htm,10000人以上,2025-12-12 11:01:10
初/中/高级硬件工程师（光/储逆变器）,深圳,深圳市紫光照明技术股份有限公司,本科,5-10年,逆变器,2-4万,"工作职责:1、参与120kw光伏逆变器的硬件电路设计;2、负责光伏逆变器硬件的制作和调试;3、负责追踪生产中，现场出现的硬件问题，优化硬件设计，弥补硬件缺陷。任职资格:1、电气自动化、电力电子技术、电气工程等相关专业本科以上学历;优秀者可以放宽到专科；2、了解电力电子功率变化拓扑的工作原理，了解BOOST，BUCK,FLYBACK,全桥等拓扑的调试;3、了解电路设计、电力电子器件应用，能利用模拟和...",电子/半导体/集成电路,http://jobs.zhaopin.com/CC215456710J40780361116.htm,1000-9999人,2025-12-11 16:18:33
高级硬件开发工程师,深圳,厦门雅迅智联科技股份有限公司,本科,5-10年,"BCM,车身控制器",2.5-4万,工作内容1 进行车身域控制器的硬件需求分析，系统设计以及硬件详细设计工作 DFMEA等PPAP资料。2 制定产品硬件验证调试计划，并按照计划进行硬件单元测试。3 负责相关产品的DV测试，EMC测试失效项目整改工作。4 协助产品经理，系统工程师完成SOR阶段硬件板块的技术交流5 进行相关产品的经验教训积累，并部门内展开分享讨论学习。专业技能1 具备汽车电子硬件5年以上开发经验，至少3年以上车身控制器...,物联网,http://jobs.zhaopin.com/CC138128960J40780345116.htm,1000-9999人,2025-12-11 15:49:01
资深机械工程师,深圳,深圳市永顺创能技术有限公司,大专,3-5年,研发设计,2-4万,"岗位职责：1、开发与设计整机。2、绘制产品装配图及零部件图，设计气路图。3、常用机构、传动设计原理,关键零部件选型、计算、分析。4、设备物料清单整理（包含机加件清单、钣金件清单、外购件清单、设备出货清单、耗材清单、备品清单）。5、对图纸、说明书、产品样本进行分类管理，测绘备件、修改图纸并确认。任职要求：1. 熟练使用solidworks ，CAD绘图软件；2. 机电一体化或者自动化专业大专以上学历...",仪器仪表制造,http://jobs.zhaopin.com/CC343968430J40733936816.htm,20-99人,2025-12-11 15:45:04
高级机械工程师-主机设计,深圳,大族数控,本科,3-5年,"研发,设计,结构设计,精密设备,机床设备,热仿真",2-4万,工作职责：1、负责新产品研发，主导及确定加工工艺路线，进行方案预研，细化各项设计指标，撰写预研报告，组织评审，开展机械设计；2、对已有产品进行技术拆解、改良及创新升级、做可行性分析验证测试；3、围绕行业痛点进行深度研究、负责攻坚机械技术难关，解决关键技术问题；4、对设计的结构进行相关的热效应、应力有限元分析和稳定性分析，根据结果优化结构设计，撰写分析报告；5、机械图纸出图，BOM制定以及相关分析、...,电气机械/电力设备,http://jobs.zhaopin.com/CC334402310J40683590402.htm,1000-9999人,2025-12-11 00:44:02
硬件开发工程师,深圳,阜时科技有限公司,本科,5-10年,"PCB设计,Layout设计,电路设计",2.8-4万·14薪,1、负责PCB Layout设计和电路原理图设计；2、协同结构等专业进行硬件堆叠设计和PCB布局规划；3、参与硬件电路设计、器件选型、BOM制定，装配、调试，性能验证等工作，并参与相关评审。岗位要求：1、本科及以上学历，物理/电子/通信/半导体/计算机等相关专业；2、8年以上PCB Layout经验，有高速、多层 PCB layout设计经验，有手机/平板/单片机/安防等智能硬件layout经验；...,电子/半导体/集成电路,http://jobs.zhaopin.com/CC864217180J40818012009.htm,100-299人,2025-12-09 18:32:09
高级机械工程师（深圳）,深圳,安图生物,本科,经验不限,"研发,非标设备",2-4万,岗位职责:1、负责研发产品的机械结构、传动等开发工作；2、负责研发产品的测试验证；3、负责研发产品的物料打样跟进；4、负责研发产品技术资料的编写及归档；5、参与机械技术平台的建设和总结； 任职要求:1、本科及以上；机电一体化、机械设计制造及其自动化、机械设计、精密仪器等相关专业；2、两年及以上工作经验；3、具备机械结构或传动设计工作经验，能独立完成产品方案设计与详细设计；4、具备机械结构设计、机械...,医药制造,http://jobs.zhaopin.com/CC224773320J40672110805.htm,1000-9999人,2025-12-08 16:38:01
机械结构/博士,深圳,深圳市立可自动化设备有限公司,博士,经验不限,"非标设备,自动化设备",2-4万,岗位职责：1. 承担机械结构创新设计类科研项目，开展高精度、高可靠性机械系统的理论与应用研究；2. 参与产学研合作项目，推动技术成果转化，及学术交流；3. 指导团队或研究生开展实验、仿真及数据处理；任职要求：1.博士学历，机械工程等相关专业；2.具备扎实机械结构设计理论基础，有高端装备机械结构研发经验；3.熟练掌握有限元及三维建模软件；在核心期刊发表过高水平论文或拥有发明专利优先。,仪器仪表制造,http://jobs.zhaopin.com/CC575715220J40861703103.htm,100-299人,2025-12-06 16:24:55
高级机械工程师,深圳,中山市誉辰智能科技有限公司,本科,3-5年,"研发,非标设备",2-4万,任职要求： 1、本科及以上学历，机电一体化专业。 2、有3-5年以上工作经验，有锂电池设备工作经验，从事过注液机的设计与研发优先。 3、能熟练使用办公软件和专业绘图软件，熟悉零件的受力分析，能用英语和国外工程师交流，英语等级CET4/6级。 岗位职责： 项目设计工作的统筹，协助项目经理完成整个项目，能带领中级以及初级工程师完成项目工作。,通用设备制造,http://jobs.zhaopin.com/CCL1399403910J40639646411.htm,500-999人,2025-12-05 16:03:35
机械研发工程师,深圳,深圳市新凯来技术有限公司,本科,经验不限,"制图设计,SolidWorks,Pro/E,CREO,研发,设计,安装/调试,结构设计,外观设计",2-4万,岗位职责1、从事半导体设备精密机械平台及相关部件的设计与开发工作，负责机械总体方案、机械结构设计、加工工艺、仿真分析（包含力学、热、电气、人机工程等）、运动学/动力学求解、减振设计、公差分析等；2、负责精密机械零件加工工艺和质量控制，设备机械部件的精密装配与测试测量，配合各模块研发人员完成产品总装与调试等；3、高精密重型设备隔震设计，包装运输可靠性测试方案设计与验证，包装材料洁净工艺设计；4、探索...,电子/半导体/集成电路,http://jobs.zhaopin.com/CCL1362239030J40908199215.htm,1000-9999人,2025-12-05 10:29:25
硬件工程师,深圳,深圳市昂科技术有限公司,本科,3-5年,,2.5-4万·13薪,岗位职责：1.负责我司设备模块运动控制器产品平台的硬件开发计、原理图设计和PCB设计2.负责对嵌入式平台进行测试、老化和EMC优化3.配合嵌入式软件工程师进行硬件驱动程序的调试任职要求：1.本科及以上学历本科及以上学历业业；2.具有扎实的电路理论基础具有扎实的电路理论基础电路仿真能力电路仿真能力，会设计数模混合电路会设计数模混合电路3.熟悉嵌入式系统硬件熟悉嵌入式系统硬件设计设计；4.良好的动手能...,电子/半导体/集成电路,http://jobs.zhaopin.com/CCL1281612450J40855804112.htm,100-299人,2025-12-03 17:53:08
高级ID设计师(A252111),深圳,深圳市塞防科技有限公司,本科,5-10年,,2-4万·15薪,职位描述：1.熟悉行业趋势洞察，竞品分析，用户研究等方法，根据反无场景设计出方案。2.具备优秀的创新思维与审美标准，对产品用户体验有独到见解。能将设计和技术有效结合落地。3.熟悉产品材料及表面处理工艺，独立完成方案跟进量产。协助有关部门配合完成设计工作。4.具备较强的手绘能力，灵活的设计技巧，提炼具体且深入的创意观点，赋予产品附加值。5.优秀的跨团队协同能力，参与全流程产品设计，能独立深入思考问题...,智能硬件,http://jobs.zhaopin.com/CCL1474860650J40788989512.htm,100-299人,2025-12-03 11:15:09
机械工程师（深圳）,深圳,海目星激光科技集团股份有限公司,本科,3-5年,"非标设备,卷绕,SolidWorks,3C",2-4万,任职资格：1. 统招本科及以上，4年以上非标自动化设备设计经验，有主导整机项目经验；2. 3C、半导体、锂电都可，有锂电行业经验者优先 ，有海外项目经验优先；3. 熟悉使用SW等各种机械绘图办公软件；4. 对机械设计常用的标准件熟悉（电机，气缸，导轨，丝杆，传感器等）；5. 熟悉机械工程师的日常工程流程以及作业规范；6. 熟悉怡合达、米思米等常用标准件选型及相关技术规范；7. 对PLM下单程序有一...,工业自动化,http://jobs.zhaopin.com/CC298574210J40791591614.htm,1000-9999人,2025-12-03 09:47:30
高级硬件工程师（传感器方向）,深圳,坎德拉(深圳)新能源科技有限公司,本科,5-10年,"传感器,电涡流传感器",2-4万,岗位职责：1.负责电涡流传感器、震动传感器等高精度采样产品的信号处理电路设计、参数计算及仿真；2.负责电子电路元器件的分析、选型及损耗计算；3.负责产品开发过程中的电路调测、问题解决及验证；4.撰写产品详细设计方案和技术文档，传感器的参数性能指标制定；5.根据设计方案，设计详细的原理图及指导PCBLayout工程师进行PCB设计；6.负责相关技术文档输出、归档及产品量产后的技术及质量问题的解决；7...,新能源,http://jobs.zhaopin.com/CCL1445372500J40855213412.htm,100-299人,2025-12-02 15:52:07
非标机械设计总监,深圳,济南易恒技术有限公司,本科,5-10年,"研发,设计,结构设计,非标设备,自动化设备,装配工艺,SolidWorks,汽车制造装备",3-4万,岗位概述：作为公司机械设计领域的最高技术及管理负责人，本岗位将全面指导公司的机械设计团队。核心职责是制定并实施机械技术发展战略，提升团队整体设计与创新能力，优化设计流程与规范，确保所有非标自动化项目在技术先进性、设计质量、交付效率及成本控制方面达到行业领先水平。您是公司技术实力的象征，也是团队成长的催化剂。 岗位职责： 一、技术战略与规划 负责公司非标自动化装备的机械技术路线规划与前瞻性技术研究，...,工业自动化,http://jobs.zhaopin.com/CC120759330J40807816007.htm,100-299人,2025-12-02 10:25:11
机械工程专业工程师,深圳,深圳先进光源研究院,硕士,经验不限,"精密设备,非标设备,设计",2.1-4万,岗位职责:1. 参与机械系统的工程设计、设备调试与安装、系统集成与测试等工作；2. 参与机械系统的运行与维护工作；3. 编写工程设计报告、设计工程图纸、整理技术资料。 任职要求:1. 硕士及以上学历；2. 熟练掌握专业领域内相关知识、前沿技术与工具使用；3. 良好的学习能力、沟通能力、抗压能力，有相关专业工作经验者尤佳。,学术/科研,http://jobs.zhaopin.com/CCL1257318640J40570293506.htm,300-499人,2025-12-01 10:18:42
硬件工程师/电子工程师,深圳,深圳市慧明捷科技有限公司,本科,5-10年,"设计,PCB设计",2-4万,工作职责：1、主导整个产品的开发，串联结构、软件和生产，推进产品开发；2、产品硬件设计，包括设计文档的编写，原理图设计，PCB板layout，样机制作；3、产品调试，与软件、结构、项目工程师配合进行调试工作；4、进行产品的硬件测试和验证；5、完成部门安排的其他任务。任职要求：1、电子、机电相关专业，大专以上学历，5年以上电路设计工作经验；2、熟悉PCB设计流程和规范，有独立设计PCB的经验，能够制...,通信/网络设备,http://jobs.zhaopin.com/CC229766410J40511607606.htm,100-299人,2025-11-25 12:59:23
高级机械工程师（A103820）,深圳,北京识渊科技有限公司,硕士,5-10年,"研发,设计,精密设备,机床设备,自动化设备,贴片机,SMT",2-4万·13薪,核心职责：1.核心子系统设计与研发：负责贴片机核心机械模块的架构设计与详细设计，包括但不限于：高动态龙门式运动平台、线性电机驱动系统、高精度滚珠丝杠/直线导轨系统、压电陶瓷致动器应用、真空吸附与喷嘴系统。主导从概念设计、工程分析、详细图纸到原型制造的全流程。深度参与机器视觉系统（飞行对中、元件识别） 的机械集成与光学路径设计，确保成像精度与稳定性。2.前沿技术与预研：探索和研究应用于下一代贴片机的...,计算机硬件,http://jobs.zhaopin.com/CCL1389542460J40725348306.htm,20-99人,2025-11-25 00:00:08
高级结构工程师,深圳,北京思灵机器人科技有限责任公司,本科,5-10年,"自动化设备,研发,非标设备,装配设备,SolidWorks,AutoCAD",3-4万·13薪,岗位职责：1. 方案设计与输出：基于消费电子行业非标自动化设备需求（如 3C 产品组装机、检测机、包装自动化线等），参与前期需求分析与技术方案研讨，独立完成设备核心机构的 3D 建模、2D 工程图设计，输出符合行业标准（如 ISO、GB）的设计图纸与 BOM 清单； 2. 仿真验证与优化：对设计的机构进行运动仿真、强度校核与干涉分析，识别结构风险，并结合生产工艺、成本控制要求优化设计方案，确保机构...,人工智能,http://jobs.zhaopin.com/CC822193520J40808679701.htm,1000-9999人,2025-11-24 16:28:12
结构/高工/结构经理（电子烟双休）,深圳,深圳美众联科技有限公司,大专,3-5年,电子烟,2-4万,"结构工程师：25K以内高工：35K以内结构经理：40K内工作职责1. 协同ID伙伴，做出优秀的产品结构设计方案；2. 新产品可行性分析, 结构方案拟定及设计评审；3. 电子烟产品具体结构设计、打样、评估测试及文档编写, 归档工作；4. 协助项目负责人完成项目的开展及进度，并及时解决和汇报项目进行中的各种问题；5. 协助工程人员分析解决项目量产中出现的各类问题；任职要求1. 本科以上学历，机械设计类...",电子/半导体/集成电路,http://jobs.zhaopin.com/CCL1250963430J40858295403.htm,1000-9999人,2025-11-23 10:22:44
硬件工程师,深圳,深圳市德明利技术股份有限公司,本科,3-5年,,2-4万·14薪,岗位职责：1、负责调测板/EVB板/固态存储ESSD类产品/企业内存模组等硬件模块的开发需求承接； 2、负责相关产品硬件方案评估与设计，完成关键器件选型等工作； 3、负责硬件原理图设计，协同工程领域进行结构、PCB布局、SI等评估，并对工程设计质量负责； 4、负责跟踪单板生产加工、回板调试、测试Bug解决，以及疑难技术问题的攻关工作；5、跟踪硬件产品批量导入等端到端相关工作，主导研发、生产、现网硬...,电子/半导体/集成电路,http://jobs.zhaopin.com/CC375244410J40851839012.htm,500-999人,2025-11-21 15:07:19
机械工程师,深圳,北京思灵机器人科技有限责任公司,本科,5-10年,"自动化设备,研发,非标设备,装配设备,SolidWorks,AutoCAD",3-4万·13薪,岗位职责：1. 方案设计与输出：基于消费电子行业非标自动化设备需求（如 3C 产品组装机、检测机、包装自动化线等），参与前期需求分析与技术方案研讨，独立完成设备核心机构的 3D 建模、2D 工程图设计，输出符合行业标准（如 ISO、GB）的设计图纸与 BOM 清单； 2. 仿真验证与优化：对设计的机构进行运动仿真、强度校核与干涉分析，识别结构风险，并结合生产工艺、成本控制要求优化设计方案，确保机构...,人工智能,http://jobs.zhaopin.com/CC822193520J40808678701.htm,1000-9999人,2025-11-24 16:27:45
车载高级硬件工程师,深圳,厦门雅迅智联科技股份有限公司,本科,5-10年,"设计,EMC设计",2.5-4万,1、负责 SOR 硬件需求分析，制定研发技术实施方案，技术标准转化、编制及完善，相关问题分析文档编写；2、负责硬件方案设计、原理图绘制、产品硬件功能调试，按照研制进度，完成各项技术资料评审、归档工作；3、负责整机设备联调，与软件研发工程师进行系统调试及整体性能测试，稳定性测试等；4、负责新器件选型评估、测试、审核导入；5、编写设计开发文档资料的整理和记录、归档；6、负责车载产品硬件功能实现、硬件性...,物联网,http://jobs.zhaopin.com/CC138128960J40775358416.htm,1000-9999人,2025-11-21 14:30:17
空调结构工程师,深圳,湖南潇湘人力资源服务有限公司,本科,3-5年,空调设计,2-4万,岗位职责：负责空调产品的结构设计和优化，包括绘制详细的设计图纸，设计产品的外观、内部组件布局以及连接方式等，确保产品结构的稳定性和合理性。进行空调产品结构的仿真分析，运用专业软件对设计进行力学性能、热力学性能等多方面的模拟测试，预测并解决潜在的设计问题。参与空调产品从概念设计到批量生产的全过程，与跨部门团队紧密合作，包括与工业设计师沟通确保设计可行性，与电子工程师协作实现产品功能，与生产工程师协调...,人力资源服务,http://jobs.zhaopin.com/CC419440410J40774588316.htm,300-499人,2025-11-18 16:42:36
中/高级硬件工程师,深圳,美世乐(广东)新能源科技有限公司深圳分公司,本科,5-10年,"逆变器,UPS,变频器",2.2-4万·14薪,岗位职责：1.负责光伏逆变器或储能逆变器或UPS产品开发2.负责产品硬件系统设计，编写设计方案书、可行性报告、产品规格书等，制定项目计划3.负责产品原理图的设计、4.负责产品器件的选型及设计5.负责制定产品调试、测试标准，完成产品调试、测试，编写产品调试、测试报告6.负责产品问题的解决及问题列表的编写7.负责完成产品样机的制作，BOM录入系统8.负责产品BOM、器件规格书、器件承认书等受控完成，编...,新能源,http://jobs.zhaopin.com/CCL1380746830J40587234010.htm,1000-9999人,2025-11-18 14:10:25
光机结构设计,深圳,济宁市正海商贸有限公司,本科,经验不限,"SolidWorks,CAD",2.5-4万·14薪,职责描述：1、完成精密仪器设备中光学系统的机械结构设计、精密机械部件设计；2、联系外协加工商，并控制加工到货产品质量；3、进行光机结构及设备整体结构设计、装调、完善；4、整理编写研发文档。,零售/批发,http://jobs.zhaopin.com/CCL1225848840J40900889808.htm,,2025-11-17 17:11:04
结构仿真工程师,深圳,北京泽声科技有限公司,本科,经验不限,"结构仿真,力学仿真",2-4万,岗位职责：1. 针对公司应变传感器芯片及客户应用结构建立参数化仿真模型。2. 运用有限元分析软件进行静力、冲击、疲劳及非线性（如大变形）等仿真计算。3. 参与或主导仿真结果的实验验证，通过对比测试数据，校准和修正仿真模型，提升仿真精度。4. 对传感器在不同条件下的应用结构进行优化。5. 与设计工程师紧密合作，为传感器芯片的设计（硅片形状、应变区布局、力传导结构）提供仿真数据支持和改进建议。6. 负...,电子/半导体/集成电路,http://jobs.zhaopin.com/CC602652730J40850047412.htm,20-99人,2025-11-17 09:47:58
高级硬件工程师,深圳,上能电气,本科,5-10年,,2.5-4万·14薪,岗位职责：1、负责新能源领域（光伏、储能等）电力电子产品的原理图设计、电路仿真、器件选型与设计等； 2、负责设计验证测试，测试问题解决，样机调试；3、相关技术文档输出；4、转产技术支持。任职要求：1、本科及以上学历（硕士优先），电气相关专业；2、5-10年以上逆变器/变频器/UPS等开关电源产品硬件开发工作经历。3、具备良好的沟通能力和团队合作精神，能够承受一定的压力；4、工作严谨负责，动手能力强...,新能源,http://jobs.zhaopin.com/CC498726820J40733172206.htm,1000-9999人,2025-11-13 09:37:27
信实深圳翻译公司|工业设计师（个护行业）,深圳,广州信实翻译服务有限公司,本科,3-5年,"工艺设计,色彩材质设计,CAD,Rhino,3D MAX",2-4万,3c口腔类目_生活消费智能硬件产品职位描述：1、能够独立负责或与设计团队一起负责口腔产品的工业设计(例如电动刷，冲牙器等)；2、收集和分析相关产品市场风格，趋势，得出有指导意义的设计策略完成产品商业化闭环；3、完成产品端到端的产出（从设计概念到产品落地）全流程把控。职位要求：1.本科及以上学历，艺术与设计专业优先；2.有海外留学或海外工作经验；（英、美、加、德、意、日等国优先考虑）3.智能硬件或时...,翻译服务,http://jobs.zhaopin.com/CC646557020J40841479213.htm,20-99人,2025-11-12 18:11:47
液路工程师,深圳,深圳市新凯来技术有限公司,本科,3-5年,"研发,设计",2-4万·15薪,1. 负责小空间约束下复杂管路的供液管路系统设计：包含管路布局、部件选型、核心组件的设计。 2. 负责根据工艺需求设计开发非标高洁净、高流量控制精度要求的供液系统方案；3. 负责管路流体性能的的优化与测试：包含流量、压力稳定性、污染物及密封性测试验证；制定测试标准技术文档，测试方案，分析数据并进行改进。4. 负责评估流体部件的性能指标，设计，选型及验证任职要求：1. 本科及以上；流体、机械、暖通、...,电子/半导体/集成电路,http://jobs.zhaopin.com/CCL1362239030J40902609515.htm,1000-9999人,2025-11-12 11:03:13
硬件研发工程师,深圳,歌尔股份,本科,5-10年,,2-4万,岗位职责：1.硬件电路设计、EE衍生设计及测试方案制定及完成测试任务2.Lead团队完成SMT/组装/REL等不良分析并制作相关报告、解决技术问题，主导跟客户daily会议，汇报沟通问题分析进展。3.Lead团队解决分析项目过程中遇到的重大问题，主导任务完成及资源协调分配。4.对接美国和国内EE客户，解读客户需求，带领团队完成客户安排的各种任务。5.编制项目所需硬件设计相关文件；6.新技术的预研。...,电子/半导体/集成电路,http://jobs.zhaopin.com/CC132726540J40732446706.htm,10000人以上,2025-11-11 10:15:47
海外机械工程师/产品经理（英语好） (MJ001271),深圳,海目星激光科技集团股份有限公司,本科,5-10年,"非标设备,自动化设备,SolidWorks,设计,研发,工艺设计",2-4万,1. 本科以上学历，工科背景，8年以上非标设计工作经验；2.具备模组Pack段设备5年及以上设计开发经验，精通电池模组Pack制造和设备工艺；3.具备从系统性及整合型的角度出发深入挖掘和理解客户的需求；4.主导验证产品设计的可行性，并统筹解决交付现场的技术问题；5.具备系统性综合评估各项关键技术的投入与平衡的能力；6.具备良好的人际沟通能力，团队沟通能力及跨部门交流协作能力；7. 对工作认真、负责...,工业自动化,http://jobs.zhaopin.com/CC298574210J40819719014.htm,1000-9999人,2025-11-10 10:42:46
高级硬件工程师,深圳,深圳市麦驰智慧技术有限公司,本科,5-10年,"硬件工程师,瑞芯微",3-4万,"1.电子类相关专业，本科及以上学历，5年以上硬件设计开发经验；2. 有过独立主导完整五个以上硬件项目开发的经历 ；3. 熟悉Linux, Android系统的主控芯片的运用设计；4. 对音视频信号处理有比较深入的理解与掌握；5. 较强的团队沟通能力、责任心、上进心、良好的学习能力，能够在较大压力下很好地完成工作，具备较为开放的思维；6. 有以下任一工作经验者优先：a. 大型复杂SOC/FPGA硬件...",电子/半导体/集成电路,http://jobs.zhaopin.com/CC354352310J40626684816.htm,100-299人,2025-11-08 11:55:12
硬件工程师（充电桩）,深圳,石斯(上海)贸易有限公司,本科,5-10年,"设计,充电桩",2-4万,岗位职责： 1. 负责交流充电桩硬件的设计开发，包括原理图，PCB设计、器件选型； 2. 根据设计任务的总体需求，分解成硬件需求，进行硬件电路方案的总体设计 3. 硬件电路的调试、测试、软硬件联调； 4. 编写产品开发文档、实施计划，管理相关文档； 5. 硬件调试，进行软件故障的诊断、定位、分析和调试。 任职要求: 1. 电力电子、自动化等相关专业本科及以上学历； 2. 五年以上的电源产品开发经验...,汽车零部件,http://jobs.zhaopin.com/CCL1381617410J40789024501.htm,20-99人,2025-11-06 00:17:22
硬件工程师 （太阳能控制器逆变器）,深圳,汇能精电,本科,5-10年,离网储能一体机,2.5-4万,岗位职责： 1、太阳能控制逆变一体机类产品硬件设计； 2、负责硬件原理图研究与设计、电路设计、器件选型、制定硬件方案等； 3、 负责项目产品化工作，参与归档、说明编写、版本控制，并对相关设计文档进行编写和维护等工作内容； 4、 参与分析解决生产和应用过程中出现的问题。 任职资格： 1、本科及以上学历，自动化、电力电子或相关专业； 2、本科5年及以上工作经验；研究生3年及以上工作经验； 3、具有电力...,电子/半导体/集成电路,http://jobs.zhaopin.com/CC147203130J40853400903.htm,300-499人,2025-11-05 13:43:19
硬件工程师（高速信号）,深圳,成都倬骋企业管理咨询有限公司,本科,5-10年,"高速信号,PCB设计",2-4万·15薪,1.负责电子产品硬件技术方案评估制定、元器件的选型、风险评估预判。2.主导BOM器件选型、电路原理图及PCB设计、EMC整改和可靠性测试。3.负责电路功能调试及功能性不良分析。4.负责产品生产导入、生产及市场相关技术问题支持。5.负责跟进产品认证相关的硬件测试问题并分析解决。6.设计PCB堆叠结构、主导PCB布局布线、对接PCB生产。任职资格:1.本科及以上学历，电子工程、自动化、机械电子等相关专...,卫生服务,http://jobs.zhaopin.com/CCL1407571470J40837515403.htm,500-999人,2025-11-05 11:16:15
结构高级/资深工程师（英语）,深圳,欣旺达电子,本科,10年以上,3C消费类,2-4万,"工作职责:1、负责电子触控笔及其他产品的架构及详细结构设计、样机制作及验证、产品性能及结构方案的改善；2、负责审核及确认结构设计、模具结构和加工工艺、注塑成型是否符合产品功能需求；3、新产品、新模具开发过程中的工艺确认及验证；4、需解决产品在生产过程中的瓶颈问题,5、完成产品概念设计、结构设计、开模、试产直到大批量生产的整个设计与跟进工作；6、 根据需要进行产品结构的可行性创新与技术改造研究，设计...",电子/半导体/集成电路,http://jobs.zhaopin.com/CC135947830J40677903711.htm,1000-9999人,2025-11-03 13:58:16
零件制程规格制定-高级工程师,深圳,富联裕展科技(深圳)有限公司,本科,5-10年,"3C行业,折叠手机转抽",2-4万·13薪,岗位职责：1. 折叠手机结构/尺寸/功能规格DFM评估与制作；2. 折叠手机结构客户图面尺寸规格拆解；3. 折叠手机结构/尺寸/功能规格的3D和2D图的制定；4. 折叠手机DOE方案执行落地，数据收集与分析总结；5. 折叠手机开发阶段现场跟进与指导6.Rel失效分析与改善方案制定工作经验要求：1.大学本科A以上学历，5年以上手机结构件产品开发经验，熟悉手机产品开发流程2.主导或参与过折叠屏手机的设...,人工智能,http://jobs.zhaopin.com/CCL1393497680J40803579009.htm,10000人以上,2025-10-29 16:39:52
机械工程师（干法涂布）深圳常州均可,深圳,海目星激光科技集团股份有限公司,大专,3-5年,"干法涂布,辊压,研发,AutoCAD,SolidWorks",2-4万,岗位职责：1.设备研发与优化：主导锂电池干法电极高混机的整体设计、三维建模及性能迭代优化，确保设备满足材料分散均匀性、工艺稳定性要求；2.技术攻关：根据材料配方及工艺，配合解决干法电极材料（如活性物质、粘接剂）在高混工艺中的分散难题，优化温控、转速、混合效率等核心参数；3.跨部门协作：与其他跨部门研发团队、供应链团队、售后团队等紧密配合，实时迭代优化设备设计，并深度参与样机制造、安装与调试；4.标...,工业自动化,http://jobs.zhaopin.com/CC298574210J40814705914.htm,1000-9999人,2025-10-25 15:06:16
结构高级工程师（韩语）,深圳,欣旺达电子,本科,3-5年,,2-4万,"工作职责:1、负责电子触控笔及其他产品的架构及详细结构设计、样机制作及验证、产品性能及结构方案的改善；2、负责审核及确认结构设计、模具结构和加工工艺、注塑成型是否符合产品功能需求；3、新产品、新模具开发过程中的工艺确认及验证；4、需解决产品在生产过程中的瓶颈问题,5、完成产品概念设计、结构设计、开模、试产直到大批量生产的整个设计与跟进工作；6、 根据需要进行产品结构的可行性创新与技术改造研究，设计...",电子/半导体/集成电路,http://jobs.zhaopin.com/CC135947830J40732764011.htm,1000-9999人,2025-11-03 13:57:13
组件制程规格制定-高级工程师,深圳,富联裕展科技(深圳)有限公司,本科,5-10年,"3C行业,折叠手机转抽",2-4万·13薪,职位描述岗位职责：1.手机折叠总成产品结构研发：主导手机总成结构评估和设计优化；主导分Bin组装的逻辑设计；主导主制程排布设计与优化；3.手机折叠总成产品规格研发：主导手机折叠总成产品的规格取得、规格验证和MP规格确认；主导规格分析与优化；确认和审核制程图，确保制程图准确与完整；4.手机折叠总成产品组装MIL FACA：主导手机折叠总成产品主要问题分析，设计改善验证计划。工作经验要求：1.行业经验...,人工智能,http://jobs.zhaopin.com/CCL1393497680J40803558309.htm,10000人以上,2025-10-29 16:09:23
机械工程师,深圳,深圳市新凯来技术有限公司,本科,经验不限,"精密设备,CATIA",2-4万·15薪,岗位职责1、光学精密结构开发能力，包括但不限于光学器件夹持设计，光学器件的位置精密调整机构设计，光学面形分析等； 2、对于常用机械加工的特点有深入了解； 3、了解精密光学系统装调及检测方法； 4、具有静力学、动力学、热及流体仿真分析能力； 5、熟练掌握公差配合知识并能够进行尺寸链计算及公差分配； 6、了解常用光机材料及其加工、机械、热、环境等特性； 7、熟练掌握至少一种3D机械设计软件。 任职要求...,电子/半导体/集成电路,http://jobs.zhaopin.com/CCL1362239030J40671540415.htm,1000-9999人,2025-10-23 16:27:30
高级机械结构工程师,深圳,丹阳合十智能科技有限公司,本科,5-10年,自动化设备,2.5-4万·13薪,职位描述1、独立负表新产品机械结构的设计以及传动设计、样机制作、工程文件制作、机械成本评估;2、生产异常分析，解决生产过程中的问题3.改善现有产品的质量和生产效率;4、项目技术评审、整哩技术文献，编写技术文档等职位要求1、本科及以上学历，自动化、机械、工业设计类等相关专业或相关工作经验丰富优秀者可适当放宽要求;2、对机加、钣金有深刻认识，精通相关的制造工艺;熟恶注塑、模具，了解其相关表面处理工艺;...,工业自动化,http://jobs.zhaopin.com/CCL1381570050J40844318202.htm,20-99人,2025-10-23 11:23:37
中高级硬件工程师,深圳,美世乐(广东)新能源科技有限公司深圳分公司,本科,3-5年,"UPS,逆变器",2-4万·13薪,岗位职责：1.负责光伏逆变器或储能逆变器或UPS产品开发2.负责产品硬件系统设计，编写设计方案书、可行性报告、产品规格书等，制定项目计划3.负责产品原理图的设计4.负责产品器件的选型及设计5.负责制定产品调试、测试标准，完成产品调试、测试，编写产品调试、测试报告6.负责产品问题的解决及问题列表的编写7.负责完成产品样机的制作，BOM录入系统8.负责产品BOM、器件规格书、器件承认书等受控完成，编写...,新能源,http://jobs.zhaopin.com/CCL1380746830J40599324510.htm,1000-9999人,2025-10-22 13:45:42
机械设计工程师,深圳,深圳市恒瑞兴自动化设备有限公司,本科,3-5年,"整机设计,非标机械设计,非标设备,SolidWorks,结构设计,制图设计,工艺设计,自动化设备,热处理工艺,压力铸造工艺,钣金工艺,AutoCAD",2-4万,工作地点：深圳龙岗坪地 工作时间：大小周任职条件：1、本科以上学历，3-5年以上工作经验，机械类相关专业毕业；2、熟悉各种机械原理及非标机械的设计、制造方法、创造力强；3、熟练使用二维，三维工具类软件及Office办公软件；4、熟练运用机械原理和公差配合、机械加工工艺、钣金工艺、各种材料性能、气动液压及控制等；5、能进行各类机械设计相关计算，专业知识扎实，具有独立设计开发非标设备整机的能力；6、具...,工业自动化,http://jobs.zhaopin.com/CC430654510J40339956214.htm,20-99人,2025-10-20 00:10:42
机械设计工程师,深圳,深圳市新凯来技术有限公司,本科,无经验,"结构设计,机器人,研发,设计,CATIA",2-4万·15薪,毕业时间：2026年招聘截止时间：2026.06.30岗位职责1、从事精密机械手设计与开发工作，负责机械总体方案、机械结构设计以及2D/3D绘图，负责机械结构分析与运动学、动力学求解、减振设计、公差分析等；2、负责精密机械零部件加工工艺指导和质量控制，负责设备机械部件的精密装配与测试测量，配合各模块产品总装和调试；3、突破超精密加工与装配工艺瓶颈，挑战工程极限，打造超精密运动机械产品；岗位要求1、...,电子/半导体/集成电路,http://jobs.zhaopin.com/CCL1362239030J40890825815.htm,1000-9999人,2025-10-17 00:00:01
伺服硬件工程师（功率/控制）,深圳,英威腾,本科,经验不限,伺服,2-4万·14薪,工作职责1、根据产品开发项目计划，完成硬件方面的开发任务，进行相关领域专利及知识产权设计。2、参与项目的技术评审、测试计划、测试方案评审，解决测试中发现的问题。3、根据研发流程的要求，在产品试生产阶段，配合中试工作，解决中试中发现的问题。4、根据技术战略及规划，开展本领域的新技术、新器件、新标准的研究，完成本领域的技术开发任务，完成技术预研、产品预研和跨领域的硬件开发任务。5、根据研发流程的要求，...,工业自动化,http://jobs.zhaopin.com/CC134263690J40800003207.htm,1000-9999人,2025-10-13 14:54:41
高级机械工程师-自动化 (MJ000020),深圳,大族数控,本科,5-10年,高精密设备,2-4万,工作职责：1、负责新产品研发，主导及确定加工工艺路线，进行方案预研，细化各项设计指标，撰写预研报告，组织评审，开展机械设计；2、对已有产品进行技术拆解、改良及创新升级、做可行性分析验证测试；3、围绕行业痛点进行深度研究、负责攻坚机械技术难关，解决关键技术问题；4、对设计的结构进行相关的热效应、应力有限元分析和稳定性分析，根据结果优化结构设计，撰写分析报告；5、机械图纸出图，BOM制定以及相关分析、...,电气机械/电力设备,http://jobs.zhaopin.com/CC334402310J40837702802.htm,1000-9999人,2025-10-13 13:40:02
通信设备硬件工程师,深圳,成都天锐星通科技股份有限公司,硕士,3-5年,,2-4万,Ø 岗位描述① 基于产品需求进行通信硬件方案设计，包括元器件选型（如射频芯片、处理器、存储器）、原理图绘制与评审；② 指导PCB Layout设计，制定Layout规范，进行 PCB 设计审核；③ 负责硬件原型机制作、调试与测试，使用示波器、频谱分析仪等工具进行信号测试与分析，解决硬件故障（如电磁兼容、电源纹波）；④ 输出硬件设计文档、BOM 清单与测试报告，配合生产部门进行量产支持，提供售后技术...,电子/半导体/集成电路,http://jobs.zhaopin.com/CC336169030J40792240609.htm,100-299人,2025-09-30 15:26:05
高级硬件工程师(J10093),深圳,卡莱特云科技股份有限公司,硕士,5-10年,"设计,PCB设计,硬件开发,高速信号,瑞芯微",3-4万·15薪,岗位职责: 1、参与分析产品需求，设计产品的硬件方案，评估硬件开发的可行性，以及器件选型与成本控制； 2、根据产品开发需求，负责硬件设计文档编写、原理图设计、指导检查PCB Layout设计、BOM等工程资料制作；解决硬件设计中的关键问题和技术难题； 3、负责板级测试和验证，协助程序调试；参与产品系统联调、测试、试产等验证过程，解决相关硬件问题； 4、负责产品硬件的优化和维护，以及其他硬件相关的工...,电子/半导体/集成电路,http://jobs.zhaopin.com/CC462571410J40761437211.htm,1000-9999人,2025-09-26 17:38:31
硬件研发岗,深圳,歌尔股份,本科,5-10年,设计,2-4万,岗位职责:1、方案评估：根据功能需求，对各平台以及功能模块进行评估测试，输出最佳的方案选择；根据评估结果，进行汇总整理输出可行性评估报告，为方案评估提供依据作为备案；2、电路设计：根据功能需求以及平台的选择，对各功能模块进行设计，输出电路图；根据电路图整理BOM，进行核价，为成本评估做参考；根据电路图组织评审，协助完成PCB layout；输出下发BOM，贴片图纸等文件；3、电路测试：编写半成品，...,电子/半导体/集成电路,http://jobs.zhaopin.com/CC132726540J40621425906.htm,10000人以上,2025-09-22 12:32:53
硬件系统工程师-深圳,深圳,贵州华鑫信息技术有限公司,本科,5-10年,,2-4万,【工作职责】1、与客户、解决方案等持续对接，收集诉求，完成硬件领域需求分析和分解。2、按照车载开发流程，开展系统总体方案、单板硬件/工程领域/软硬件交互等关键方案设计，完成辅助驾域驶控制器的硬件系统设计。3、完成功能安全、车载可靠性、DFX、DFMEA、WCCA等设计和评审，并主导关键技术问题攻关，实现产品高质量交付。4、跟踪业界先进技术进展、开展竞品分析，能够对技术和行业进行价值判断、方向把握，...,电子/半导体/集成电路,http://jobs.zhaopin.com/CCL1437311080J40890267615.htm,100-299人,2025-09-19 22:34:45
高级硬件工程师（智慧能源控制盒/工业物联网网关方向）,深圳,TCL实业控股股份有限公司,本科,3-5年,"光伏户储,海外项目经验,英语工作语言",2.5-4万·13薪,岗位职责：1.全面主导控制盒硬件架构设计及产品落地，包含原理图、PCB、器件选型、BOM 等产品化工作，硬件支持多路能源端口（含光伏输入2/储能接口2/电网3/负载5等）2.主导设计家庭能源网关、工商业能源管理控制器等硬件架构，支持Zigbee 3.0/BLE Mesh/Wi-SUN/RS485/CAN等多协议通信3.开发多模式切换电路，设计 AC/DC、DC/DC 电源模块，满足光伏、储能、电网...,通用设备制造,http://jobs.zhaopin.com/CC830981590J40813952605.htm,10000人以上,2025-09-19 10:03:17
硬件开发工程师,深圳,深圳市新凯来技术有限公司,本科,5-10年,"研发,硬件开发,原理图",2.5-4万·16薪,岗位职责：1、负责高精度电路、精密运动控制电路或精密传感器模组等方向的硬件方案设计、原理图设计、试制和调测等；2、负责硬件开发过程中的生产问题、产品应用问题和可靠性问题的分析和解决；岗位要求：1、机械、材料、传感器、物理、微电子等相关专业；2、熟悉模拟电路、数字电路和常见驱动电路设计，电路基础知识扎实；3、有仪器设备、工业控制、PC、嵌入式系统、自动驾驶、智能终端等硬件设计及问题定位经验优先；4、...,电子/半导体/集成电路,http://jobs.zhaopin.com/CCL1362239030J40870782515.htm,1000-9999人,2025-09-17 16:29:54
硬件工程师（光伏）(J10952),深圳,英威腾,本科,3-5年,"硬件测试,光伏逆变器,储能硬件,PCB LAYOUT",2-4万,岗位职责: 1、负责逆变器硬件方案，拓扑选型设计； 2、负责逆变器的原理图设计和指导PCB工程师完成PCB Layout； 3、负责相关元器件的选型和磁性元器件的设计； 4、负责逆变器项目的调试工作； 5、协助项目经理推动产品转量产相关工作； 任职要求: 1、本科及以上学历，专业：电力电子，电气工程及其自动化、自动化等专业；2年以上电力电子相关工作经验； 2、熟悉各种电力电子元器件的特性和应用； ...,工业自动化,http://jobs.zhaopin.com/CC134263690J40532211407.htm,1000-9999人,2025-09-17 15:27:20
（精密机械）高级机械工程师,深圳,大族数控,本科,3-5年,"研发,设计,精密设备,机床设备",2.5-4万,高精度机械，中级机械研发工程师也在招聘（15-25K）工作职责：1、参与新产品研发，加工工艺路线设计，进行方案预研，细化各项设计指标，撰写预研报告，开展相关机械设计；2、对已有产品进行技术拆解、改良及创新升级、做可行性分析验证测试；3、负责核心机械功能部件的供应资源搜集及产品技术指标分类评级；4、机械图纸出图，BOM制定以及相关分析、设计文档的撰写；5、编制测试方案，对产品样机进行相关测试，根据结...,电气机械/电力设备,http://jobs.zhaopin.com/CC334402310J40820074002.htm,1000-9999人,2025-09-12 15:22:44
精密机械结构工程师,深圳,深圳市新凯来技术有限公司,本科,经验不限,"非标设备,精密设备,特种设备",2-4万,岗位职责：1、从事精密机械平台及相关部件的设计与开发工作，负责机械总体方案、机械结构设计、加工工艺、仿真分析、公差分析等；2、负责精密机械零件加工工艺指导和质量控制，设备机械部件的精密装配与测试测量，配合各模块研发人员完成产品总装与调试等；3、负责识别、分析精密设备结构的设计需求，基于需求给出稳定、可靠的结构设计方案。4、负责精密设备系统中的机械结构设计和装配设计，保证相关模组的角度和位置装配精度...,电子/半导体/集成电路,http://jobs.zhaopin.com/CCL1362239030J40851657915.htm,1000-9999人,2025-09-16 14:24:19
电源硬件工程师,深圳,青岛锐欣创唯管理咨询有限公司,本科,5-10年,"磁性元件选型与定制,两轮电动车及大单体电芯直接逆变器",2-4万·13薪,【工作职责】： 1.负责设计和仿真高效升压/降压/双向拓扑结构(支持大电流和高压);2.负责磁性元件选型与定制(电感、变压器):尺寸、损耗、饱和电流;3.负责分析系统功率路径、电流路径与热分布;4. 撰写拓扑说明书、效率分析报告、失效模式分析(FMEA)。5.与结构、热设计、测试、生产工艺等团队闭环协作，实现整机系统可靠性。【任职要求】： 本科以上学历，最好有两轮车的开发经验。,咨询服务,http://jobs.zhaopin.com/CCL1200073710J40781841109.htm,20人以下,2025-09-09 17:24:28
机械专家/高工 (MJ000529),深圳,大族数控,本科,5-10年,"研发,设计,制图设计,结构设计,非标设备,精密设备,机床设备,SolidWorks,AutoCAD",2-4万,岗位职责：1、根据客户需求，负责新机型的开发，包括整机方案设计、细化和图纸绘制；2、负责现有机型的改进和优化创新，升级项目；3、负责自动化方案设计和实施；4、对采购、生产或装配过程中技术疑难问题的指导及支持；5、协助售后处理机器在客户端发生的机械问题。任职资格：1、本科及以上学历，机械相关专业；2、8年以上精密机械设备整机设计制造经验，精通自动化设备设计制造者优先；3、熟悉机械设计原理，具备精密意...,电气机械/电力设备,http://jobs.zhaopin.com/CC334402310J40817310002.htm,1000-9999人,2025-09-11 15:27:55
高级硬件工程师（逆变器 储能）,深圳,科士达,本科,5-10年,"硬件开发,逆变器,储能",2-4万·15薪,工作职责:1、负责逆变器原理图设计、电路仿真，器件选型与设计等；2、负责设计验证测试，测试问题解决，样机调试；3、负责BOM制作，物料承认，相关技术文档输出及积累；4、负责技术支持和转产协调任职资格:1、本科及以上学历，电力电子、自动化、电子信息工程等相关专业，扎实的电力电子专业理论基础；2、五年以上逆变器开发经验，熟悉磁性元件、EMI、安规、热流，熟悉逆变器行业国家及国际标准；3、熟悉产品开发流...,电子/半导体/集成电路,http://jobs.zhaopin.com/CC120731350J40466557911.htm,1000-9999人,2025-09-08 00:03:21
机械工程师,深圳,深圳市新凯来技术有限公司,本科,3-5年,研发,2-4万·15薪,岗位职责：1、从事半导体设备精密机械平台设计与开发工作，负责机械总体方案、机械结构设计以及3D/2D绘图，负责机械结构分析与运动学、动力学求解、减振设计、公差分析等；2、突破超精密加工和装配工艺瓶颈，挑战工程极限，打造领先的超精密运动机械产品。 岗位要求： 1、材料、机械、力学、光学工程等相关专业；,电子/半导体/集成电路,http://jobs.zhaopin.com/CCL1362239030J40726470615.htm,1000-9999人,2025-09-06 10:52:21
硬件工程师,深圳,深圳市优优绿能股份有限公司,本科,3-5年,"储能,OBC,电源开发",2-4万·15薪,工作内容： 　　 1、参与产品研发计划的制定，并按产品研发计划保质保量按时完成自己所担负的产品硬件研发任务; 2、负责产品的硬件设计，编制相关的技术文件，在设计过程中贯彻相关设计要求; 3、按部门要求在项目进行到一定阶段时及项目完成时备份相关程序，编制硬件技术文件并提交归档; 4、配合质量部管理体系的要求，规范化进行研发工作并配合质量审查; 5、配合生产部在进行硬件产品的生产和样机试制过程时予以协...,新能源,http://jobs.zhaopin.com/CC321266680J40730015202.htm,500-999人,2025-09-03 16:33:41
硬件工程师 /高级硬件工程师（光储充）,深圳,科士达,本科,5-10年,"逆变器,组串,光储充",2-4万·15薪,岗位职责:1、负责逆变器/储能等产品原理图设计、电路仿真，器件选型与设计等；2、负责设计验证测试，测试问题解决，样机调试；3、负责BOM制作，物料承认，相关技术文档输出及积累；4、负责100kw-320kw组串逆变器的研发、测试及管理，技术支持和转产协调，支持产品问题解决协调研发、生产、销售相关工作任职资格:1、本科以上学历，电力电子、自动化、电子信息工程等相关专业；2、5年以上大功率光伏逆变器研...,电子/半导体/集成电路,http://jobs.zhaopin.com/CC120731350J40446654411.htm,1000-9999人,2025-09-03 00:00:02
